contract_id,citation,clause_id,clause_name,label,gold,pred,prob_cat1,prob_cat2,reasoning_cat1,reasoning_cat2,ok
610FSupp2d1129_144_pages,610 F.Supp.2d 1129,pos1,"Article IV, Section 1 — Termination of Agreement (para. A)",POSITIVE,risky_cat1,risky_cat2,0.2,0.62,"Standing alone the wording is definite and mechanical: an identified party ('Core Physician'), an identified right ('may terminate this Agreement'), an express standard ('without cause'), a fixed period ('ninety (90) days'), a required form ('prior written notice') and a named recipient ('County'). No term carries two reasonable meanings; 'without cause' is a term of art whose whole function is to remove any cause inquiry. There is no general catch-all sitting against enumerated specifics. The only intrinsic oddity is that the paragraph is labelled 'A' with no 'B', but a lettering stub is not itself a lexical or scope ambiguity.","Read against the rest of the instrument this provision will not sit still. Article IV is captioned 'TERMINATION AND CORRECTIVE ACTION' and this is its entire section 1; section 2 is missing from the instrument and section 3 then presupposes 'the decision to impose corrective action or terminate for cause' - a decision no operative provision of this Agreement authorises anyone to make. So the only express termination right in the article captioned for termination runs one way, to the physician, while the County's termination rights surface piecemeal and on inconsistent terms elsewhere: Art. V sec. 6 (immediate termination for a pre-existing conflict of interest), Art. V sec. 13 (Agreement 'may be immediately terminated', agent unnamed, on restriction of privileges) and Art. V sec. 15 (30 days' notice on non-appropriation). Against Art. I sec. 1's fixed five-year term to October 4, 2007 and Art. V sec. 11's cumulative-remedies reservation to County, a court must decide whether the County has any at-will or for-cause termination power at all, and if so on what notice - exactly the kind of gap that cannot be harmonised by reading the instrument as a whole.",1
610FSupp2d1129_144_pages,610 F.Supp.2d 1129,pos2,"Article V, Section 11 — Enforcement of Remedies",POSITIVE,risky_cat1,risky_cat2,0.4,0.5,"Two intrinsic features. First, the clause closes an enumeration with an open catch-all: 'by law or in equity or by statute or otherwise' - 'or otherwise' has no ascertainable boundary once law, equity and statute are already named, and invites the ejusdem generis / expressio unius dispute. Second, and more sharply, the drafting is entirely one-directional: it preserves and accumulates rights and remedies 'conferred on or reserved to County' only, and says nothing about the physician's remedies, so any genuine ambiguity in its reach would ordinarily be resolved against the County as drafter. The clause also assumes a stock of remedies 'herein conferred on or reserved to County' whose content it never identifies.","The premise of the clause is that the Agreement confers remedies on County, but Article IV - the article devoted to termination and corrective action - confers no express remedy or termination right on County at all (sec. 1.A runs only to the physician, and sec. 2 is absent), so the phrase 'herein conferred on or reserved to County' is partly without referent. Worse, 'may be enforced concurrently or from time to time' pulls directly against Art. IV sec. 3, which channels 'the decision to impose corrective action or terminate for cause' into the Faculty Practice Board's 'Corrective Action and Termination Review Process' or the medical staff bylaws, 'whichever is applicable': one provision says County may pursue every remedy concurrently and at will, the other conditions the principal remedies on a mandatory review-and-appeal procedure. It also sits uneasily with Art. V sec. 4, which forbids construing any provision against its drafter while sec. 11 is drafted wholly in County's favour, and it overlaps Art. V sec. 17's non-waiver reservation without either yielding to the other.",1
610FSupp2d1129_144_pages,610 F.Supp.2d 1129,neg1,Recital A,NEGATIVE,not_risky,not_risky,0.12,0.25,"A short recital of statutory authority. 'Specially trained persons' is a phrase lifted from Government Code section 31000 rather than an operative standard, and the recital imposes no duty whose boundary would need policing. No named term is fairly susceptible of two meanings and there is no general/specific list tension.","There is a mild recital-versus-operative pull: section 31000 authority is the County's power to 'contract with specially trained persons' for services, whereas Art. V sec. 10 provides that 'Core Physician shall be employed by the County of Kern' and Art. III supplies County-employee health, leave, pension and Kern$Flex benefits - an employment relationship rather than a procurement of outside services. Because the recital merely cites the enabling statute and does not characterise the relationship, the tension is thin and a court would harmonise it via the preamble's 'contract employee' label.",1
610FSupp2d1129_144_pages,610 F.Supp.2d 1129,neg2,Recital B,NEGATIVE,not_risky,not_risky,0.15,0.28,"A statement of need. 'Unavailable from County resources' is a factual predicate for entering the contract, not a term on which any obligation turns, so its imprecision has no operative bite. Nothing in the wording requires a boundary line to be drawn.","Recital B recites that the services are 'unavailable from County resources', while the operative text makes the physician a County employee (Art. V sec. 10), pays him biweekly on the County payroll with withholding (Art. II sec. 1), enrols him in the County pension plan (Art. III sec. 5) and assigns him a County department chairmanship (Exhibit A) - i.e. the services become a County resource. This is the recital/operative-terms pattern, but recitals do not control operative terms and nothing in Articles II-V depends on the recital's accuracy, so the risk stays below the flag.",1
610FSupp2d1129_144_pages,610 F.Supp.2d 1129,neg3,Recital C,NEGATIVE,not_risky,not_risky,0.08,0.12,"A qualifications recital plus the 'NOW, THEREFORE' transition. Every element is verifiable and definite - special training, knowledge and experience, California licensure, qualification to render medical services. No ambiguous term to name.",Consistent with Art. V sec. 8 (must at all times meet state and federal licensure) and sec. 13 (proof of current California license and DEA certificate before performing duties). I found no provision the recital contradicts.,1
610FSupp2d1129_144_pages,610 F.Supp.2d 1129,neg4,"Article I, 1. TERM",NEGATIVE,not_risky,not_risky,0.15,0.3,"Dates, a contract number and a fixed end date - as definite as drafting gets. The only intrinsic wrinkle is that the same date, October 5, 2002, both terminates the prior agreement and commences this one, which is deliberate rather than ambiguous.","The preamble states the Agreement was 'made and entered into this 12th day of NOVEMBER, 2002', yet this section makes it effective October 5, 2002, and the Personnel Director's execution block is dated 9.18.02 - three inconsistent dates across the instrument. Retroactive effectiveness is common and easily harmonised, and no obligation keyed to the execution date turns on the difference, so this stays a drafting untidiness rather than an irreconcilable inconsistency. Art. III sec. 1 separately decouples benefit accrual from 'the date of this Agreement', which reduces the practical friction.",1
610FSupp2d1129_144_pages,610 F.Supp.2d 1129,neg5,"Article I, 2. SERVICES",NEGATIVE,not_risky,not_risky,0.1,0.22,"A one-line incorporation clause. 'Services as set forth in Exhibit A' identifies a specific, attached, named document and expressly makes it part of the Agreement. No vague or double-meaning term.","The clause itself is consistent, but what it incorporates is not perfectly consistent with the body: Exhibit A's introduction and sec. 6 require 48 hours per week, whereas Art. II sec. 1.A defines the compensated commitment as full-time 'but no less than forty [40] hours per week'. The incorporation clause is the conduit for that tension rather than its source, and 'no less than 40' can be read to accommodate 48, so I keep this low.",1
610FSupp2d1129_144_pages,610 F.Supp.2d 1129,neg6,"Article II, 1. SALARY (BASE)",NEGATIVE,not_risky,not_risky,0.42,0.35,"Two nameable intrinsic defects. (i) 'full-time (i.e., according to AMA survey data for specialty but no less than forty [40] hours per week)' defines the central measure of the physician's commitment by reference to unidentified external survey data - which AMA survey, which year, which metric - so the parenthetical purporting to define 'full-time' leaves its own boundary unascertainable beyond the 40-hour floor. (ii) The clause then says County will withhold taxes 'from said daily compensation' when the compensation just fixed is biweekly and annual; 'daily compensation' has no antecedent in the Agreement. The dollar figures themselves are definite and internally consistent ($287,529 x 5 = $1,437,645).","'The maximum payable under this Agreement shall not exceed $1,437,645' sits awkwardly beside Art. II secs. 4 and 5, under which net professional fees and other income are also routed through the County clearing account and 'paid monthly as wages' to the physician - payments made under this Agreement that would exceed the stated maximum. The introductory words 'the following base compensation' supply a workable harmonisation (the cap governs base salary only), so this is reconcilable. The 40-hour reference also pulls against Exhibit A sec. 6's 48-hour standard workweek and 2112-hour annual objective. Real friction, but each point has an available reconciliation.",1
610FSupp2d1129_144_pages,610 F.Supp.2d 1129,neg7,"Article II, 2. OVERALL COMPENSATION STRUCTURE",NEGATIVE,not_risky,not_risky,0.3,0.3,"Mostly architectural and definite (clearing account, Plan Administrator, Faculty Practice Board, three named income streams expressly defined as 'total Core Physician compensation'). Two softer spots: F(3) caps the administrative assessment at one percent only 'during the first two years of this Agreement', leaving the cap for years three to five unstated while F(1) lets the Board set the rate annually - a scope gap rather than a competing meaning; and G excludes coverage for conduct that does 'not arise directly from the performance of this Agreement', where 'arise directly' is a familiar but imprecise causal boundary. Neither rises to the 'premises/person/occupy' level of genuine dual meaning.","G promises defence and indemnity 'to the same extent as would be afforded to a regular full-time County employee', which coexists with Art. V sec. 10's disclaimer that the physician is not a classified employee and has no Civil Service rights - but sec. 10 disclaims civil-service status, not indemnity, and Art. III repeatedly benchmarks benefits to regular County employees, so the two harmonise. The Board-set assessment in F also interacts with Art. V sec. 14's writing requirement, though F is the specific provision and controls. No irreconcilable conflict identified.",1
610FSupp2d1129_144_pages,610 F.Supp.2d 1129,neg8,"Article II, 3. BASE SALARY (ITEMS INCLUDED AND METHOD OF PAYMENT)",NEGATIVE,not_risky,not_risky,0.28,0.3,"A.(5) 'other activities approved by the CEO of KMC and the Faculty Practice Board' is an open catch-all closing an enumerated list of four specifics, but it is bounded by a named approval mechanism, which is what saves it. The step structure ('A','B','C','D'), the three step-placement criteria and the full-effort-commitment criteria are all defined by reference to the KMC Faculty Practice Administrative Policies and Procedures Manual, so the clause is definite by reference rather than vague on its face.","'The base salary will be considered the minimum compensation that a Core Physician shall receive' coexists with Art. II sec. 1.A's biweekly figure and five-year maximum, and with sec. 1.C's requirement of a written amendment for any compensation adjustment - a floor plus a ceiling is coherent. The base salary is also stated to be 'in proportion to the Core Physician's full-effort commitment', measured by Board criteria in an external manual not attached to the Agreement, in some tension with Art. V sec. 22's entire-agreement clause covering 'all attachments hereto'. Reconcilable; the manual is referenced consistently throughout Article II.",1
610FSupp2d1129_144_pages,610 F.Supp.2d 1129,neg9,"Article II, 4. PROFESSIONAL FEES",NEGATIVE,not_risky,not_risky,0.25,0.3,"The clause supplies its own definition ('professional fees include all professional fee collections or payments associated with direct patient care') and then a step-by-step waterfall: gross fees to the clearing account, less assessment, less overhead per a Board-approved formula, less an optional departmental pool, balance paid monthly as wages. Each deduction is identified and ordered. 'Associated with direct patient care' is the softest phrase but is anchored by the sec. 5 'other income' counterpart.","Consistent with Art. II sec. 2.B-C (three income streams, clearing account), sec. 2.F (assessment), sec. 9 (departmental pool) and Art. III sec. 9.D (which cross-refers back to this section for expense reimbursement). The requirement that 'each Core Physician or practice group will have a separate tax identification number' fits oddly with a physician whose receipts are paid as County wages under Art. V sec. 10, and the monthly fee payments arguably strain Art. II sec. 1.A's 'maximum payable under this Agreement'; both are reconcilable by reading the sec. 1.A cap as a base-salary cap.",1
610FSupp2d1129_144_pages,610 F.Supp.2d 1129,neg10,"Article II, 5. OTHER INCOME",NEGATIVE,not_risky,not_risky,0.35,0.3,"Here the general/specific tension is genuine and nameable: 'income generated due to the individual's status as a physician, which includes, but is not limited to, royalties, grants, speaker fees, professional witness fees, and other nonprofessional fees'. The residual 'other nonprofessional fees' is defined by negation of 'professional fees', a term Art. II sec. 4 defines by a different criterion (association with direct patient care), so the boundary between the two buckets - and therefore which waterfall applies - is not cleanly drawn; and the antecedent 'status as a physician' is itself an open-ended qualifier. Still, the enumeration gives a court a workable ejusdem generis anchor.","Listing 'professional witness fees' as the physician's own other income runs up against Art. V sec. 2, which requires him to testify 'as an expert witness or otherwise' at no cost to County; the two are reconcilable because sec. 2 is confined to litigation against County or KMC. C's CMERF carve-out is a clean, specific exception to the assessment in Art. II sec. 2.F. No direct contradiction found.",1
610FSupp2d1129_144_pages,610 F.Supp.2d 1129,neg11,"Article II, 6. PRACTICE GROUPS",NEGATIVE,not_risky,not_risky,0.18,0.25,"Definite allocation of responsibility: practice groups contract with KMC, that contract defines responsibilities and funds flow, and the group bears its own overhead with County expressly not responsible for the amounts claimed. 'Predetermined instructions' is loose but the sentence that follows assigns the policy-setting role to the practice groups, closing the gap.","Consistent with Art. II sec. 4 (practice-group billing and distribution) and sec. 7 (sole practitioners). The provision is largely inapplicable to this physician, who is a County contract employee under Art. V sec. 10 rather than a member of a practice group, but inapplicability of a plan-wide provision is not incoherence - Art. II sec. 8 supplies the residual category that fits him.",1
610FSupp2d1129_144_pages,610 F.Supp.2d 1129,neg12,"Article II, 7. SOLE PRACTITIONERS",NEGATIVE,not_risky,not_risky,0.18,0.25,"Self-defining ('sole practitioners are Core Physicians who are sole proprietors or have their own professional corporation') and definite as to who bears billing costs and overhead. B leaves the 'other overhead amount for use of space, supplies and personnel' to negotiation with the CEO, which is an agreed process rather than an ambiguous term.","Fits the Art. II sec. 4.C overhead-return mechanism and parallels sec. 6 for practice groups. B's negotiation with the CEO of KMC coexists with Art. V sec. 3 (physician has no authority to bind County), since the CEO is the County-side negotiator, not the physician. Like sec. 6, it simply does not describe this physician's status; no conflict.",1
610FSupp2d1129_144_pages,610 F.Supp.2d 1129,neg13,"Article II, 8. OTHER CORE PHYSICIANS",NEGATIVE,not_risky,not_risky,0.15,0.2,"A single residual-category sentence built from three cumulative conditions (not in a practice group, not a sole practitioner, practising exclusively at KMC-owned or -contracted sites) with one consequence (bears billing cost as negotiated with the billing service). Definite.","This is the category that actually fits this physician, and it dovetails with Art. II sec. 4.A's requirement that the billing company be pre-approved by the Faculty Practice Board. No provision contradicts it.",1
610FSupp2d1129_144_pages,610 F.Supp.2d 1129,neg14,"Article II, 9. DEPARTMENTAL POOL",NEGATIVE,not_risky,not_risky,0.15,0.2,"Mechanically specified: departmental opt-in by simple majority, yearly, funded by net professional fees, criteria and percentage set by the Department with Faculty Practice Board approval, distributed quarterly as wages and taxed. 'Activities not recognized by other parts of this compensation plan' is the vaguest phrase but functions descriptively, not as an operative boundary.","Matches Art. II sec. 4.D (optional departmental pool as a deduction from gross fees) and sec. 4.E's 'net professional fees collected' terminology. One small wrinkle: sec. 4.D describes the pool as a percentage of 'remaining gross professional fees collected' while this section funds it from 'net professional fees' - a terminological mismatch in the waterfall, not a substantive contradiction.",1
610FSupp2d1129_144_pages,610 F.Supp.2d 1129,neg15,"Article III, 1. EFFECTIVE DATE OF BENEFITS",NEGATIVE,not_risky,not_risky,0.2,0.22,"One sentence with a clear rule: benefit-accrual date is the date of first continuous employment by KMC, not the date of this Agreement. 'First continuously employed' requires a factual determination but is not susceptible of two competing legal meanings.","This is the provision that harmonises the instrument rather than disturbing it: it explains Art. I sec. 1's termination of the 2000 agreement, Art. III sec. 3.B-C's carry-over of accrued vacation and sick leave for a physician 'presently employed by the County of Kern', and sec. 3.C's five-year sick-leave step. The only friction is Art. III sec. 3.D, which keys education leave to 'the effective date of the Core Physician's employment contract' and its anniversaries rather than to the first-continuous-employment date.",1
610FSupp2d1129_144_pages,610 F.Supp.2d 1129,neg16,"Article III, 2. HEALTH INSURANCE",NEGATIVE,not_risky,not_risky,0.15,0.25,"Definite: named coverages (medical, dental, vision), a benchmark (as provided to other regular County employees of KMC), a specific cost-share keyed to a specific date (20 percent for those first hired after April 15, 1997), and an express statement that County changes tracking other employees are not a breach. No term needing construction.","The unilateral-change permission has to be read with Art. V sec. 14 ('may be modified in writing only, signed by the parties') and sec. 22 (no modification without writing). The provision anticipates the point by stipulating that such a change 'shall not be a breach of this Agreement', which is the standard harmonisation - a benchmarked benefit that moves is not an amendment of the benchmark. Same pattern as Art. III secs. 3.A, 4, 7 and 8.",1
610FSupp2d1129_144_pages,610 F.Supp.2d 1129,neg17,"Article III, 3. PAID LEAVE OF ABSENCE",NEGATIVE,not_risky,not_risky,0.18,0.28,"Unusually precise for a leave clause: per-pay-period accrual rates (6.15, 2.46, 3.07 hours), annual maxima (160, 64, 80), accumulation caps (320, 1152), express payout rules on termination (vacation paid, sick leave and education leave not), and a stop-accrual rule at the cap. The arithmetic is internally consistent (6.15 x 26 = 160; 2.46 x 26 = 64; 3.07 x 26 = 80). No ambiguous term to name.","D keys education leave to 'the effective date of the Core Physician's employment contract' and successive anniversaries, which does not sit perfectly with Art. III sec. 1's rule that the date for receiving and accruing Article III benefits is the date of first continuous KMC employment, and the instrument carries three candidate dates (November 12 execution, October 5 effective, 9.18.02 Personnel signature). B and C are expressly reconciled with sec. 1 through the 'presently employed by the County of Kern' carry-over language, and the leave totals are broadly consistent with Exhibit A sec. 6's 2112-hour annual objective against a 48-hour week.",1
610FSupp2d1129_144_pages,610 F.Supp.2d 1129,neg18,"Article III, 4. UNPAID LEAVE OF ABSENCE",NEGATIVE,not_risky,not_risky,0.15,0.22,"Short and benchmarked: the right to unpaid leave 'provided to other regular County employees of KMC pursuant to County policy', with an express no-breach rule for policy changes. The content is delegated to an identified external source rather than left vague.","Same unilateral-change structure as Art. III secs. 2, 3.A, 7 and 8, and the same interaction with Art. V secs. 14 and 22, neutralised by the express 'shall not be a breach' language. It also coexists with Art. V sec. 10's disclaimer of classified-employee status, since the clause borrows the policy as a measure rather than conferring civil-service rights.",1
610FSupp2d1129_144_pages,610 F.Supp.2d 1129,neg19,"Article III, 5. RETIREMENT PLAN",NEGATIVE,not_risky,not_risky,0.28,0.38,"Extremely specific: named plan, percentages (3.1 and 12.5), a full fixed-dollar contribution table with numeric Compensation bands, an IRC section 415(c)(1) cap, identified transition rules by section number, and an express excess-contribution correction. The soft edges are in C - a substitute structure 'designed to maximize benefit to Core Physician on a cost-neutral basis to County' offers no measurable standard - and the repeated deference to the Plan Document 'as from time-to-time amended', but each is a delegation with an identified decision-maker rather than a word with two meanings.","This is the clearest candidate for relationship risk in the instrument. A and B state that 'any changes in the Plan Document will control the terms of this Agreement', and C reserves to County the right to 'substitute another contribution structure' which 'shall control the terms of this Agreement' - three unilateral amendment powers over Agreement terms, against Art. V sec. 14 (modification 'in writing only, signed by the parties in interest') and Art. V sec. 22 (no modification effective other than as recited). B also reduces County's stated $17,500 contribution by administrative costs, in tension with its own fixed-dollar promise. A court would likely treat the specific pension provisions as controlling over the general amendment clause, which is why I stop short of a flag.",1
610FSupp2d1129_144_pages,610 F.Supp.2d 1129,neg20,"Article III, 6. SOCIAL SECURITY AND MEDICARE TAXES",NEGATIVE,not_risky,not_risky,0.22,0.28,"Two declaratory sentences with a specific statutory basis and a specific cut-off date (March 31, 1986). The characterisation of the Kern County Pension Plan as 'a qualified alternative to the insurance system established by the federal Social Security Act' is a legal conclusion rather than an ambiguous term, and 'Social Security taxes' versus 'Medicare taxes' are conventionally distinguished.","There is surface friction with Art. II sec. 1.A, which has County paying 'the Employer's portion of the hospital insurance portion of Social Security (""FICA 2"")' while this section declares the physician exempt from Social Security taxes. The two reconcile once 'hospital insurance' is read as the Medicare component - which is exactly why the 1986 carve-out is limited to Medicare - so the instrument hangs together: a post-1986 hire pays Medicare, County pays the employer share, and OASDI is displaced by the pension plan. Art. III sec. 5.E's exclusion from other County retirement plans is consistent.",1
610FSupp2d1129_144_pages,610 F.Supp.2d 1129,neg21,"Article III, 7. DEFERRED COMPENSATION PLAN",NEGATIVE,not_risky,not_risky,0.12,0.2,"Eligibility benchmarked to full-time County employees in a named plan, with an express no-breach rule for plan changes. Nothing vague or double-edged.","Parallel in form to Art. III secs. 2, 4 and 8 and subject to the same Art. V secs. 14/22 amendment-clause interaction, expressly defused by the no-breach sentence. Art. III sec. 5.E excludes other retirement plans but names the Kern County Employees' Retirement Association and retirement plans, not the Deferred Compensation Plan, so no conflict.",1
610FSupp2d1129_144_pages,610 F.Supp.2d 1129,neg22,"Article III, 8. KERN$FLEX PLAN",NEGATIVE,not_risky,not_risky,0.12,0.2,"Same clean structure as the deferred compensation clause: named plan, benchmarked eligibility ('eligible County employees'), express no-breach rule for changes. No term requiring construction.",Consistent with the other Article III benchmarked-benefit provisions and with Art. V secs. 14 and 22 for the reasons given there. No provision of the Agreement contradicts Kern$Flex eligibility.,1
610FSupp2d1129_144_pages,610 F.Supp.2d 1129,neg23,"Article III, 9. EXPENSE REIMBURSEMENT",NEGATIVE,not_risky,not_risky,0.3,0.3,"Mostly definite, with named caps ($2,500 per year; $20,000 moving) and a specific three-bid, lowest-bid, invoice-supported procedure. Two soft points: 'approved and necessary expenditures' appears in both A and B without saying who approves or by what standard; and A's cap sentence shifts vocabulary to 'expenses and materials not to exceed $2,500 per year', so whether the cap covers all of A's seminar fees, travel and study materials or only the narrower 'expenses and materials' is not cleanly resolved.","A imposes a $2,500 annual cap on continuing-education reimbursement while B provides uncapped reimbursement for 'education and training as directed by KMC' - a real question whether the cap is circumvented by directing the training, though the elective/directed distinction is a sound harmonisation. D and E cross-refer accurately to Art. II secs. 4 and 5. C's Philadelphia-to-Bakersfield relocation coexists with the Art. V sec. 18 notice address in Valencia, California, which is odd but not operative.",1
610FSupp2d1129_144_pages,610 F.Supp.2d 1129,neg24,"Article IV, 3. REVIEW AND APPEAL PROCESS",NEGATIVE,not_risky,not_risky,0.35,0.45,"The nameable defect is 'whichever is applicable'. The clause offers two alternative review tracks - the Faculty Practice Board policy titled 'Corrective Action and Termination Review Process' and the medical staff bylaws - without any criterion for choosing between them, so the provision that is supposed to supply the procedure leaves the choice of procedure undetermined. The named policy title and the bylaws are at least specifically identified, which limits the vagueness.","This section reviews and appeals 'the decision to impose corrective action or terminate for cause', but no operative provision of this instrument authorises corrective action or for-cause termination: Article IV contains only sec. 1.A, the physician's without-cause right, and sec. 2 is absent from the Agreement. The referenced decision has no source, so the appeal machinery hangs unattached - a whole-instrument gap, aggravated by Art. V sec. 13's separate immediate-termination trigger (privileges restricted) and Art. V sec. 11's reservation of concurrent cumulative remedies to County, which cuts against channelling anything through a mandatory review process. A court could still fill the gap from the medical staff bylaws incorporated by Art. V secs. 10 and 13, so I stop just short of a confident flag.",1
610FSupp2d1129_144_pages,610 F.Supp.2d 1129,neg25,"Article V, 1. ASSIGNMENT",NEGATIVE,not_risky,not_risky,0.15,0.2,"Two flat prohibitions with one qualified consent carve-out: no assignment or transfer of the Agreement or its obligations 'or any part thereof', and no assignment of money due without County's prior written approval. Standard and definite.","Consistent with Art. II sec. 4.E and sec. 5.B, which let the physician or his practice group direct the Plan Administrator as to distribution of net fees - direction of distribution is not an assignment, and in any event County's written approval mechanism accommodates it. Also consistent with Art. V sec. 14's writing requirement. No conflict found.",1
610FSupp2d1129_144_pages,610 F.Supp.2d 1129,neg26,"Article V, 2. ASSISTANCE IN LITIGATION",NEGATIVE,not_risky,not_risky,0.35,0.35,"'To testify as an expert witness or otherwise' is an unbounded catch-all attached to a single specific - on its face it could reach any form of assistance in any proceeding, and the section heading ('Assistance in Litigation') is expressly stripped of interpretive force by Art. V sec. 4. There is also an internal pull between 'at no cost to County' and the following sentence crediting the time as compensated administrative time. The named-party exception is clear.","The clause promises credit for 'administrative time as defined in the compensation plan', but Article II - the compensation plan - nowhere defines 'administrative time'; it refers only to 'administrative duties' in sec. 3.A(4) and to step-placement criteria located in an external manual. So the operative cross-reference points to a definition the instrument does not contain. It also sits beside Art. II sec. 5.A, which treats 'professional witness fees' as the physician's own other income, though sec. 2 is confined to litigation against County or KMC.",1
610FSupp2d1129_144_pages,610 F.Supp.2d 1129,neg27,"Article V, 3. AUTHORITY TO BIND COUNTY",NEGATIVE,not_risky,not_risky,0.15,0.25,"A single flat negative: no authority to bind County or KMC to any agreements or undertakings, in performance of 'any and all duties under this Agreement'. Broad but unambiguous - breadth in a disclaimer of authority narrows rather than expands the interpretive question.","Some friction with Exhibit A, which makes the physician department chairman and medical director of the laboratories, reviewing 'department budgets and major expenditures' and sitting on the Medical Executive Committee and Faculty Practice Board, and with Art. II sec. 7.B's negotiation of overhead. But each of those roles is either internal review or negotiation with the CEO on County's side of the table, and none purports to confer contracting authority, so the disclaimer harmonises.",1
610FSupp2d1129_144_pages,610 F.Supp.2d 1129,neg28,"Article V, 4. CAPTIONS AND INTERPRETATION",NEGATIVE,not_risky,not_risky,0.12,0.22,"Two standard interpretive directives, both definite: headings disregarded, and no contra proferentem because the Agreement is deemed jointly prepared. Nothing to construe.","It does real work elsewhere - it is what blunts a construe-against-the-drafter attack on the County-favouring provisions (Art. V sec. 11 cumulative remedies to County, sec. 17 waiver only by County's written consent), and it neutralises reliance on captions such as Article IV's 'TERMINATION AND CORRECTIVE ACTION' heading. Its 'jointly prepared' premise is reinforced rather than contradicted by Art. V sec. 20's bargaining recital. No conflict.",1
610FSupp2d1129_144_pages,610 F.Supp.2d 1129,neg29,"Article V, 5. CHOICE OF LAW/VENUE",NEGATIVE,not_risky,not_risky,0.1,0.15,"California law, performance in Kern County, venue in Kern County - three definite designations. No ambiguous term.","Coherent with the parties' identities and with Art. V sec. 8's California regulatory references (Title 22, FEHA, Cal-OSHA) and Art. II sec. 3.A's Welfare and Institutions Code citation. Nothing in the instrument designates a different forum or law.",1
610FSupp2d1129_144_pages,610 F.Supp.2d 1129,neg30,"Article V, 6. CONFLICT OF INTEREST",NEGATIVE,not_risky,not_risky,0.18,0.28,"Specific statutory citations (Government Code sections 1090 et seq. and 87100 et seq.), a definite representation of present unawareness, and a definite consequence keyed to a definite time ('if such a financial interest does exist at the inception of this Agreement'). 'Financial or economic interest' is a statutory concept with developed content.","This is one of the County's scattered termination rights ('County may immediately terminate this Agreement by giving written notice thereof'), which coexists uneasily with Article IV - the article captioned for termination, which confers no County termination right at all - and with Art. V sec. 13's separate immediate-termination trigger and sec. 15's 30-day non-appropriation notice. Read as cumulative under Art. V sec. 11, they can stand together; the resulting scatter is untidy rather than contradictory, and this clause's trigger is narrow and self-contained.",1
610FSupp2d1129_144_pages,610 F.Supp.2d 1129,neg31,"Article V, 7. COMPLIANCE WITH KMC AND COUNTY POLICIES",NEGATIVE,not_risky,not_risky,0.28,0.28,"The obligation to comply with 'all applicable KMC and County policies and procedures' is open-ended and delegated to documents the Agreement never identifies, and the conformance list is introduced by 'including, but not limited to' - a general catch-all against enumerated specifics (orientation, case conferences, supervision, in-service education, patients' rights functions, performance improvement). Against that, the specific duties (daily time sheets on KMC forms, submission to drug and laboratory testing and physical examinations) are entirely definite, and 'applicable' supplies some limit.","The unbounded policy incorporation has to be read with Art. V sec. 22, whose entire-agreement clause covers only 'all attachments hereto', and with Art. V sec. 10's disclaimer of classified-employee status and Civil Service protections. It coexists with the parallel incorporations of the medical staff bylaws (secs. 10, 13, 19) and the Faculty Practice manual (Art. II sec. 3.B), so incorporation by reference is the instrument's consistent method rather than an aberration. Daily time sheets also fit Exhibit A sec. 6's 2112-hour tracking objective.",1
610FSupp2d1129_144_pages,610 F.Supp.2d 1129,neg32,"Article V, 8. COMPLIANCE WITH LAW",NEGATIVE,not_risky,not_risky,0.22,0.22,"Structured general-then-specific: a general duty to comply with all applicable County, state and federal law, then 'including but not limited to' a list of named regimes (JCAHO, Title 22, EMTALA, Medi-Cal/Medicaid and Medicare billing rules, EEOC, HIPAA, FEHA, Cal-OSHA). Because the general term comes first and the list is expressly non-exhaustive, expressio unius has little purchase - the enumeration illustrates rather than limits. Definite closing licensure obligation.","Reinforces rather than disturbs the instrument: Recital C and Art. V sec. 13 on licensure, Exhibit A sec. 1.a-b on laboratory regulation and CAP/AABB accreditation, Exhibit A sec. 4.b on CMS documentation for professional fee billing, and Art. II sec. 4's billing structure. The only friction is with Art. V sec. 16's narrower enumerated discrimination list, since this section incorporates FEHA and EEOC standards that reach further.",1
610FSupp2d1129_144_pages,610 F.Supp.2d 1129,neg33,"Article V, 9. COUNTERPARTS",NEGATIVE,not_risky,not_risky,0.08,0.12,"Boilerplate counterparts clause; every element (any number of counterparts, each an original, all one instrument) is settled and definite.","Fits the multi-signature execution page (KMC CEO, Kern County Personnel, County Counsel, Board Chairman, physician) with its differing dates. No provision contradicts it.",1
610FSupp2d1129_144_pages,610 F.Supp.2d 1129,neg34,"Article V, 10. EMPLOYMENT STATUS",NEGATIVE,not_risky,not_risky,0.22,0.3,"Two definite propositions: the physician is employed by County pursuant to this Agreement and the KMC medical staff bylaws, and he is not a classified employee and has no rights under the Civil Service Ordinance, rules or regulations. 'Classified employee' is a term of art in county civil service systems; the acknowledgment form makes the intended effect plain.","The employee/non-classified line is drawn consistently but the instrument keeps pulling both ways around it: Art. II sec. 2.G promises defence and indemnity 'to the same extent as would be afforded to a regular full-time County employee', Article III benchmarks nearly every benefit to 'regular County employees of KMC', the preamble calls him a 'contract employee', and Recital A invokes Government Code section 31000 authority to contract with specially trained persons. These are reconcilable - benefits by benchmark, status by express disclaimer - and the loss of civil-service protections is what makes Article IV's termination gap matter, but sec. 10 itself states the position clearly.",1
610FSupp2d1129_144_pages,610 F.Supp.2d 1129,neg35,"Article V, 12. MEDICAL RECORDS",NEGATIVE,not_risky,not_risky,0.15,0.2,"Clear allocation of ownership to County, then a defined access right bounded by two stated purposes (meeting professional responsibilities to the patient; assisting in the defence of a malpractice or similar claim) and by compliance with legal requirements and confidentiality standards. 'Or similar claim' is a small catch-all but tethered to the specific it follows.","Consistent with Art. V sec. 8 (HIPAA compliance), sec. 2 (assistance in litigation) and Art. II sec. 4 (billing records maintained by the billing service and accounted to the Plan Administrator). County ownership of records does not collide with any other provision I could find.",1
610FSupp2d1129_144_pages,610 F.Supp.2d 1129,neg36,"Article V, 13. MEDICAL STAFF MEMBERSHIP",NEGATIVE,not_risky,not_risky,0.3,0.35,"The credentialing checklist (a)-(d) is definite. The defect-prone sentence is 'This Agreement may be immediately terminated if Core Physician's privileges/membership are modified or restricted' - drafted in the passive with no actor named, so who may terminate is left unstated, and 'modified or restricted ... such that services performed by Core Physician are limited or restricted' sets a threshold without a measure of materiality (any limitation, or one that defeats performance?).","This is a County termination right located outside Article IV, the article captioned 'TERMINATION AND CORRECTIVE ACTION', whose sec. 1 confers a termination right only on the physician and whose sec. 2 is missing. It operates immediately and without notice, unlike sec. 15's 30 days and Art. IV sec. 1.A's 90 days, and its trigger - bylaws action restricting privileges - is the very kind of decision Art. IV sec. 3 subjects to a review and appeal process, so termination could precede the appeal it presupposes. Art. V sec. 11's cumulative-remedies clause supports coexistence, which keeps this below a confident flag.",1
610FSupp2d1129_144_pages,610 F.Supp.2d 1129,neg37,"Article V, 14. MODIFICATIONS OF AGREEMENT",NEGATIVE,not_risky,not_risky,0.15,0.35,"One short sentence, entirely definite as to form (writing) and signatories (the parties in interest at the time of the modification). Nothing ambiguous to name.","The exclusivity of 'in writing only' is difficult to square with several provisions that let one side change Agreement terms unilaterally: Art. III secs. 5.A and 5.B ('any changes in the Plan Document will control the terms of this Agreement') and sec. 5.C (a County-substituted contribution structure 'shall control the terms of this Agreement'), plus Art. II sec. 2.F(1)'s annually Board-set assessment on compensation. The benchmarked-benefit clauses (Art. III secs. 2, 3.A, 4, 7, 8) are drafted to avoid the clash by stipulating that changes are 'not a breach', and the specific pension provisions would likely be held to control over this general clause - but the instrument does contain competing amendment mechanics, and Art. II sec. 1.C's written-amendment requirement for compensation only sharpens the contrast.",1
610FSupp2d1129_144_pages,610 F.Supp.2d 1129,neg38,"Article V, 15. NON-APPROPRIATION",NEGATIVE,not_risky,not_risky,0.28,0.28,"The notice period (30 days) and the carve-outs (services performed before termination; liability for existing default) are definite. The trigger is oddly constructed: termination is available where 'insufficient funds are appropriated or budgeted for this Agreement in any fiscal year due to closing of a clinical department or KMC' - the causal link runs from a closure to the non-appropriation, so it is unclear whether a plain funding shortfall without a closure suffices, or a closure without a shortfall. That is a nameable scope question, though the conjunction of both conditions is the more natural reading.","Another County termination right sitting outside Article IV, on a third notice period (30 days, against Art. IV sec. 1.A's 90 days and secs. 6 and 13's immediate termination), and cutting against Art. I sec. 1's fixed term through October 4, 2007. Non-appropriation clauses are conventional in public contracts and Art. V sec. 11 permits cumulative remedies, so the coexistence is workable; the release of 'any further financial obligation' also fits Art. II sec. 1.A's maximum-payable framing.",1
610FSupp2d1129_144_pages,610 F.Supp.2d 1129,neg39,"Article V, 16. NON-DISCRIMINATION",NEGATIVE,not_risky,not_risky,0.4,0.32,"This is a genuine general-versus-specific problem. The first sentence agrees to abide by 'all laws, federal, state and local, and by all policies of the County of Kern respecting discrimination'; the second then enumerates a closed list of protected characteristics - 'race, color, national origin, age, religion, marital status or sexual preference' - with no 'including' or 'not limited to'. The enumeration conspicuously omits sex, disability, medical condition and pregnancy, all covered by the very statutes the Agreement elsewhere adopts, so expressio unius invites the argument that the parties' own non-discrimination covenant is narrower than the general sentence preceding it. Whether the closed list qualifies or merely illustrates the general duty is left unresolved on the face of the clause.","The narrow list pulls against Art. V sec. 8, which obliges the physician to comply with 'EEOC, HIPAA, FEHA' among other regimes - FEHA and Title VII reach sex, disability and medical condition, characteristics the sec. 16 list drops - and against sec. 16's own first sentence incorporating all County anti-discrimination policies. A court would probably harmonise by treating the general sentence as controlling and the list as illustrative, which keeps this from being an irreconcilable conflict.",1
610FSupp2d1129_144_pages,610 F.Supp.2d 1129,neg40,"Article V, 17. NON-WAIVER",NEGATIVE,not_risky,not_risky,0.2,0.25,"Definite in operation: waiver only by County's written consent, forbearance or indulgence is not waiver, and County may still invoke any remedy. 'Forbearance or indulgence by County in any regard whatsoever' is broad but its breadth is the point and creates no competing meaning.",Wholly one-directional - it addresses only waiver of covenants 'to be performed by Core Physician' and says nothing about waiver of County's obligations - which pairs with Art. V sec. 11's County-only cumulative remedies. Art. V sec. 4's no-contra-proferentem rule and sec. 20's bargaining recital are the instrument's answer to that asymmetry. Consistent with sec. 14's writing requirement; no contradiction found.,1
610FSupp2d1129_144_pages,610 F.Supp.2d 1129,neg41,"Article V, 18. NOTICES",NEGATIVE,not_risky,not_risky,0.12,0.18,"Exhaustively mechanical: three permitted delivery methods, a deemed-receipt rule for each (personal on receipt; mailed or expressed four days after deposit), named addressees with street addresses, and a self-executing address-change procedure. No vague term.","Supplies the machinery the notice-dependent provisions need - Art. IV sec. 1.A (90 days), Art. V sec. 15 (30 days), secs. 6 and 13 (immediate termination on written notice), Art. II sec. 1.C. The only oddity is that the physician's notice address is in Valencia while Art. III sec. 9.C funds relocation from Philadelphia to Bakersfield, but the address-change mechanism absorbs that.",1
610FSupp2d1129_144_pages,610 F.Supp.2d 1129,neg42,"Article V, 19. PROFESSIONAL RESPONSIBILITIES",NEGATIVE,not_risky,not_risky,0.25,0.2,"The standard of performance is expressed in evaluative terms - 'diligent and conscientious manner' and 'accepted professional and ethical standards of the medical profession' - which are imprecise on their face. But they are conventional professional-services standards with established content, and the clause anchors them to an identified external source (the medical staff bylaws of KMC), so the boundary is ascertainable by expert evidence rather than genuinely indeterminate.","Dovetails with Art. I sec. 2 and Exhibit A (the services and duties), Art. V secs. 10 and 13 (bylaws governance), and Art. V sec. 8 (regulatory compliance). Nothing in the instrument sets a competing performance standard.",1
610FSupp2d1129_144_pages,610 F.Supp.2d 1129,neg43,"Article V, 20. RELATIONSHIP",NEGATIVE,not_risky,not_risky,0.15,0.2,"A recital-style acknowledgment: specialized professional services, mutual legal knowledge and skill, arm's-length bargaining, opportunity to review. It creates no obligation whose boundary needs to be located, so vagueness has nothing to attach to.","Serves the same function as Art. V sec. 4's jointly-prepared rule and sec. 22's entire-agreement clause - a coherent trio directed at foreclosing construe-against-the-drafter and extrinsic-inducement arguments. Its 'specialized, professional services' framing echoes Recital A's section 31000 language while Art. V sec. 10 makes him an employee, but sec. 20 does not itself characterise the status.",1
610FSupp2d1129_144_pages,610 F.Supp.2d 1129,neg44,"Article V, 21. SEVERABILITY",NEGATIVE,not_risky,not_risky,0.15,0.2,Standard severability with a conventional proviso ('provided such remaining portions or provisions can be construed in substance to constitute the agreement which the parties intended to enter into in the first instance'). The proviso requires judgment but is the settled formulation; no term carries two competing meanings.,"A gap-filler that supports rather than disturbs the instrument, and it interacts sensibly with Art. III sec. 5.C (substitute pension structure if the IRS withholds a favourable determination) and Art. V sec. 8's compliance obligations. No provision contradicts it.",1
610FSupp2d1129_144_pages,610 F.Supp.2d 1129,neg45,"Article V, 22. SOLE AGREEMENT",NEGATIVE,not_risky,not_risky,0.2,0.32,"Conventional integration language, definite in each limb: the Agreement and all attachments are the entire agreement; no inducements, representations or promises other than those recited; no oral promise, modification, change or inducement effective. The qualifier 'relating to the services, rights, obligations and covenants contained herein' narrows the clause somewhat but does so in identifiable terms.","The integration extends only to 'all attachments hereto', yet the Agreement's substance depends on several unattached external documents - the KMC Faculty Practice Administrative Policies and Procedures Manual (Art. II sec. 3.B(1)-(3)), the Plan Document (Art. III sec. 5), the medical staff bylaws (Art. V secs. 10, 13, 19), the Faculty Practice Board policy named in Art. IV sec. 3 and County personnel policies (Art. V sec. 7). Art. III sec. 5's statement that changes in the Plan Document 'will control the terms of this Agreement' is in particular tension with 'no oral promise, modification, change or inducement shall be effective'. The example instrument's entire-agreement clause was held clean despite comparable friction, and incorporation by reference is a recognised harmonisation, so I keep this below the flag.",1
610FSupp2d1129_144_pages,610 F.Supp.2d 1129,neg46,"Exhibit ""A"" – Job Description, introductory paragraph",NEGATIVE,not_risky,not_risky,0.18,0.35,"Three definite propositions: the chairman serves as medical director for anatomic pathology and the clinical laboratories, reports to the KMC Medical Director, and the position is full-time 'requiring 48 hours of service, on average, per week'. The 'on average' qualifier is expressly reconciled by Exhibit A sec. 6. No ambiguous term to name.","The number is the problem in context: Exhibit A fixes the commitment at 48 hours per week, while Art. II sec. 1.A - the clause that pays for the commitment - defines full-time as 'according to AMA survey data for specialty but no less than forty [40] hours per week'. Whether the compensated full-time obligation is 40 or 48 hours is therefore not settled by the instrument, and Art. I sec. 2 incorporates Exhibit A without a priority rule (there is no order-of-precedence clause anywhere). The floor language 'no less than 40' supplies a workable harmonisation, and Exhibit A sec. 5's 'other duties as assigned' by 'the chief executive officer or medical director' slightly muddies the single reporting line stated here.",1
610FSupp2d1129_144_pages,610 F.Supp.2d 1129,neg47,"Exhibit ""A"", 1. Administrative responsibilities",NEGATIVE,not_risky,not_risky,0.38,0.25,"Items a-c are anchored to identifiable external standards (federal and state clinical laboratory regulations; CAP and AABB accreditation; KMC policies and the medical staff bylaws) and are definite by reference. Item d is not: 'Operates effectively and smoothly, and provides timely reports, provided adequate resources are provided' stacks three evaluative terms with no measure - 'effectively and smoothly', 'timely', and an express condition turning on 'adequate resources' with no standard for adequacy and no statement of who must supply them. Since d is a performance obligation whose breach could support corrective action, the vagueness is operative rather than cosmetic.","Consistent with Art. V sec. 8 (JCAHO, Title 22 compliance), sec. 7 (KMC policies), sec. 19 (professional standards) and Exhibit A sec. 2's more granular duties. Item d's 'adequate resources' proviso has no counterpart obligation anywhere in the Agreement requiring County to furnish resources - a gap rather than a contradiction, and the general Art. V secs. 11/17 framework leaves the condition's effect to ordinary construction.",1
610FSupp2d1129_144_pages,610 F.Supp.2d 1129,neg48,"Exhibit ""A"", 2. Administrative duties",NEGATIVE,not_risky,not_risky,0.3,0.25,"Fourteen duties, most of them concrete and checkable (named committees, monthly meetings with the medical director, CAP proficiency surveys, annual evaluations, annual department report). Two open ends: g closes a list of six named committees with 'and other committees that may be assigned by the president of the medical staff', and n reads 'Completes clinical pathology and anatomic pathology service work as may be required' without saying by whom or how much. Both catch-alls are bounded by an assignment mechanism or by the department's evident scope, which limits the ejusdem generis exposure; d's 'timely manner' and e's 'appropriateness' are evaluative but conventional.","Coherent with the rest of the instrument: g's Faculty Practice Board membership matches Art. II sec. 2.E, b and d match Art. V sec. 7's performance-improvement duties, and n aligns with Exhibit A sec. 4's patient-care duties and Art. II sec. 3.A's teaching and administrative components of base salary. The volume of administrative and committee work sits in some tension with Art. II sec. 1.A's 40-hour full-time floor and Exhibit A sec. 6's 2112-hour objective, but the duties are cumulative with, not contrary to, those provisions.",1
610FSupp2d1129_144_pages,610 F.Supp.2d 1129,neg49,"Exhibit ""A"", 3. Teaching duties",NEGATIVE,not_risky,not_risky,0.18,0.2,"Three concrete teaching duties, with the conferences actually named (weekly gynecology, oncology, surgery) and the activities specified (didactic lectures; departmental, interdepartmental and interdisciplinary programs). 'Actively participates' is evaluative but minor, and 'to include' introduces a list that is plainly illustrative of an identified activity rather than a catch-all doing independent work.","Matches Art. II sec. 3.A(3), which makes teaching a component of base salary, and Exhibit A secs. 2.k and 2.m on resident training and educational conferences. Art. III sec. 3.D's education leave concerns the physician's own education, not these duties. No conflict.",1
610FSupp2d1129_144_pages,610 F.Supp.2d 1129,neg50,"Exhibit ""A"", 4. Patient care duties",NEGATIVE,not_risky,not_risky,0.22,0.25,"Very short. 'Performs anatomic pathology services as assigned' leaves both the assignor and the volume unstated, which is a real if modest indefiniteness for the clause that defines the clinical component of a physician's job; b, by contrast, is precise ('consistent with CMS requirements for professional fee billing'). The 'as assigned' formulation is standard in job descriptions and readable against Exhibit A's reporting line to the KMC Medical Director.","Fits Art. II sec. 4 (professional fees from 'direct patient care', billing and documentation), Art. II sec. 3.A(1)-(2) (base salary covers indigent, incarcerated and under-compensated patient care) and Exhibit A sec. 2.n. That the patient-care duties are the shortest item in a job description dominated by administrative duties creates a mild tension with a compensation plan built on professional fee generation, but nothing contradictory.",1
610FSupp2d1129_144_pages,610 F.Supp.2d 1129,neg51,"Exhibit ""A"", 5. Other duties",NEGATIVE,not_risky,not_risky,0.4,0.28,"This is the general-versus-specific pattern in its purest form: after four sections of carefully enumerated administrative, teaching and patient-care duties, the Exhibit closes with an unqualified 'Other duties as assigned by the chief executive officer or medical director' - a catch-all whose outer reach is fixed by nothing except the assignor's discretion. Its scope is genuinely contestable (does it reach duties of a different kind from those enumerated, or only cognate ones?), and because Art. I sec. 2 makes Exhibit A the measure of the physician's obligations, the indeterminacy is operative. The identification of the two officers who may assign is what keeps it from being wholly open-ended.","Exhibit A's introduction states a single reporting line - 'The pathology chairman will report to the KMC Medical Director' - while this item empowers both the chief executive officer and the medical director to assign duties; a minor inconsistency in lines of authority, mitigated by Art. II sec. 3.A(5) ('other activities approved by the CEO of KMC and the Faculty Practice Board') which likewise contemplates CEO involvement. Unlimited additional duties also press against Art. II sec. 1.A's fixed compensation and 40-hour floor and Exhibit A sec. 6's 2112-hour objective, but ejusdem generis rather than a conflict rule is the natural control.",1
610FSupp2d1129_144_pages,610 F.Supp.2d 1129,neg52,"Exhibit ""A"", 6. Standard workweek",NEGATIVE,not_risky,not_risky,0.2,0.35,"Quantified and self-reconciling: a 48-hour standard workweek, express acknowledgment that actual hours may vary week to week with assignments, and a measurable annual target of 2112 worked hours. The word 'objective' leaves it slightly unclear whether 2112 hours is a binding obligation or an aspiration, but the sentence structure makes 48 hours the standard and 2112 the annualised expression of it.","The hours figure conflicts in appearance with Art. II sec. 1.A, which pays for full-time work 'according to AMA survey data for specialty but no less than forty [40] hours per week' - 40 versus 48, with no order-of-precedence clause to resolve Exhibit A against the body. On the arithmetic the Exhibit is coherent with Article III: 2112 hours is 44 weeks at 48 hours, leaving roughly the 384 hours of vacation (160), sick leave (64), education leave (80) and holidays that Art. III sec. 3 provides. That consistency, plus the 'no less than 40' floor, supports harmonisation, so I stop below the flag.",1
44FSupp3d736_affidavit_of_hecker_and,44 F.Supp.3d 736,pos1,"Liabilities and Claims for Commodities, para 9(b) (measure of loss — ""replacement value"")",POSITIVE,risky_cat1,risky_cat1,0.72,0.42,"The operative measure of damages is ""the Shipper's replacement value applicable to the kind and quantity of Commodities so lost, damaged or destroyed."" ""Replacement value"" is nowhere defined and is fairly susceptible of at least two constructions: the Shipper's cost to replace the goods (manufacturing/acquisition cost) or the value at which the goods would be replaced in the market (invoice/sales price, including margin). The internal drafting makes the ambiguity worse, not better: sentence one fixes the measure as ""replacement value,"" but sentence two then directs deduction of salvage ""from the invoice price"" — a different metric introduced without definition or reconciliation, implying the parties may have meant invoice price all along. The third sentence (""some of the Commodities may be disposed of in a manner that will prevent the damaged goods from being sold on the open market"") adds a further undefined qualifier bearing on salvage. Also unclear is why ""Customer shall deduct"" salvage when the loss measure is the Shipper's, a non-party. This is the profile of the ""premises/person/occupy"" clause in example 1_1: undefined ordinary-language terms doing dispositive work, each reasonably bearing more than one meaning. High probability of intrinsic ambiguity.","Checked § 9(a) (liability trigger and excepted causes), § 9(c) (49 C.F.R. Part 370 claims procedure, with the delay-indemnity sentence struck through), § 10(d) (cargo insurance of $100,000 per vehicle, with ""not less than"" struck out), and § 10's closing sentence (""The insurance required under this Section 10 does not limit Carrier's liability under the provisions of Sections 8 and 9""). There is real friction: 9(b) imposes an uncapped replacement-value measure while the negotiated cargo insurance was struck down to a fixed $100,000 per vehicle, and § 10's non-limitation sentence must be read to leave the carrier exposed far beyond its required coverage — harmonisable, but the hand-alteration of 10(d) signals the parties bargained about a cap that 9(b) does not reflect. § 9(c)'s incorporation of Part 370 (which contemplates the Carmack ""actual loss or injury"" measure) also sits uneasily with a contractual replacement-value measure. These are reconcilable with effort, so below the flag line, but materially elevated.",1
44FSupp3d736_affidavit_of_hecker_and,44 F.Supp.3d 736,neg1,Preamble and Recitals,NEGATIVE,not_risky,not_risky,0.12,0.22,"Standard recital block. It defines ""Commodities,"" ""Shipper,"" and ""Services"" and identifies the parties. Minor scrivener's slips (""Southern Refrigerated Transport Arkansas corporation"" omits ""an""; ""beverages alcoholic in nature"" appears later) do not create competing reasonable meanings. Nothing dispositive turns on an undefined term here.","The recital says Carrier is engaged in transporting property ""as a contract carrier,"" but § 3's operative sentence reads ""Broker agrees to provide the Services,"" and § 6(c) refers to ""any prior contract ... which purported to be a contract Broker agreement,"" while § 10 refers to ""an insurance Broker."" That is a recital-vs-operative mismatch of the type the taxonomy describes, but ""Broker"" is a transparent find-and-replace artifact in a two-party agreement whose only defined parties are Carrier and Customer, so a court would treat it as an obvious scrivener's error rather than a genuine incoherence. Mildly elevated only.",1
44FSupp3d736_affidavit_of_hecker_and,44 F.Supp.3d 736,neg2,"1. Term, Renewal and Termination",NEGATIVE,not_risky,not_risky,0.18,0.28,"""shall continue for a period of one year from the date of execution or unless earlier terminated"" contains a stray ""or"" before ""unless,"" but the sense is plain and the 30-day notice mechanic, the year-to-year extension, and the post-termination delivery obligation are all definite. No term carries two reasonable meanings.","The cover page states ""Effective Date: January 1, 2008,"" while § 1 says the Agreement ""shall be effective upon its execution""; the signature blocks are dated 12/26/07 (Carrier) and 2 Jan 08 (Customer). Those three dates do not line up, and the term, the year-to-year renewal, and the § 22 audit window all run from the effective date. Checked § 16 (Default), which permits termination after a 30-day cure — consistent with, not contradictory to, § 1's without-cause right. Elevated for the date mismatch but short of a genuine conflict.",1
44FSupp3d736_affidavit_of_hecker_and,44 F.Supp.3d 736,neg3,2. Agreement Non-Exclusive,NEGATIVE,not_risky,not_risky,0.05,0.06,"Three short declarative sentences. ""Non-exclusive basis"" is a term of art with a settled meaning, and the two illustrative sentences confirm it in both directions. Nothing vague or double-edged.","Checked § 3 (Scope of Work) and § 15 (Assignment; Subsidiaries and Divisions). Nothing anywhere commits volume to Carrier or restricts Carrier's other business, so the non-exclusivity statement sits consistently with the whole instrument.",1
44FSupp3d736_affidavit_of_hecker_and,44 F.Supp.3d 736,neg4,3. Scope of Work,NEGATIVE,not_risky,not_risky,0.38,0.38,"Several nameable soft spots. (i) The operative lead-in says ""Broker agrees to provide the Services"" in an agreement whose only defined parties are Carrier and Customer — the promisor is misidentified. (ii) Subsection (e) is a textbook general-vs-specific problem: ""Special services such as, picking up and delivering freight on short notice, weekend services, twenty-four hour services, holiday service and other similar services shall be provided"" — the catch-all ""other similar services"" sits against enumerated specifics with no boundary and no pricing, inviting ejusdem generis dispute. (iii) ""suitable equipment,"" ""satisfactory and legal manner,"" ""good appearance,"" and the ""desire and capability to pursue EDI opportunities"" are standards without an ascertainable boundary. (iv) The lettering skips (g). Enough named textual defects to sit near the line, though most of the section is definite.","Subsection (m) defines ""delivery"" as transport ""to consignee's door or job site,"" while Exhibit A Item 200.1 defines the same term as transport ""to consignee's receiving location from the Shipper's facilities"" — two operative definitions of one defined term, and § 24's last sentence makes the Exhibit control, so the body's definition is displaced by its own contract. Subsection (c) conditions non-exclusive/commingled use on ""Customer's prior written consent,"" whereas Exhibit A Item 140 conditions it on ""a written request for non-exclusive use ... provided to Carrier by Shipper"" — a different consenting party. Subsection (e) promises weekend/24-hour/holiday service while Item 190 limits included rates to ""business hours."" Real, if minor, friction; short of an irreconcilable conflict.",1
44FSupp3d736_affidavit_of_hecker_and,44 F.Supp.3d 736,neg5,4. Receipts and Bills of Lading,NEGATIVE,not_risky,not_risky,0.08,0.09,"Definite and conventional. ""Prima facie evidence"" is a settled legal standard, the noting exception is expressly stated, and the required contents of the delivery receipt are enumerated. No term bears competing meanings.","Its subordination rule (""in the event of a conflict, this Agreement shall govern"") tracks § 22's first paragraph exactly, and the delivery-receipt requirement supports the § 9 claims machinery and § 6(d) billing documentation. Checked § 22 and § 24 — no inconsistency.",1
44FSupp3d736_affidavit_of_hecker_and,44 F.Supp.3d 736,neg6,5. Delivery Arrangements; Delays; Reconsignment,NEGATIVE,not_risky,not_risky,0.13,0.13,"Notification and authorization duties are stated with definite triggers and channels. ""Prior to Carrier accepting legal responsibility for the shipment"" is the only loose phrase, and § 9(a) supplies the answer (custody, possession or control). Not genuinely ambiguous.","Subsections (c) and (d) defer to Exhibit A; Item 220 (Re-consignments) and Item 230 (Return of shipments) do exist and cover those topics, so the cross-references land. Item 230's own rate is indeterminate, but that is Item 230's defect, not this clause's. Consistent with § 5's own notice mechanics and § 3(f).",1
44FSupp3d736_affidavit_of_hecker_and,44 F.Supp.3d 736,neg7,6. Compensation and Billing,NEGATIVE,not_risky,not_risky,0.2,0.2,"Mostly hard numbers (30 days to pay, 180 days to present, 60 days' notice of proposed rate changes). Two soft spots: 6(c) refers to ""any prior contract between them which purported to be a contract Broker agreement"" (wrong party label again), and 6(d)'s ""all transportation charges due on any such shipment shall be cancelled by Carrier"" states a forfeiture in an odd voice. Neither creates a genuine choice between two reasonable meanings.","Checked § 24, whose last sentence makes the Exhibits control over the Agreement in a conflict, against 6(c)'s ""Except as otherwise provided herein, the rates ... set forth in Exhibit A ... shall be the sole rates"" and 6(e)'s mutual-consent requirement — a mild circularity about which document wins, but the practical result is the same. Also checked § 24's supersession sentence against 6(c)'s ratification of ""all acts performed ... pursuant to any prior contract"": ratifying past performance is not the same as keeping a prior agreement alive, so no true conflict.",1
44FSupp3d736_affidavit_of_hecker_and,44 F.Supp.3d 736,neg8,7. Limitation on Actions for Charges and Fees,NEGATIVE,not_risky,not_risky,0.1,0.13,"Fully quantified: 180 days to bill, 180 days to contest, 18 months to sue, prevailing-party fee shifting. ""Prevailing party"" is a familiar, judicially administrable standard. Definite.","Checked § 9(e), which sets a different limitations period (two years and a day) — but that runs on cargo claims from written disallowance, while § 7 governs undercharge/overcharge actions on freight charges. Different subject matter, so the two periods coexist rather than conflict. No other limitations or fee provision in the instrument.",1
44FSupp3d736_affidavit_of_hecker_and,44 F.Supp.3d 736,neg9,8. Indemnification,NEGATIVE,not_risky,not_risky,0.15,0.13,"A conventional broad-form indemnity. ""Arising out of or resulting from the performance of the Services"" is settled indemnity language, the parenthetical carve-outs (Customer's property in, Commodities out) are express, and the negligence exception is doubly bounded (""except to the extent (but only to the extent)""). No named term is doubly reasonable.","The express exclusion of ""the Commodities"" from this indemnity cleanly hands cargo loss to § 9, avoiding overlap. Checked § 10's closing sentence, which confirms insurance does not cap liability under §§ 8 and 9 — the sections are drafted to interlock. Also checked § 17's tax indemnity: separate subject matter.",1
44FSupp3d736_affidavit_of_hecker_and,44 F.Supp.3d 736,neg10,11. Safety Rating,NEGATIVE,not_risky,not_risky,0.16,0.18,"Grammatically mangled (""all underlying carrier's Carrier utilizes has received""), but the standard invoked is an external, binary DOT rating — ""Satisfactory"" versus ""Conditional"" or ""Unsatisfactory"" — which is objectively verifiable. The clause is definite in substance despite the syntax.","Checked § 15, which bars assignment or transfer of the Agreement without consent, against this section's (and §§ 8, 9(a), 12(a)'s) repeated assumption that Carrier will use ""underlying carriers."" Subcontracting is not assignment, so this is tension rather than contradiction, and no provision anywhere authorizes or conditions subcontracting. Mildly elevated.",1
44FSupp3d736_affidavit_of_hecker_and,44 F.Supp.3d 736,neg11,12. Compliance with Laws,NEGATIVE,not_risky,not_risky,0.08,0.08,"Obligations are tied to identified external legal standards (D.O.T., E.P.A., F.D.A., the Sanitary Food Transportation Act of 1990) and to enumerated notification triggers. ""Including but not limited to"" precedes examples of a duty already stated at full breadth (""all ... applicable"" laws), so the catch-all adds nothing uncertain.","Reinforces § 3(a) (licences and permits), § 3(b)–(c) (commingling), and § 11 (safety rating) without contradicting any of them. Checked § 13's notice mechanics — the prompt-notification duty here is consistent with them.",1
44FSupp3d736_affidavit_of_hecker_and,44 F.Supp.3d 736,neg12,13. Notices,NEGATIVE,not_risky,not_risky,0.07,0.25,"Named delivery methods, a named fax-plus-hardcopy protocol, and specific addresses and attention parties. Nothing to construe.","§ 13 opens ""All notices and amendments shall be in writing,"" yet § 5(b), § 6(c) and Exhibit A Item 200.9 all direct notification ""by telephone or facsimile,"" and Item 200.6 requires immediate notification without specifying a channel. Read strictly, telephone notice would not satisfy § 13. Harmonisable by reading § 13 as governing formal contractual notices and the operational provisions as governing day-to-day communication, so below the flag line, but a real seam.",1
44FSupp3d736_affidavit_of_hecker_and,44 F.Supp.3d 736,neg13,14. Survivability,NEGATIVE,not_risky,not_risky,0.12,0.15,"Short and definite: identified categories (indemnities, warranties, guarantees, obligations) survive expiration, termination or cancellation and bind successors and assigns. One-sidedness (only Carrier's obligations survive) is a bargaining outcome, not an ambiguity.","Checked § 1's final sentence, which preserves ""any obligation accruing before such termination"" for either party — broader as to parties, narrower as to timing. The two overlap without contradicting. Also checked § 15/§ 23, which likewise bind successors and assigns; consistent.",1
44FSupp3d736_affidavit_of_hecker_and,44 F.Supp.3d 736,neg14,15. Assignment of Agreement; Subsidiaries and Divisions,NEGATIVE,not_risky,not_risky,0.35,0.33,"The stray conjunction is a genuine defect: ""Neither Customer or Carrier shall assign or transfer this Agreement in whole or in part or without the prior written consent of the other party."" As written, the consent proviso is joined disjunctively to the prohibition, so the sentence is fairly readable either as an absolute bar on any assignment, whole or partial, plus a separate bar on assigning without consent, or as the intended ""in whole or in part without the prior written consent."" That is a nameable ambiguity in the operative prohibition, not merely bad grammar. Held below the flag line because the second reading is overwhelmingly the natural one.","Checked § 23 (Assignability of Contract), which contemplates ""the transfer or assignment from Customer to their underlying Shipper"" and says the terms are unaffected by it — presupposing an assignment that § 15 would require Carrier's written consent to make. Two separate assignment sections pointing different directions is untidy, though § 23 can be read as addressing only the consequences of a permitted assignment. Elevated, not flagged.",1
44FSupp3d736_affidavit_of_hecker_and,44 F.Supp.3d 736,neg15,16. Default,NEGATIVE,not_risky,not_risky,0.09,0.16,"A single definite sentence: written request, 30-day cure, then termination. ""Default"" is undefined but takes its ordinary meaning as breach of the stated obligations; no competing reasonable construction.","Checked § 1, which already lets either party terminate without cause on 30 days' notice, making this cure-and-terminate right largely redundant — a party could bypass the cure period entirely under § 1. Redundancy and a weakened cure right, but the two operate on the same 30-day clock and do not contradict.",1
44FSupp3d736_affidavit_of_hecker_and,44 F.Supp.3d 736,neg16,17. Independent Contractor,NEGATIVE,not_risky,not_risky,0.07,0.08,"Standard independent-contractor recital with an enumerated tax and benefits indemnity. ""Exclusive control and direction"" is the settled formulation. Definite.","Consistent with § 8 (general indemnity, different subject matter), § 3(d) (Carrier supplies drivers) and § 10(c) (Carrier carries workers' compensation). Nothing in the instrument gives Customer direction over Carrier's personnel that would undercut the status.",1
44FSupp3d736_affidavit_of_hecker_and,44 F.Supp.3d 736,neg17,18. Invalidity of Provisions,NEGATIVE,not_risky,not_risky,0.05,0.05,Boilerplate severability with an express statement of the parties' counterfactual intent. Nothing to construe.,Operates on every other provision without displacing any. No provision anywhere makes a term non-severable or conditions the agreement on the validity of a particular clause.,1
44FSupp3d736_affidavit_of_hecker_and,44 F.Supp.3d 736,neg18,19. Confidentiality of Information,NEGATIVE,not_risky,not_risky,0.27,0.1,"A general-vs-specific issue is present: after four enumerated categories (""costs, pricing information, procedures, computer software systems"") the clause sweeps in ""and other details of Customer's business,"" a catch-all whose reach against the specifics is exactly the ejusdem generis / expressio unius problem the taxonomy describes. There is also no duration, no carve-out for publicly available or independently developed information, and no marking requirement, so the boundary of what is confidential is left open. Elevated but not flagged — one-way confidentiality of this breadth is common and courts routinely enforce it as written.","Checked § 14 (Survivability), which carries Carrier's obligations past termination and so supplies the missing duration; and § 22, which grants Customer audit access to Carrier's records without a reciprocal confidentiality duty — asymmetric but not contradictory. No provision requires Carrier to disclose the protected information to a third party.",1
44FSupp3d736_affidavit_of_hecker_and,44 F.Supp.3d 736,neg19,20. Applicable Law,NEGATIVE,not_risky,not_risky,0.28,0.11,"The nameable problem is the disjunction: the Agreement is governed by ""THE APPLICABLE LAWS OF THE UNITED STATES OR THE LAWS OF THE STATE OF OHIO,"" with no rule for choosing between them and no party given the election. Read one way it is a redundant nod to federal preemption (Carmack, 49 U.S.C.) with Ohio law filling the gaps; read another it is an unresolved alternative. The venue half is by contrast fully definite (S.D. Ohio and Ohio state courts). The preemption reading is the natural one, so this stays below the flag line.","Checked § 9(c) (49 C.F.R. Part 370) and § 6(f) (49 C.F.R. Part 378) — both incorporate federal regulation, which supports rather than undermines the ""federal where applicable, Ohio otherwise"" reading. Party residences (Arkansas Carrier; Customer described as a Massachusetts corporation with a Pennsylvania notice address) do not conflict with an Ohio forum selection.",1
44FSupp3d736_affidavit_of_hecker_and,44 F.Supp.3d 736,neg20,21. Force Majeure,NEGATIVE,not_risky,not_risky,0.17,0.2,"Narrow and self-limiting: excuse is confined to ""Acts of God or circumstances and/or conditions occurring without human intervention"" that no reasonable foresight could have prevented, with payment obligations expressly carved out. ""Without human intervention"" is unusual but is a boundary, not a vagueness — it excludes strikes, war and government action. Definite.","Checked § 9(a), which excuses cargo liability for ""acts of God, the public enemy or public authority"" — two of those three plainly involve human intervention and so fall outside § 21's excuse. The provisions govern different obligations (cargo liability versus performance generally), so a court can give each effect, but the two excuse lists are drawn on inconsistent principles. Mildly elevated.",1
44FSupp3d736_affidavit_of_hecker_and,44 F.Supp.3d 736,neg21,22. Other Documents; Audit,NEGATIVE,not_risky,not_risky,0.16,0.24,"Three definite paragraphs: subordination of shipping documents, primacy over prior contracts and tariffs, and a two-year post-termination audit right. The only loose thread is ""for a period of two years after such termination,"" where ""such termination"" has no antecedent (the sentence speaks of ""the term of this Agreement""), but the intended referent is obvious.","Paragraph two says the Agreement and its Exhibits ""will be the sole provisions governing the Services"" and resolves any tariff conflict ""in favor of the provisions set forth herein,"" while § 24's final sentence resolves Agreement-versus-Exhibit conflicts in favour of the Exhibits. Those are different conflicts (external documents versus internal hierarchy), so they are reconcilable, but the instrument states its priority rules in two places using opposite defaults. Also checked § 4, whose bill-of-lading subordination rule duplicates paragraph one exactly.",1
44FSupp3d736_affidavit_of_hecker_and,44 F.Supp.3d 736,neg22,23. Assignability of Contract,NEGATIVE,not_risky,not_risky,0.22,0.32,"""The transfer or assignment from Customer to their underlying Shipper"" is loosely drawn — it is unclear what is transferred (the Agreement, the claim, the freight charges) and ""their"" has an uncertain referent — and ""shall not be affected, modified, altered, or changed in any respect"" is a piled-up formulation. Still, the operative point (a Customer-to-Shipper transfer does not alter the terms) is intelligible. Below the line.","This section contemplates a transfer or assignment from Customer to the underlying Shipper as something that may simply happen, while § 15 provides that neither party ""shall assign or transfer this Agreement in whole or in part"" without the other's prior written consent. Having two separately captioned assignment sections (§ 15 and § 23) with different premises is the sort of whole-instrument untidiness that generates disputes, though § 23 can be harmonised as addressing only the effect of a transfer that § 15 has permitted. Elevated, not flagged.",1
44FSupp3d736_affidavit_of_hecker_and,44 F.Supp.3d 736,neg23,24. Entire Agreement,NEGATIVE,not_risky,not_risky,0.13,0.38,"A conventional integration and supersession clause; each sentence is definite, and the priority rule in the last sentence is stated without hedging. No term bears competing meanings on its own wording.","The last sentence inverts the usual hierarchy: ""If any provisions of the Exhibits and Schedules thereto are in conflict with the Agreement, the provisions of the Exhibits and Schedules shall control."" That has live consequences elsewhere — it makes Exhibit A Item 200.1's definition of ""delivery"" override § 3(m)'s different definition, and Item 140's Shipper-request mechanism override § 3(c)'s Customer-consent requirement. It also sits against § 22's repeated insistence that ""the terms, conditions and provisions of this Agreement shall govern"" and that tariff conflicts resolve ""in favor of the provisions set forth herein,"" and against § 6(c)'s ""Except as otherwise provided herein."" The instrument therefore states its own precedence in more than one direction. Reconcilable (§ 22 addresses external documents), but this is the provision that activates the Exhibit-versus-body mismatches, so materially elevated.",1
44FSupp3d736_affidavit_of_hecker_and,44 F.Supp.3d 736,neg24,"Exhibit A, Item 100 – Appointment Notification",NEGATIVE,not_risky,not_risky,0.06,0.07,"Two short, definite statements: no charge for arranging or fulfilling appointments, and phone or fax scheduling permitted. Nothing to construe.","Duplicates § 3(k) word for word and matches Schedule B's ""No charge"" entry for Item 100. Also consistent with § 5(a)'s appointment-making duty. Fully aligned.",1
44FSupp3d736_affidavit_of_hecker_and,44 F.Supp.3d 736,neg25,"Exhibit A, Item 120 – Detention With Power",NEGATIVE,not_risky,not_risky,0.3,0.13,"There is a genuine internal tension between the two numbered paragraphs on how detention is computed: paragraph 1 sets ""$65.00 per hour or fraction thereof in excess of the two hours,"" which bills a partial hour as a full hour, while paragraph 2 says ""$/hour paid in 15 minute increments,"" which bills to the quarter-hour. On a 20-minute overage those produce $65 and about $21.67 respectively. The naming is precise elsewhere (two-hour free period, $390 cap, exclusion of early/late arrival differentials), so this is a discrete measurement ambiguity rather than pervasive vagueness. Elevated but short of the flag.","Checked Schedule B (""$65 per Hour, maximum $390""), which matches paragraph 1 and is silent on increments, and Exhibit A Item 200.10 (""2 hours free time for unloading with power""), which matches the free period exactly. Item 260 waives detention for drop trailers, a distinct no-power scenario. No cross-provision conflict.",1
44FSupp3d736_affidavit_of_hecker_and,44 F.Supp.3d 736,neg26,"Exhibit A, Item 130 – Storage – OTR Shipments",NEGATIVE,not_risky,not_risky,0.14,0.11,"Definite: the trigger (Carrier required by Shipper to sign for and hold a trailer), a two-business-day free period with the weekdays enumerated, $40.00 per day, and an express carve-out for the first Saturday and Sunday. ""May be assessed"" is permissive rather than uncertain.","Matches Schedule B ($40 per Day). Checked Item 320 (Intermodal Storage, $100 per day) — different scope, expressly limited to intermodal and keyed to Item 310's free-time schedule, so the two storage rates do not collide. Also checked Item 260, which waives demurrage on drop trailers at consignor facilities; this item covers Carrier holding a signed-for trailer, a different situation.",1
44FSupp3d736_affidavit_of_hecker_and,44 F.Supp.3d 736,neg27,"Exhibit A, Item 140 – Exclusive Use of Vehicle",NEGATIVE,not_risky,not_risky,0.11,0.33,"One sentence, definite: exclusive use of the trailer is the default entitlement for every tendered load, displaced only by a written request for non-exclusive use. The trigger, the form (written), and the exception are all specified.","The consenting party does not match the body of the Agreement. § 3(c) provides that for TL movements Carrier shall not commingle ""without Customer's prior written consent,"" whereas this Item lets the exception be triggered by ""a written request for non-exclusive use ... provided to Carrier by Shipper"" — and Shipper is a third party to this contract, not the counterparty. Because § 24 makes the Exhibits control in a conflict, the Exhibit's Shipper-request mechanism would displace Customer's own consent right. Real friction, though a court could harmonise by treating Shipper as acting through Customer under the § 3 framework. Elevated; just below the flag.",1
44FSupp3d736_affidavit_of_hecker_and,44 F.Supp.3d 736,neg28,"Exhibit A, Item 170 – Labor - Driver Loading or Unloading",NEGATIVE,not_risky,not_risky,0.09,0.11,"Fully quantified: the trigger (consignee requires carrier personnel to sort and segregate), the rate ($0.30 per hundred pounds), a $50.00 per-stop minimum and a $125 per-shipment maximum. Nothing open.","Matches Schedule B exactly ($0.30 per hundredweight, min $50 per stop, max $125 per shipment). Checked § 6(d), which requires unloading/lumping receipts to support such billing, and Item 290 (Lumper Charges), which covers hired laborers rather than carrier personnel — complementary, not overlapping. § 3(l) assigns loading to Customer's employees, a different operation.",1
44FSupp3d736_affidavit_of_hecker_and,44 F.Supp.3d 736,neg29,"Exhibit A, Item 180 – Layover",NEGATIVE,not_risky,not_risky,0.4,0.28,"The two numbered paragraphs state different triggers for the same charge. Paragraph 1 conditions layover on the truck and driver being ""detained overnight""; paragraph 2 describes the charge as a ""[r]ate per day for detention in excess of six hours."" A six-hour daytime detention satisfies paragraph 2 but not paragraph 1, so it is genuinely uncertain when the charge attaches. Compounding this, paragraph 2 states no figure at all (""Rate per day"" with the amount omitted), leaving the item's own text incomplete. This is the strongest intrinsic defect among the Exhibit A items, though a court would likely read paragraph 1's overnight requirement as controlling and take the rate from Schedule B.","Schedule B supplies the missing amount ($390 per day), which cures the blank but not the trigger mismatch. Checked Item 120 (Detention with Power), whose $390 maximum is the same figure as one layover day — so on a long same-day detention it is unclear whether the $390 detention cap or a $390 layover day applies, and whether both could be billed. Overlapping charges without a stated boundary between them, but each is separately administrable.",1
44FSupp3d736_affidavit_of_hecker_and,44 F.Supp.3d 736,neg30,"Exhibit A, Item 190 – Pick Up or Delivery",NEGATIVE,not_risky,not_risky,0.19,0.27,"""During business hours"" is undefined and is the only term doing limiting work in the sentence — for a 24-hour trucking operation with no stated hours for consignees or shippers, its boundary is uncertain. The rest (one pick up, one delivery or tender, one site, placement of vehicle at the designated loading and unloading sites) is definite. Elevated slightly for the undefined ""business hours.""","§ 3(e) requires Carrier to provide ""weekend services, twenty-four hour services, holiday service,"" while this Item confines the included service to business hours and Schedule B prices Item 190 at ""No charge"" — so it is unclear whether after-hours service is free (per § 3(e), unpriced anywhere) or outside the base rate (per this Item). § 6(c) then forbids any accessorial not approved in advance. Also duplicative of Item 200.1, which states the same one-pickup/one-delivery inclusion in different words. Genuine but modest tension.",1
44FSupp3d736_affidavit_of_hecker_and,44 F.Supp.3d 736,neg31,"Exhibit A, Item 200 – Provisions Included in Base Rates",NEGATIVE,not_risky,not_risky,0.44,0.32,"Several nameable defects in one item. Paragraph 3 is syntactically broken — ""Carrier certifies that no trailer is used for the transportation of Shipper's product ... has ever been used for without sufficient cleaning and/or disinfecting or is being used for the hauling (or back hauling) of garbage ..."" — and its meaning cannot be recovered with confidence; it also ends in the catch-all ""or other similar items"" after a long enumerated list (garbage, trash, hazardous waste, dried animal feed, toxic compound, broken glass, pesticides, fertilizers, petroleum products, solvents, strong aromatic compounds, metal shavings), the classic ejusdem generis scope problem. Paragraphs 11 and 12 are bare fragments — ""Single shipment charge."" and ""Inspection charge."" — with no rate, trigger or definition. Paragraph 2 makes cleanliness ""the Shipper's sole judgement,"" an unreviewable standard. Offsetting these, paragraph 5 carefully defines ""secure lot"" and paragraphs 7–9 set concrete deadlines. On balance just below the flag.","Paragraph 1 defines ""delivery"" as transport ""to consignee's receiving location from the Shipper's facilities,"" while § 3(m) defines the same defined term as transport ""to consignee's door or job site"" — two operative definitions, with § 24 making this Exhibit version control. Paragraph 2 gives Shipper sole judgment on trailer suitability, while § 3(b) provides that Customer's failure to reject a trailer does not relieve Carrier — related but not aligned. Paragraphs 11–12 name charges that Schedule B prices as ""No charge"" for Item 200; the item's title (""Provisions Included in Base Rates"") largely harmonises that. Real seams, below the flag.",1
44FSupp3d736_affidavit_of_hecker_and,44 F.Supp.3d 736,neg32,"Exhibit A, Item 210 – Rate Base for Mileage Calculation Applications",NEGATIVE,not_risky,not_risky,0.18,0.3,"A single definite rule: mileage is determined by PC Miler 2000, in ""the version of which is in effect for Exel at time of tendering."" Tying the version to Customer's own installed version at a fixed moment gives Customer unilateral control but is objectively ascertainable, not ambiguous.","Item 280 (Out of Route Miles) specifies a different mileage basis for the same purpose — ""PC Miler 2000, V16 (Practical Miles)"" — a pinned version and a named routing method, whereas this Item floats the version and says nothing about practical versus shortest miles. Item 220 repeats this Item's floating formulation. Since out-of-route miles are measured against ""standard route mileage,"" the two provisions can yield different baselines for the same shipment. A genuine inconsistency in the rating machinery, though small in consequence.",1
44FSupp3d736_affidavit_of_hecker_and,44 F.Supp.3d 736,neg33,"Exhibit A, Item 220 – Re-consignments and/or Diversion",NEGATIVE,not_risky,not_risky,0.14,0.16,"Definite: a $150 flat charge plus linehaul to the point of reconsignment, an express definition of when a shipment is ""considered reconsigned"" (new destination identified before or after attempted delivery), and a named mileage source. The one term needing definition is expressly supplied.","Schedule B renders the linehaul component as ""$150 plus $1.25 per mile,"" which quantifies rather than contradicts this Item. Checked § 5(c), which forbids reconsignment without Customer's prior authorization and defers to ""the procedures of Exhibit A"" — this Item supplies them. The PC Miler version formulation differs from Item 280's pinned V16, a minor carry-over of the Item 210/280 mismatch.",1
44FSupp3d736_affidavit_of_hecker_and,44 F.Supp.3d 736,neg34,"Exhibit A, Item 230 – Return of Shipments",NEGATIVE,not_risky,not_risky,0.29,0.42,"""Shipments, which cannot be delivered for reasons beyond control of the carrier"" is the operative trigger and its boundary is not drawn anywhere — it is narrower than a consignee refusal and broader than force majeure, and § 21's ""without human intervention"" test does not by its terms apply to Exhibit A. The pricing sentence is also self-referential: the rate is ""as published in Schedule B herein, which is in effect on the date the shipment is returned,"" but this is not a tariff with dated publications. Elevated for the undefined trigger; below the flag because the sense is broadly recoverable.","The cross-reference fails on its own terms. This Item points to Schedule B for the applicable rate, but Schedule B's Item 230 row states no rate: ""Charge to be based on point of return to point of reconsignment, determined at time of occurrence."" So the price for a returned shipment is left to future determination — an open term — while § 6(c) simultaneously provides that the Exhibit A rates ""shall be the sole rates ... which Customer will pay"" and that ""[n]o additional or accessorial charges shall be assessed or paid without the prior approval of Customer."" § 5(d) further routes all refused and undelivered shipments to this indeterminate provision. A genuine unresolved gap in the instrument's pricing architecture; I stop just short of flagging because a court would likely fill it with a reasonable-rate term.",1
44FSupp3d736_affidavit_of_hecker_and,44 F.Supp.3d 736,neg35,"Exhibit A, Item 240 – Stops in Transit",NEGATIVE,not_risky,not_risky,0.24,0.25,"""[W]ith a maximum of 5 stops"" is genuinely double-edged: it reads either as a cap on the number of additional stops Carrier must make, or as a cap on the number of stops Carrier may charge for (i.e. a $575 ceiling). Nothing in the item resolves which. The rest — $75.00 first additional stop, $125.00 each thereafter, linehaul increased for additional miles — is precise.","Schedule B reproduces the two stop charges but omits the 5-stop limit entirely, so the ambiguity is not resolved by the rate table. Checked § 3(f), under which Carrier will stop in transit to partially load or unload ""[a]t Customer's request"" with no numerical limit — which cuts against reading the 5 as a service cap. Also checked Item 280: the additional miles from a stop-off are charged here through increased linehaul and there at $1.25 per mile as out-of-route miles, with no stated rule against charging both. Modest overlap.",1
44FSupp3d736_affidavit_of_hecker_and,44 F.Supp.3d 736,neg36,"Exhibit A, Item 250 – Expedited Team Service",NEGATIVE,not_risky,not_risky,0.06,0.07,"One quantified sentence: a $0.10 per-mile surcharge, an identified purpose (a second driver), and a stated condition (expedited service required to meet Shipper's delivery schedule). Nothing open.","Matches Schedule B ($0.10 per mile) exactly, and mileage is determined under Item 210. Consistent with § 3(e)'s undertaking to provide short-notice and expedited services. No conflict.",1
44FSupp3d736_affidavit_of_hecker_and,44 F.Supp.3d 736,neg37,"Exhibit A, Item 260 – Trailer Placement for Loading",NEGATIVE,not_risky,not_risky,0.13,0.15,"Definite. The right is conditioned on consignor's consent, and the deeming language (""shall be deemed to be for the sole convenience of Carrier"") is a clear allocation with a stated consequence — no detention or demurrage charges. The ""[n]otwithstanding consignor's consent"" opener forecloses the obvious counter-argument.","Checked Item 120, which charges detention only ""when the Carrier offers a vehicle with a power unit"" — drop trailers have no power unit, so the two do not collide. Checked Item 130, which charges storage when Carrier is required to sign for and hold a trailer, i.e. the reverse situation. Schedule B prices Item 260 at ""No Charge,"" consistent with the waiver. Coherent.",1
44FSupp3d736_affidavit_of_hecker_and,44 F.Supp.3d 736,neg38,"Exhibit A, Item 270 – Truck Ordered Not Used",NEGATIVE,not_risky,not_risky,0.19,0.11,"The charge is expressed as a ""$250.00 minimum charge"" with no rate basis or ceiling for anything above the minimum, so the text does not say how a larger charge would ever be computed. In practice it functions as a flat $250, and the exceptions (cancellation eight or more hours before pick-up, or another load provided) are precisely stated. Slightly elevated for the dangling ""minimum.""","Schedule B repeats the identical formulation (""$250 minimum charge""), so the instrument is internally consistent even if incomplete. Checked Item 120 (detention) and Item 180 (layover) — both presuppose the truck is used, so no double-charge overlap. Consistent with § 6(c)'s prior-approval regime for accessorials.",1
44FSupp3d736_affidavit_of_hecker_and,44 F.Supp.3d 736,neg39,"Exhibit A, Item 280 – Out of Route Miles",NEGATIVE,not_risky,not_risky,0.15,0.28,"The item states no rate of its own (""Charge per mile"" with the figure omitted) but does supply a precise definition of the thing charged — ""any additional miles driven beyond the standard route mileage as calculated using PC Miler 2000, V16 (Practical Miles)"" — pinning both the version and the routing method. Definite in substance.","Schedule B fills the blank at $1.25 per mile. The real friction is with Item 210, which makes rating mileage turn on ""PC Miler 2000, the version of which is in effect for Exel at time of tendering,"" while this Item pins V16 Practical Miles; the baseline against which out-of-route miles are measured therefore differs from the baseline used to rate the linehaul. Item 220 follows Item 210's floating formulation. Also overlaps Item 240, where extra stop-off miles are recovered through increased linehaul. Genuine but low-value inconsistency.",1
44FSupp3d736_affidavit_of_hecker_and,44 F.Supp.3d 736,neg40,"Exhibit A, Item 290 – Lumper Charges",NEGATIVE,not_risky,not_risky,0.08,0.08,"Defines ""lumper,"" states the trigger (carrier required to hire a laborer for shipper, consignor or consignee), and sets the measure (actual cost, direct pass-through, receipt to accompany the invoice). Fully determinate.","Matches Schedule B (""Pass through with receipt"") and dovetails with § 6(d), which requires Carrier to submit ""copies of unloading/lumping receipts, Com-checks/T-checks and the like ... with original Carrier invoice."" Item 170 covers carrier personnel rather than hired lumpers, so the two are complementary.",1
44FSupp3d736_affidavit_of_hecker_and,44 F.Supp.3d 736,neg41,"Exhibit A, Item 300 – Redelivery",NEGATIVE,not_risky,not_risky,0.23,0.2,"""[I]s deemed as the cause for the consignee inability to unload"" uses the passive with no decision-maker identified — deemed by whom, and on what showing? In a charge-allocation provision that matters. The item is also purely negative: it says only when redelivery charges do not apply, never when they do or in what amount. Elevated for the unattributed ""deemed.""","Schedule B supplies the amount ($75 per shipment) that the item omits, so the gap is filled. Checked Item 120, which likewise addresses late or early carrier arrival by excluding the appointment-to-arrival differential from detention time — consistent in principle (Carrier bears its own lateness). Checked § 5(b), requiring immediate notification of delivery problems. No contradiction.",1
44FSupp3d736_affidavit_of_hecker_and,44 F.Supp.3d 736,neg42,"Exhibit A, Item 310 – Per Diem - Intermodal Only",NEGATIVE,not_risky,not_risky,0.14,0.12,"Unusually careful for this Exhibit: $25 per day, free time fixed at both origin and destination, the counting rule spelled out (pick-up or notify day plus two free days), and the weekend rule worked through day by day, with the Thursday/Friday and Monday/Tuesday/Wednesday cases stated explicitly and consistently with the ""falls within the free time"" principle. The only omission is a Saturday or Sunday pick-up, an edge case the general rule still resolves.","Matches Schedule B ($25 per day after expiration of free time). Item 320 expressly adopts this free-time schedule, so the two intermodal items interlock. Its intermodal subject matter is unusual in a motor carrier agreement, but § 3's scope is broad and Item 320 confirms the parties intended intermodal coverage.",1
44FSupp3d736_affidavit_of_hecker_and,44 F.Supp.3d 736,neg43,"Exhibit A, Item 320 – Intermodal Storage",NEGATIVE,not_risky,not_risky,0.1,0.24,"One sentence, fully specified: two days' free time, $100.00 per day thereafter, and an express incorporation of Item 310's free-time schedule rather than a fresh and possibly divergent counting rule. Definite.","Item 320 is missing from the Exhibit A SPECIAL SERVICES index, which stops at ""Intermodal Per Diem 310,"" although the charge does appear in Schedule B — an indexing gap rather than a substantive conflict. Checked Item 130 (OTR storage at $40 per day): the two storage rates differ, but Item 130 is expressly limited to OTR shipments and Item 320 to intermodal, so they do not overlap. Checked Item 310, whose free-time schedule this Item adopts by reference — that cross-reference lands. Mildly elevated for the omission from the index.",1
226FSupp3d743_exhibit_b,226 F.Supp.3d 743,pos1,"Royalties, Quantity and Payments \u2014 Section 2(b) (projected manufacturing quantities)",POSITIVE,risky_cat2,risky_cat1,0.68,0.62,"The operative verb phrase ""projects to manufacture at least"" is genuinely susceptible of two reasonable constructions. ""Projects"" is the language of forecast or estimate — a non-binding statement of expectation — while ""at least"" is the language of a binding floor or minimum commitment. A reader cannot tell from the clause's own words whether Licensee has undertaken an enforceable minimum-volume obligation or merely stated a business projection. Compounding this, the numbers are tied to ""manufacture,"" not to sale, so even on the binding reading it is unclear what is promised: units made, or units moved. The clause also supplies no consequence for falling short, leaving the promissory character of ""projects"" undetermined on its face. This is the same species of defect the Hartford court found in ""premises""/""person""/""occupy"": a term that on ordinary usage bears more than one reasonable meaning, each of which a party can fairly advance.","Section 2(d) requires fixed monthly payments of $16,313 / $19,031 / $23,562, which are precisely the projected quantities multiplied by the $0.87 Royalty Rate of §2(a) and divided by twelve (225,000 × $0.87 ÷ 12 = $16,312.50). Section 2(e) then computes an ""Excess Payment"" on Products *sold* ""in excess of the projected amount for that year set forth in section (b)"" — treating (b)'s manufacturing projections as a sales baseline. Section 2(f) speaks of an aggregate 812,500 units ""for which payment had already been made,"" which is the sum of the three (b) figures. So the rest of Section 2 operates as though (b) fixed binding minimums measured in sales, while (b) itself says only that Licensee ""projects to manufacture."" Section 5(d) reinforces the tension by contrasting the (d)/(e) regime with a fallback of ""no minimum quantities required,"" implying the ordinary regime does impose minimums. Pulling the other way, §14(g) disclaims any guarantee as to sales activity. Harmonising all of these still leaves a genuine internal inconsistency about whether (b) is a commitment or a forecast, and whether it is measured by manufacture or by sale.",1
226FSupp3d743_exhibit_b,226 F.Supp.3d 743,pos2,"Royalties, Quantity and Payments \u2014 Section 2(i) (Best Efforts Provision)",POSITIVE,risky_cat2,risky_cat2,0.44,0.85,"""Good faith, best efforts"" is a recognised commercial standard, but as drafted here it is left wholly undefined and unbenchmarked — no minimum spend, no sales targets, no reference point against which effort is measured. The compound ""good faith, best efforts"" is itself uncertain: it may state one hybrid standard or two cumulative ones, and ""best efforts"" is variously construed as anything from ordinary diligence to a near-fiduciary exertion. The object, ""all Products manufactured,"" is definite enough. Standing alone the clause is vague but not incoherent, and courts routinely enforce best-efforts covenants, so this sits below the flagging line — the real problem is relational, not intrinsic.","This provision is squarely contradicted by §14(g), which states that Licensee ""makes no guarantees, representations, warranties, or promises regarding its sales activity of the Product and shall in its sole discretion devote as much or as little (or none) of its time and resources to selling the Product."" One clause imposes an affirmative best-efforts duty to market and sell; the other disclaims any promise about sales and reserves absolute discretion to devote nothing. These cannot both be given full force: a party who devotes none of its resources to selling has by definition not used best efforts. This is the Roadlink pattern — a broad disclaimer sitting against an affirmative quality/performance undertaking elsewhere in the same instrument, with no conditional language subordinating one to the other, and no ""notwithstanding"" clause resolving priority (contrast §2(h) and §2(j), which do carry such language). The tension is aggravated by §2(b)/(e), whose volume projections presuppose active selling effort.",1
226FSupp3d743_exhibit_b,226 F.Supp.3d 743,pos3,Miscellaneous \u2014 Section 14(g) (Discretionary Clause),POSITIVE,risky_cat2,risky_cat2,0.3,0.85,"Read alone, the wording is definite: ""sole discretion,"" ""as much or as little (or none) of its time and resources"" leaves no boundary problem — the parenthetical ""(or none)"" deliberately closes off any argument that some minimum effort is required. The enumerated disclaimer list (""guarantees, representations, warranties, or promises"") is a closed set of near-synonyms with no trailing catch-all, so there is no ejusdem generis issue. The only intrinsic softness is the reach of ""regarding its sales activity of the Product,"" which might or might not extend to manufacturing volumes. That is a modest concern; the clause's own drafting is clear.","Buried in a boilerplate ""Miscellaneous"" section, this clause negates the operative covenant in §2(i) that ""Licensee shall use good faith, best efforts to market and sell all Products manufactured."" A sole-discretion right to devote no resources to selling cannot be reconciled with an affirmative best-efforts selling covenant. It also sits awkwardly against the §2(b) volume projections and the §2(e) Excess Payment mechanism, which are built on an assumption of sales activity, and against §2(a)'s sales-based Royalty Rate. Neither §2(i) nor §14(g) is subordinated by conditional or ""notwithstanding"" language, and §14(b) expressly bars using headings/arrangement to interpret the Agreement, so its placement in ""Miscellaneous"" cannot be invoked to demote it. Harmonising every provision still leaves a genuine, unresolved internal inconsistency about whether Licensee owes any selling effort at all.",1
226FSupp3d743_exhibit_b,226 F.Supp.3d 743,neg1,Preamble,NEGATIVE,not_risky,not_risky,0.1,0.12,"An introductory identification paragraph: it names both parties, assigns defined labels (""Licensee"" for Medical Components, ""Licensor"" for Osiris), gives addresses, and ties formation to ""the Effective Date."" Every element is definite and no term carries a second reasonable meaning. Deferring the date to a defined term is ordinary drafting, and ""Effective Date"" is expressly defined in §1(a).","Checked against §1(a) (""Effective Date"" = date of execution by both parties) and §1(f) (""Party to this Agreement""). The role labels are used consistently throughout, and the addresses match those in §15(a) exactly. The variant spellings ""Licensor""/""Licensors""/""Licenser"" that appear elsewhere are typographical, not substantive, and §14(d) supplies a singular/plural rule. The signature block dates (12/19 and 12/20/2011) sit slightly against the recital that the Agreement was signed ""this 19 day of Dec, 2011,"" but §1(a)'s ""executed by both parties"" resolves that. No conflict.",1
226FSupp3d743_exhibit_b,226 F.Supp.3d 743,neg2,1. Definitions,NEGATIVE,not_risky,not_risky,0.22,0.18,"Most of the definitions are tightly drawn — the Patent is identified by number, ""IP Rights"" is bounded to that patent plus reissues and continuations, and ""Product"" is expressly narrowed by ""Product only includes devices that would infringe the Patent,"" which cures what would otherwise be a vague reference to a product design. Two minor soft spots: the Year definitions produce a one-day overlap (First Year ends on, and Second Year begins on, ""the last day of the month falling 12 months after the Validation Date""), and ""Validation Date"" turns partly on Licensee's own acceptance of parts, though the thirty-day review cap disciplines that discretion. These are drafting imprecisions rather than genuine multiple-meaning ambiguities.","Checked against §2(b)-(f), which key the payment schedule to First/Second/Third Year, and against §8(a), which folds a future CT Huber 510k product into ""Product"" using the same infringement test as §1(d). Also checked §9(a), which sets the term at three years from the Effective Date while the Year definitions run from the Validation Date — the two can diverge, but §9(a) governs duration and the Year definitions govern payment periodicity, so they operate on different axes and can be harmonised. No operative contradiction.",1
226FSupp3d743_exhibit_b,226 F.Supp.3d 743,neg3,3. Rights,NEGATIVE,not_risky,not_risky,0.28,0.22,"The grant is definite in its essentials: non-exclusive, non-assignable, term-limited, with enumerated permitted uses (manufacturing, advertising, selling) and a closing restriction (""Licensee may not make any other use of the IP Rights"") that forecloses catch-all expansion. One internal wrinkle: ""Licensee's manufacturers so identified may manufacture Products for Licenser, but exclusively for Licensee"" is self-contradictory on its face, though ""for Licenser"" reads as an evident scrivener's slip that the immediately following ""but exclusively for Licensee"" corrects. Subsection (b)'s ""any other use"" is broad but is a grant of disposal freedom rather than a boundary that must be policed.","Checked against §16, which repeats the manufacturer carve-out in matching terms, and against §11(a), whose no-assignment rule is consistent with the ""non-assignable"" grant. Checked §3(b) (""free to dispose of that Product in any manner ... including ... a gift"") against §2(h), which defines ""sale"" to include a gift or transfer without consideration — but (b) confers freedom of disposition while 2(h) fixes what triggers royalty, so they operate compatibly. Section 3(c)'s recital of the Raul Garcia head licence matches §16 and §6. No irreconcilable conflict.",1
226FSupp3d743_exhibit_b,226 F.Supp.3d 743,neg4,4. Representations,NEGATIVE,not_risky,not_risky,0.16,0.16,"Each representation is discrete and testable: authority to contract, that the Patent has issued, and a 90-day pre-notice obligation before a proposed acquisition or transfer with a numerically capped guarantee of open orders. The bracketed ""[up to a maximum of 275,000 units in the aggregate]"" is unusual typography but perfectly definite as to quantity. ""Which Licensors intends to conclude"" turns on intent and is somewhat soft, but it operates as a trigger condition rather than a boundary term with competing meanings.","Checked against §6 (Licensor's duty to maintain the Patent, or cause Raul Garcia to do so) and §3(c)/§16 (Licensor holds only a sublicensable interest from Raul Garcia) — a transfer-notice covenant fits coherently with that structure. Also checked §11(a), which permits Licensor to assign the right to receive royalties; §4(c) addresses transfer of the Patent itself, a different subject, so the two do not collide. The 275,000-unit order cap is not contradicted by the §2(b) volume figures, since it governs open orders at a transfer event rather than annual quantities.",1
226FSupp3d743_exhibit_b,226 F.Supp.3d 743,neg5,5. Indemnifications,NEGATIVE,not_risky,not_risky,0.35,0.33,"Subsections (a) and (b) are drafted as mirror-image indemnities, but (b) says Licensee indemnifies Licensor for harm ""arising from Licensors material breach"" — indemnifying a party against the consequences of its own breach, which is nonsensical as a reciprocal provision and is plainly a copy-paste slip for ""Licensee's material breach."" That is a visible textual defect rather than a term bearing two reasonable meanings, and a court would very likely correct it as an obvious scrivener's error from the manifest parallel structure, so it falls short of true ambiguity. ""Proportional extent"" and ""material breach"" are common, workable standards.","Subsection (c) presupposes ""a situation where both indemnification obligations apply"" and allocates comparatively ""based upon the respective fault of the parties"" — which only makes sense if (a) and (b) are triggered by each party's own breach. Read literally, (b) as written could never combine with (a) in the way (c) contemplates, so (c) itself supplies the strongest evidence that (b) contains a typographical error and simultaneously supplies the cure. Subsection (d) meshes cleanly with §2(d)-(f), expressly naming the provisions it suspends. The tension is real but self-correcting on a whole-instrument reading, so it stays below the flagging line.",1
226FSupp3d743_exhibit_b,226 F.Supp.3d 743,neg6,6. Patent Maintenance,NEGATIVE,not_risky,not_risky,0.22,0.14,"The obligation is affirmative and clear — maintain the validity and enforceability of the Patent — with two concrete illustrations (paying maintenance fees when due, defending reexaminations). The structure ""all customary actions ... such as [specifics] ... and any other action needed"" does place a catch-all alongside enumerated examples, which invites an ejusdem generis argument about how far ""any other action"" reaches (does it compel expensive litigation?). But the governing limiter is the purpose clause — ""needed to maintain the validity and enforceability of the Patent"" — which supplies an objective boundary the catch-all must satisfy, so the general-versus-specific tension is contained.","Checked against §3(c) and §16, which establish that Raul Garcia owns the Patent and Licensor holds only a licence — hence the ""or cause Raul Garcia to take"" formulation, which is exactly what that structure requires. Also checked §7, which puts the notification burden for third-party infringement on Licensee, and §5(d), which addresses what happens if a third-party infringement claim arises; neither contradicts a maintenance covenant. Consistent throughout.",1
226FSupp3d743_exhibit_b,226 F.Supp.3d 743,neg7,7. Third party Infringements of the Patent,NEGATIVE,not_risky,not_risky,0.13,0.12,"A single-sentence notice duty. ""Promptly"" is a standard elastic-but-workable temporal term, and the obligation is expressly bounded by actual knowledge (""known to Licensee""), which forecloses any argument about a duty to investigate. No enumerated list, no catch-all, no term carrying a competing reasonable meaning.","Checked against §6 (Licensor bears the maintenance and enforcement-side burden) and §16 (Licensee's own non-infringement and non-interference covenant) — a bare notice obligation on Licensee complements both without overlapping. Also checked §5(d), which handles the financial consequences of a third-party infringement claim; §7 concerns third parties infringing the Patent, a distinct subject. No conflict.",1
226FSupp3d743_exhibit_b,226 F.Supp.3d 743,neg8,8. New Product,NEGATIVE,not_risky,not_risky,0.27,0.26,"Subsection (a) is definite: it uses the same infringement test as §1(d) to fold a future CT Huber 510k product into ""Product."" Subsection (b) contains an arithmetic oddity — the option covers ""each of the 510k or CE approval files ... for $15,000.00 each, for a total not to exceed $60,000.00,"" but only two categories of file are named, so the $60,000 cap implies four files. That leaves the number of purchasable files, and hence the option's scope, uncertain on the clause's own terms. It is a modest quantitative loose end rather than a term with two competing meanings.","Checked against §9(b), which says that on termination ""all rights and obligations set forth in this Agreement have terminated"" — yet §8(b) confers an option exercisable ""upon termination of this Agreement for any reason."" Read strictly, §9(b) would extinguish the very right §8(b) creates. The natural harmonisation is that §9(b) addresses the licence and performance obligations while §8(b), §9(d), §2(j) and §17(a) are express survival provisions; that reading is available and reasonable, so the tension does not rise to genuine incoherence attributable to this clause.",1
226FSupp3d743_exhibit_b,226 F.Supp.3d 743,neg9,9. Term,NEGATIVE,not_risky,not_risky,0.3,0.38,"Subsections (a), (b) and the option in (d) are largely definite. Two soft spots: (c)'s ""[a]t a time close to the expiration of the three year term"" supplies no ascertainable window, though the clause requires mutual written agreement anyway and so creates no enforceable obligation whose breach would turn on the timing; and (d)'s valuation formula — ""at their value, calculated by the original purchase price therefore, depreciated with an equal amortization over the Term"" — is workable but does not specify measurement date or treatment of molds acquired mid-term. These are drafting imprecisions in ancillary machinery rather than ambiguity in the operative term-length provision.","Subsection (b)'s sweeping statement that on termination ""all rights and obligations set forth in this Agreement have terminated"" sits against several provisions that expressly survive: §2(j) (post-termination royalties payable within thirty days), §8(b) (Licensor's file-purchase option ""upon termination""), §9(d) itself (mold-purchase option on termination), and §17(a) (audit rights ""for a period of three (3) years after the termination""). Section 2(j) opens ""Notwithstanding anything herein to the contrary,"" which expressly overrides §9(b), and the remaining options are all keyed to termination, so they can be read as carve-outs from a general rule. There is also a mismatch between §9(a)'s three years ""from the Effective Date"" and the §1(g)-(j) Year definitions running from the Validation Date. Real tension, but each strand is harmonisable on a whole-instrument reading, so it stays under the line.",1
226FSupp3d743_exhibit_b,226 F.Supp.3d 743,neg10,10. Choice of Jurisdiction,NEGATIVE,not_risky,not_risky,0.13,0.12,"A one-sentence consent to jurisdiction and venue in a named forum, covering ""any legal proceedings arising out of this Agreement."" ""Arising out of"" is a settled term of art with well-established scope, and the forum is identified without qualification. There is no enumerated list against a catch-all, and no word here carries a second reasonable meaning. That the chosen forum (Delaware) has no evident connection to the parties' Pennsylvania and Texas addresses may raise enforceability questions, but that is not a defect in the clause's wording.","Checked against §13 (entire agreement and severability), §14(i) (prevailing-party attorneys' fees) and §15 (notice and cure before liability attaches) — all litigation-related machinery, none of which nominates a different forum or a competing dispute-resolution mechanism. There is no arbitration clause anywhere in the instrument to compete with it, and no choice-of-law provision that could pull against the forum selection. Consistent.",1
226FSupp3d743_exhibit_b,226 F.Supp.3d 743,neg11,11. Assignment,NEGATIVE,not_risky,not_risky,0.14,0.17,"The rule and its single exception are cleanly stated: no assignment or transfer without the other party's permission, ""provided, however, that Licenser shall be entitled to assign the right to receive royalties."" The proviso is precisely delimited to a payment stream. Subsection (b)'s successors-and-assigns language uses ""permitted assigns,"" which correctly ties back to the consent requirement rather than undercutting it. No vague term requiring a boundary judgment.","Checked against §3(a), which grants a ""non-assignable"" licence — consistent with, and reinforced by, §11(a). Checked §3(b)'s reference to ""Licensee's permitted assigns,"" which presupposes exactly the consent mechanism §11(a) creates. Checked §4(c), which contemplates a transfer of the Patent by Licensor with 90 days' notice: that concerns transfer of the underlying property rather than assignment of this Agreement, so the two operate on different objects. Also checked §12 (bankruptcy/§365(n)), which is compatible. No conflict.",1
226FSupp3d743_exhibit_b,226 F.Supp.3d 743,neg12,12. Bankruptcy,NEGATIVE,not_risky,not_risky,0.14,0.14,"A short, targeted provision invoking a specific statutory regime, 11 U.S.C. § 365(n), and stating in terms the two things that section turns on: election to retain licence rights, and withholding of consent to transfer or termination. It identifies the rights preserved by cross-reference to ""Section 3 of this Agreement,"" so scope is fixed rather than open-textured. Nothing here bears a competing reasonable meaning.","Checked against §3, the grant it expressly preserves, and against §9(b)'s general statement that all rights terminate on termination — §12 addresses a bankruptcy-triggered attempt to reject or terminate, which is the precise situation § 365(n) governs, so the two address different events. Also checked §11(a): a bankruptcy trustee's transfer attempt is separately constrained by the no-assignment rule, which reinforces rather than contradicts §12. Coherent.",1
226FSupp3d743_exhibit_b,226 F.Supp.3d 743,neg13,13. Entire Agreement,NEGATIVE,not_risky,not_risky,0.15,0.2,"Three standard, discrete components: integration, a written-modification requirement, and severability. Each is stated in definite terms with no elastic qualifier and no general catch-all sitting against enumerated specifics. ""Entire, final, and integrated"" is a conventional triad signalling a fully integrated writing. Nothing requires a boundary judgment.","Checked against §3(c) and §16, which acknowledge and rely upon an external instrument — the January 1, 2007 License Agreement between Licensor and Raul Garcia. An integration clause coexists comfortably with recitals acknowledging a third-party head licence, since that licence is not an agreement between these two parties on this subject matter. Also checked §9(c) (extension only by mutual written agreement) and §14(a) (no waiver by failure to enforce), both of which reinforce the written-modification rule. Consistent with the instrument as a whole.",1
226FSupp3d743_exhibit_b,226 F.Supp.3d 743,neg14,15. Notices and Opportunity to Cure,NEGATIVE,not_risky,not_risky,0.17,0.18,"The mechanics are concrete: written notice to a stated street address, and fixed numerical cure periods of thirty days for monetary and sixty days for non-monetary breaches. The monetary/non-monetary dichotomy is exhaustive, so no residual category is left unaddressed. Minor looseness: the clause does not specify the method of delivery or when notice is deemed effective, and it lists both parties' addresses without labelling which is the recipient in a given case — but the party names supplied make that obvious. No genuine multiple-meaning problem.","Checked against §2(g), which imposes 1.5% monthly interest on royalties ""more than 30 days past due"" — this dovetails with, rather than contradicts, the thirty-day monetary cure period. Checked §9, which contains no separate termination-for-breach mechanism that would bypass the cure regime, and §14(i) (attorneys' fees on enforcement), which operates after cure has failed. The addresses match the Preamble exactly. No inconsistency.",1
226FSupp3d743_exhibit_b,226 F.Supp.3d 743,neg15,16. Intellectual Property,NEGATIVE,not_risky,not_risky,0.17,0.15,"An acknowledgement of ownership plus a negative covenant, closed by an express carve-out. ""Otherwise interfere with the IP Rights"" is the one open-textured phrase, sitting after the specific ""infringe upon the Patent or IP Rights"" — a mild general-after-specific structure — but the surrounding subject matter (patent rights held under a head licence) supplies a workable genus, and the semicolon-linked ""however"" clause expressly removes the one class of conduct that would otherwise be contentious, namely contract manufacture for Licensee.","Checked against §3(a), which contains the parallel manufacturer authorisation in matching language (""for Licensee, and exclusively for Licensee"") — §16 confirms rather than contradicts it, and indeed cures the stray ""for Licenser"" slip in §3(a). Checked §3(c), which recites the same Raul Garcia ownership and sublicence structure, and §6, which assigns maintenance duties consistently with Licensor's licensee status. Fully harmonious.",1
226FSupp3d743_exhibit_b,226 F.Supp.3d 743,neg16,17. Records/Audits,NEGATIVE,not_risky,not_risky,0.24,0.27,"A long but carefully specified audit regime: defined records, a three-year post-termination tail, three business days' notice, normal business hours, a confidentiality precondition on any representative, a 5% shortfall threshold triggering cost-shifting, and express treatment of overpayments. The quantities and triggers are all numerical. Two blemishes: the clause both grants access ""[a]t any time during the term"" and then, ""[n]otwithstanding the foregoing,"" a further right to inquire ""at any time and from time to time,"" which leaves the relationship between formal audits and informal inquiries loose; and subsection (b) refers to a shortfall ""of the amounts due Licensee,"" plainly a slip for ""due Licenser"" given (a)'s parallel wording. Both are evident scrivener-level errors rather than genuine ambiguity.","Subsection (b)'s two-requests-per-year cap sits against (a)'s ""at any time"" and its ""[n]otwithstanding the foregoing"" inquiry right, but (b) is drafted expressly as a limit on ""requests under subsection (a) of this Section,"" which resolves the priority question on the face of the instrument. Checked against §2(c) (quarterly sales reporting) and §2(e)-(f), which supply the payment figures the audit tests — the audit machinery is built to police exactly those obligations. Checked §9(b)'s general termination language against the three-year post-termination audit tail; as with §8(b) and §9(d), this reads as an express survival carve-out. Tension present but harmonisable.",1
