job_id,contract_id,clause_id,citation,clause_name,taxonomy,taxonomy_provenance,type,prob,issue,matched,matched_key,gold_issue,gold_type,alignment,determinable,words_at_issue,evidence,reason
122FSupp3d1157_broker_dealer_agreement__c038__t1_1,122FSupp3d1157_broker_dealer_agreement,c038,122 F.Supp.3d 1157,5.4 Entire Agreement,1.1,westlaw,1,0.28,"The clause makes ""the other agreements and instruments executed and delivered in connection with the issuance of the Series 2004 Auction Bonds"" part of the entire agreement without identifying or limiting them. Which documents are inside the integrated whole — and therefore what the parties may prove — cannot be determined from the words.",g1,122FSupp3d1157_broker_dealer_agreement__c038__i1,The phrases “other agreements and instruments executed and delivered” and “entire agreement between the parties relating to the subject matter hereof” were lexically ambiguous as to whether related written agreements were incorporated into an expanded agreement and forum-selection scope or the clause merely barred prior parol evidence.,1.1,0.68,True,"The proposed issue turns on “the other agreements and instruments executed and delivered in connection with the issuance of the Series 2004 Auction Bonds” and the clause’s silence about which documents satisfy that description. G1 turns on that same phrase together with “entire agreement between the parties relating to the subject matter hereof,” asking whether those words incorporate related written agreements or merely exclude prior parol evidence.","Goldman Sachs countered, however, that the merger clause’s language — stipulating that it covered “instruments executed and delivered” — indicates that it covered more than just any potential oral agreements that may have existed, and-“obyiously ... [included] other written, agreements that deal with the 2004 issuance.”","Both identify uncertainty created by the phrase covering “other agreements and instruments”: the proposed issue questions which writings enter the integrated whole, while g1 questions whether related writings are incorporated at all and thereby expand the agreement and forum-selection scope. G1 is broader and focuses on incorporation’s legal effect rather than solely the documents’ unidentified boundaries."
122FSupp3d1157_broker_dealer_agreement__c038__t2_1,122FSupp3d1157_broker_dealer_agreement,c038,122 F.Supp.3d 1157,5.4 Entire Agreement,1.1,westlaw,2,0.36,"The disclaimer of ""other representations, endorsements, promises, agreements or understandings, oral, written or inferred"" is aimed at Goldman's pre-contract Proposal to Provide Investment Banking Services (November 24, 2003), which touted ""unparalleled auction rate performance"" and that ""our clients' interests always come first."" Whether the Proposal survives as part of the parties' bargain or is extinguished by this clause is a direct conflict between the two documents.",,,,,0.0,True,"The proposed issue turns on “there are no other representations, endorsements, promises, agreements or understandings, oral, written or inferred” and its effect on Goldman's November 2003 Proposal. Candidate g1 turns on “other agreements and instruments executed and delivered,” “entire agreement between the parties relating to the subject matter hereof,” and their relationship to the forum-selection clause.",,"The proposed issue concerns whether specific representations in Goldman's pre-contract Proposal were extinguished by the disclaimer. Candidate g1 instead concerns whether executed and delivered related agreements enlarge the integrated agreement and the forum-selection clause’s scope, rather than merely being excluded as parol evidence; that is a different defect involving different operative language."
122FSupp3d1157_broker_dealer_agreement__c044__t1_1,122FSupp3d1157_broker_dealer_agreement,c044,122 F.Supp.3d 1157,5.9 Governing Law; Jurisdiction; Waiver of Trial by Jury,1.1,westlaw,1,0.42,"Actions ""shall be brought in the United States District Court in the County of New York"" names a court that does not exist — there is no federal district court ""in the County of New York"" by that name — and the clause does not say whether it is exclusive or what happens if federal subject-matter jurisdiction is lacking. The venue designation and the mandatory/permissive character of the clause are both open to construction.",g3,122FSupp3d1157_broker_dealer_agreement__c044__i3,The wording “all actions and proceedings ... shall be brought” was disputed as mandatory and exclusive venue language rather than a permissive authorization to litigate in New York.,1.1,0.78,True,"The proposed issue concerns “shall be brought in the United States District Court in the County of New York,” including both the court designation and whether “shall be brought” makes that forum exclusive. G1 concerns “transactions contemplated hereby”; g2 concerns whether “all actions and proceedings” includes arbitration; g3 concerns whether “all actions and proceedings ... shall be brought” is mandatory and exclusive rather than permissive.","The forum-séleetion clause is mandatory, because its language cannot be reasonably construed as being permissive.",G3 matches the proposed issue’s complaint that “shall be brought” is open to mandatory/exclusive versus permissive construction. The proposed issue is broader because it also separately challenges the named court’s existence and the clause’s failure to address absent federal subject-matter jurisdiction.
129FSupp3d782_the_policy__c104__t1_1,129FSupp3d782_the_policy,c104,129 F.Supp.3d 782,IX.I. Jurisdiction and Venue,2.2,westlaw,1,0.24,"The clause names a State rather than a court, requires the parties to ""comply with all requirements necessary to give such court jurisdiction"" without identifying any court, and then preserves removal to federal court. Whether it is a binding exclusive forum-selection clause at all is unclear from its own words.",,,,,0.0,True,"The proposed issue concerns “exclusive jurisdiction of the State of New York,” the unclear referent of “such court,” and the sentence preserving removal to federal court. Candidate g1 concerns the conflict between “exclusive jurisdiction of the State of New York” and the separate Endorsement’s promise to submit to “any court of competent jurisdiction”; it does not concern the clause’s use of “State,” “such court,” or its removal language as sources of internal uncertainty.",,"The proposed issue alleges internal uncertainty in the clause’s identification of a forum and its preservation of removal. Candidate g1 instead identifies a conflict with the separate Endorsement and concludes that the Endorsement supplanted an otherwise unambiguous New York forum requirement, so it is not the same defect."
129FSupp3d782_the_policy__c104__t2_1,129FSupp3d782_the_policy,c104,129 F.Supp.3d 782,IX.I. Jurisdiction and Venue,2.2,westlaw,2,0.3,"The clause submits the parties to ""the exclusive jurisdiction of the State of New York"" while Endorsement 15 promises that, at the insured's request, the company ""will submit to the jurisdiction of any court of competent jurisdiction"". The two cannot both fix the forum.",g1,129FSupp3d782_the_policy__c104__i1,"The promise that the parties “shall submit to the exclusive jurisdiction of the State of New York” was in whole-contract tension with the Endorsement’s submission to “any court of competent jurisdiction,” and the court held that the Endorsement supplanted the New York forum requirement.",2.2,0.99,True,"The proposed issue concerns “the exclusive jurisdiction of the State of New York” and its conflict with Endorsement 15’s “jurisdiction of any court of competent jurisdiction.” Candidate g1 concerns those same two phrases and the same whole-contract conflict, while also recording that the Endorsement displaced the New York requirement.","Reading the Policy as a whole and giving effect to all of its provisions’ plain meaning, the Court concludes the Service of Suit Endorsement supplants the forum-selection clause and unambiguously permitted Rembrandt to file this action in this Court.",Both identify the same direct conflict between exclusive New York jurisdiction and Endorsement 15’s authorization of any competent court. The candidate additionally states the court’s resolution—that the Endorsement supplanted the forum-selection clause—but that does not change the identity of the defect.
129FSupp3d782_the_policy__c192__t2_1,129FSupp3d782_the_policy,c192,129 F.Supp.3d 782,Endorsement 15 — Submission to Jurisdiction,2.2,westlaw,2,0.3,"The company's promise to ""submit to the jurisdiction of any court of competent jurisdiction"" at the insured's request cannot be squared with Section IX.I., which commits the parties to the exclusive jurisdiction of the State of New York. Which provision fixes the forum is a direct conflict.",g1,129FSupp3d782_the_policy__c192__i1,"The promise to “submit to the jurisdiction of any court of competent jurisdiction” was disputed as either merely conveying personal jurisdiction or, when the Policy was read as a whole, amending the New York-exclusive forum-selection clause to let the insured choose any competent court.",2.2,0.95,True,"The proposed issue concerns “submit to the jurisdiction of any court of competent jurisdiction” and its conflict with Section IX.I.’s “exclusive jurisdiction of the State of New York.” Candidate g1 concerns those same words and the same cross-provision conflict, asking whether the Endorsement merely grants personal jurisdiction or instead amends the New York-exclusive clause.",The parties provide two possible interpretations of the interplay between the forum-selection clause and the Endorsement. Rembrandt’s interpretation is that the Endorsement is meant as an amendment and thereby changes the Policy’s general jurisdiction and venue terms. (PI. Resp. at 1.) Illinois Union posits that the Endorsement merely conveys personal jurisdiction over it and has no impact on the forum-selection clause. (Def. Reply at 1.),Both identify the same conflict between the Endorsement’s promise to submit to any competent court and the Policy’s New York-exclusive forum clause. The candidate adds the parties’ competing constructions—personal-jurisdiction consent versus amendment—but addresses the precise defect proposed.
129FSupp3d782_the_policy__c195__t2_1,129FSupp3d782_the_policy,c195,129 F.Supp.3d 782,Endorsement 15 — Preservation of Policy Terms,2.2,westlaw,2,0.2,"The saving clause says nothing herein varies the Policy's terms ""other than as above stated"", leaving unresolved whether the endorsement's jurisdiction and service undertakings do override Section IX.I.'s exclusive New York jurisdiction clause. The exception swallows the reservation.",g1,129FSupp3d782_the_policy__c195__i1,"The preservation language “OTHER THAN AS ABOVE STATED” created a whole-contract coherence question over whether the Endorsement could vary the Policy, and the court read it to permit the stated service-of-suit terms to amend the forum-selection clause.",2.2,0.97,True,"The proposed issue turns on “OTHER THAN AS ABOVE STATED” and its effect on the conflict between the endorsement’s jurisdiction/service undertakings and Section IX.I’s exclusive New York clause. Candidate g1 turns on the same exception and the same conflict, describing it as permitting the stated service-of-suit terms to vary the forum-selection clause.","The Endorsement ends by stating: “NOTHING HEREIN CONTAINED SHALL BE HELD TO VARY, ALTER, WAIVE OR EXTEND ANY OF THE TERMS, CONDITIONS, OR LIMITATIONS OF THE POLICY TO WHIGH THIS ENDORSEMENT IS ATTACHED OTHER THAN AS ABOVE STATED.” (Id.) (emphasis added). Accordingly, this Court concludes that the plain meaning of this language is quite clear — the Endorsement changes the Policy with respect to the contents of the Endorsément, which indicates that the insured may choose. any competent court in which to sue the insurer.","Both identify the same coherence problem: whether the saving clause’s exception permits the endorsement’s service-of-suit language to override the Policy’s exclusive forum-selection clause. The proposed issue presents the question as unresolved, while g1 records the court’s resolution that the exception allows the amendment."
161FSupp3d970_policy_of_insurance_number__c009__t1_1,161FSupp3d970_policy_of_insurance_number,c009,161 F.Supp.3d 970,Insuring Agreement,"1.1,1.3",model,1,0.44,"""Risks of direct physical loss or damage"" is undefined and its boundary — whether cosmetic, functional or merely diminished-value harm counts as ""direct physical loss or damage"" — is the classic battleground of an all-risk grant. The phrase ""unless excluded"" also leaves the burden and reach of the exclusions to be worked out.",g1,161FSupp3d970_policy_of_insurance_number__c009__i1,"The phrase “direct physical loss or damage” was alleged to be lexically ambiguous between any physical alteration, including cosmetic hail dents, and only damage measurably reducing the property’s usefulness or function.",1.1,0.95,True,"The proposed issue concerns “risks of direct physical loss or damage,” particularly its coverage of cosmetic, functional, or diminished-value harm, and separately “unless excluded.” Candidate g1 concerns the lexical scope of “direct physical loss or damage” as between cosmetic alteration and functional impairment; g2 instead concerns whether that grant is narrowed by the separate “covered loss” provisions in the Coverages section.","Defendant cites several cases for the proposition that “physical loss or damage” requires a showing of a measurable reduction in the property’s usefulness or a change to an unsatisfactory state. These cases, however, do not apply directly to the interpretation of the phrase “physical loss or damage” in this Policy. Against the backdrop of Advance Cable and other persuasive authority that suggests that “physical loss or damage” includes cosmetic hail damage that physically alters an insured’s property, the Court is not convinced that the cases offered by Defendant define the phrase to mean functional damage.","The proposed issue and g1 identify the same disputed boundary of “direct physical loss or damage”: whether cosmetic physical alteration suffices or functional/usefulness impairment is required. The proposal’s additional concern about “unless excluded” is not covered by g1, but does not undermine the direct match on its principal defect."
161FSupp3d970_policy_of_insurance_number__c029__t2_1,161FSupp3d970_policy_of_insurance_number,c029,161 F.Supp.3d 970,A. Real Property coverage,"1.1,1.3",model,2,0.26,"The grant covers real property ""at or within one-thousand (1,000) feet of a covered location,"" so its whole reach depends on the contested identification of covered locations under the Schedule (c028) and DEFINITIONS E. (c214). Property at an unlisted address may or may not fall within the grant.",,,,,0.0,True,"The proposed issue turns on “at or within one-thousand (1,000) feet of a covered location” and the identification of “covered locations” through the Schedule and DEFINITIONS E. Candidate g1 concerns the lexical meaning of “covered loss”; candidate g2 concerns whether “covered loss” limits the separate “physical loss or damage” grant.",,"Neither candidate names the proposed location-identification defect. Both concern the meaning or limiting effect of “covered loss,” whereas the proposed issue concerns whether an address qualifies as “a covered location.”"
161FSupp3d970_policy_of_insurance_number__c215__t2_1,161FSupp3d970_policy_of_insurance_number,c215,161 F.Supp.3d 970,F. Covered loss,"1.1,1.3",model,2,0.22,"""Covered loss"" is confined to loss ""at a covered location,"" although the Insuring Agreement (c009) and COVERAGES A. and B. (c029, c030) extend to property within 1,000 feet of, or in transit away from, a covered location. The definition and those grants describe different geographic reach.",,,,,0.0,True,"The proposed issue turns on “at a covered location” and its conflict with grants covering property within 1,000 feet of or in transit away from that location. g1 turns on the words “a loss” and whether they exclude cosmetic damage; g2 turns on “covered loss” as an asserted limitation on “physical loss or damage” and the absence of the enumerated-list/general-term structure required for ejusdem generis.",,"Neither candidate names the geographic inconsistency alleged by the proposed issue. g1 concerns whether “a loss” requires functional damage, while g2 concerns whether the definition limits the broader phrase “physical loss or damage” and whether ejusdem generis supports that limitation; neither addresses the mismatch between “at a covered location” and coverage extending beyond that location."
177FSupp3d561_2011_12_edition_of__c010__t2_1,177FSupp3d561_2011_12_edition_of,c010,177 F.Supp.3d 561,3.3 Communication of consent,2.2,model,2,0.33,"3.3's allowance that consent ""may be communicated verbally or through actions"" and inferred from circumstances cannot be squared with 3.1's requirement of ""explicit consent"" for each act of sexual contact. A fact-finder applying both has no rule for consent manifested by conduct in an ongoing relationship.",,,,,0.0,True,"The proposed issue turns on § 3.3’s words “may be communicated verbally or through actions,” contrasted with § 3.1’s “explicit consent” requirement, particularly for consent manifested by conduct in an ongoing relationship. Candidate g1 turns on § 3.3’s statement that an existing sexual relationship “does not constitute consent,” its relationship to consent communicated “through actions,” and whether that relationship is nevertheless relevant context.",,"The proposed issue alleges a conflict between § 3.3 and § 3.1’s separate requirement of explicit consent for each act. Candidate g1 instead concerns an alleged internal tension within § 3.3 and whether the prior relationship may remain relevant context despite not itself constituting consent, so it does not name the same defect."
177FSupp3d561_2012_13_student_handbook__c007__t1_1,177FSupp3d561_2012_13_student_handbook,c007,177 F.Supp.3d 561,2.1. Integrity and personal rights,1.3,model,1,0.2,"The prohibited behaviors — ""intimidates"", ""harasses or bullies"", ""unwanted physical contact"", ""endangers the health, safety, or welfare"" — are stated as bare verbs with no severity, intent, or reasonableness threshold. A student cannot tell from the words where ordinary conduct ends and a violation begins.",,,,,0.0,True,"The proposed issue concerns the bare terms “intimidates,” “harasses or bullies,” “unwanted physical contact,” and “endangers the health, safety, or welfare,” specifically their silence as to severity, intent, and reasonableness. Candidate g1 concerns “physically harms or is considered unwanted physical contact” together with the examples “hitting, pushing, or physical altercations/violence of any kind,” and whether that wording classifies nonviolent unwanted sexual contact as “violence.”",,"The proposed issue alleges that several prohibitions lack severity, intent, or reasonableness thresholds. Candidate g1 instead concerns whether the examples and reference to “violence” bring nonviolent unwanted sexual contact within § 2.1.d, a distinct list-scope and definitional problem."
18FSupp3d456_phoenix_accumulator_universal_life__c069__t1_1,18FSupp3d456_phoenix_accumulator_universal_life,c069,18 F.Supp.3d 456,Section 9: Cost of Insurance Charge basis,2.2,model,1,0.58,"The rate factors are enumerated — sex, Age, Risk Classification, Basic and Supplemental Face Amount, Net Amount at Risk and duration — and expressio unius would make that list exhaustive, so that rates may not be set by reference to unlisted characteristics. The sentence is also expressly limited to rates ""as of the Policy Date,"" saying nothing about later re-determinations.",g2,18FSupp3d456_phoenix_accumulator_universal_life__c069__i2,"The scope of “as of the Policy Date” was unclear until Paragraph A was construed together with Paragraph B, which made Paragraph A govern only the initial COI rate and Paragraph B govern subsequent Policy-Month adjustments.",2.2,0.84,True,"The proposed issue concerns both the enumerated factor list and its silence about unlisted characteristics, and the phrase “as of the Policy Date” and its silence about later rate determinations. G1 concerns the omission of “Policy Value” from that list and its incorporation through the separately defined “Net Amount at Risk,” while g2 concerns “as of the Policy Date” read against Paragraph B’s “Policy Month” language for later adjustments.","Paragraph A specifically states that its factors are to be used in setting the COI rate on the “Policy Date,” and Paragraph B enumerates the factors to be used in setting the COI rate for a “Policy Month.” Given these two separate COI rate definitions, the contract must be interpreted to mean that only the initial COI rate is calculated in accordance with Paragraph A. Any subsequent COI rate adjustments — COI rates for “Policy Months”— must be calculated in accordance with Paragraph B.","G2 directly matches the proposed issue’s temporal-scope complaint: “as of the Policy Date” limits this sentence to the initial rate and leaves later adjustments to other text. The choice is somewhat close because g1 touches the proposed list-exhaustiveness theory, but g1 specifically concerns Policy Value’s incorporation through Net Amount at Risk rather than whether all unlisted characteristics are excluded."
18FSupp3d456_phoenix_accumulator_universal_life__c070__t1_1,18FSupp3d456_phoenix_accumulator_universal_life,c070,18 F.Supp.3d 456,Section 9: Cost of Insurance calculation,"1.1,2.2",model,1,0.56,"Rates ""will be based on our expectations of future mortality, persistency, investment earnings, expense experience, capital and reserve requirements, and tax assumptions"" — a list of unquantified factors with no stated weighting or benchmark, and ""based on"" fixes no relationship between expectations and rates. Whether a rate increase is permitted by this language is precisely what an insured would litigate.",,,,,0.0,True,The proposed issue targets “will be based on our expectations of” and the provision’s silence about how the listed factors are weighted or translated into rates. g1 targets whether “based on” makes the list exclusive; g2 targets “mortality”; g3 targets “persistency”; g4 targets “expectations of ... investment earnings” and whether earnings means income or spread; and g5 targets “specific Policy Month” in contrast with Paragraph A’s “Policy Date.”,,"No recorded defect names the proposed omission of a weighting, benchmark, formula, or required relationship between Phoenix’s expectations and the resulting rate. Although g1 also concerns “based on,” it addresses whether the enumerated list is exhaustive, not how those factors must determine or justify a rate increase; g4 instead disputes the meaning of “investment earnings.”"
18FSupp3d456_phoenix_accumulator_universal_life__c070__t2_1,18FSupp3d456_phoenix_accumulator_universal_life,c070,18 F.Supp.3d 456,Section 9: Cost of Insurance calculation,"1.1,2.2",model,2,0.4,"The factors listed here differ from the factors listed in the immediately preceding Cost of Insurance Charge sentence (sex, Age, Risk Classification, face amounts, Net Amount at Risk, duration), and the policy never says how the two lists relate. An insured would argue the earlier, closed list limits the factors usable under this one.",g5,18FSupp3d456_phoenix_accumulator_universal_life__c070__i5,"The reference to a “specific Policy Month” was construed together with Paragraph A’s separate reference to the “Policy Date,” resulting in Paragraph B governing COI-rate adjustments after the initial rate was set.",2.2,0.68,True,"The proposed issue concerns the difference and alleged silence between Paragraph A’s list—sex, Age, Risk Classification, face amounts, Net Amount at Risk, and duration—and Paragraph B’s “based on our expectations of” list. g1 concerns “based on”; g2 “mortality”; g3 “persistency”; g4 “expectations of ... investment earnings”; and g5 the interaction between “specific Policy Month” and Paragraph A’s “Policy Date,” which determines how the two factor lists apply.","Paragraph A specifically states that its factors are to be used in setting the COI rate on the “Policy Date,” and Paragraph B enumerates the factors to be used in setting the COI rate for a “Policy Month.” Given these two separate COI rate definitions, the contract must be interpreted to mean that only the initial COI rate is calculated in accordance with Paragraph A. Any subsequent COI rate adjustments — COI rates for “Policy Months”— must be calculated in accordance with Paragraph B.","Both concern how the preceding factor list and the current factor list relate. The proposed issue treats that relationship as unstated and argues that the earlier list limits the later sentence, while g5 resolves it through the “Policy Date”/“Policy Month” distinction, making the earlier list govern the initial rate and the current list govern later adjustments."
18FSupp3d456_phoenix_accumulator_universal_life__c072__t1_1,18FSupp3d456_phoenix_accumulator_universal_life,c072,18 F.Supp.3d 456,Section 9: Cost of Insurance rate changes,1.1,model,1,0.66,"Re-determination is permitted ""on a basis that does not discriminate unfairly within any class of insureds,"" but ""class of insureds"" is undefined and the insurer alone would draw the class boundaries. Whether a rate increase applied to a sub-group (by face amount or issue age) is within ""any class"" is the core construction question.",g2,18FSupp3d456_phoenix_accumulator_universal_life__c072__i2,The phrase “class of insureds” was vague about whether classes had to be fixed at policy issuance or Phoenix could later subdivide the issued PAUL series by age and face amount.,1.1,0.94,True,"The proposed issue concerns “class of insureds” and the provision’s silence about who defines class boundaries, particularly for age- or face-amount subgroups. G1 instead concerns “discriminate unfairly” and what makes differential treatment unfair; g2 concerns “class of insureds” and the silence about whether issuance classes could later be subdivided by age and face amount.","Fleisher also argues that Phoenix was required to define any “class of insureds” at the time of policy issuance. Thus, Fle-isher reasons, the groupings Phoenix identified at issuance — the PAUL IIIA and PAUL IIIB/C policy series — constituted the relevant “classes.” Fleisher contends that Phoenix was not permitted to further subdivide the existing policy series classes by age and face amount and to treat each subdivision differently.","The proposed issue and g2 identify the same ambiguity: who may define a “class of insureds” and whether Phoenix could subdivide existing policy series by age and face amount. G2 adds the more specific question whether classes had to be fixed at issuance, but that is a direct formulation of the proposed boundary-drawing problem."
18FSupp3d456_phoenix_accumulator_universal_life__c072__t1_2,18FSupp3d456_phoenix_accumulator_universal_life,c072,18 F.Supp.3d 456,Section 9: Cost of Insurance rate changes,1.1,model,1,0.44,"""We will not distribute past gains or recoup prior losses, if any, by changing the rates"" gives no test for distinguishing a permitted prospective re-pricing from a forbidden recoupment of losses already incurred. The sentence's coverage of an increase driven by past adverse experience is genuinely doubtful.",,,,,0.0,True,"The proposed issue concerns “We will not distribute past gains or recoup prior losses, if any, by changing the rates,” particularly its silence on how to identify forbidden recoupment. Candidate g1 concerns “discriminate unfairly,” while g2 concerns “class of insureds” and whether a class may be redefined after issuance.",,Neither candidate addresses the proposed distinction between permissible prospective rate changes and forbidden recoupment of prior losses. Both concern separate ambiguities in the unfair-discrimination condition.
20FSupp3d709_nols_student_agreement_including__c065__t1_1,20FSupp3d709_nols_student_agreement_including,c065,20 F.Supp.3d 709,Governing law,1.1,westlaw,1,0.27,"The parenthetical ""(not including the laws which might apply the laws of another jurisdiction)"" is garbled and its intended exclusion of renvoi/conflicts rules must be reconstructed. ""Any dispute"" is also undefined as to whether it reaches tort and statutory claims as well as contract claims.",g2,20FSupp3d709_nols_student_agreement_including__c065__i2,"Brenner challenged “any dispute” as lexically ambiguous, but offered no competing reading and the court rejected the asserted ambiguity.",1.1,0.88,True,"The proposed issue targets both the parenthetical “(not including the laws which might apply the laws of another jurisdiction)” as garbled and “Any dispute” as uncertain in claim-type scope. g1 targets “governed by the substantive laws ... of the State of Wyoming” and its silence about the threshold choice-of-law inquiry, while g2 targets “any dispute” and its alleged lexical ambiguity.","Brenner next argues that the contract is ambiguous because it refers to “any dispute.” Brenner does not explain, however, any way in which such language is ambiguous, and such an argument is also without merit.",Both the proposed issue and g2 identify ambiguity in the scope of “any dispute”; the proposed issue merely supplies a specific possible uncertainty—whether noncontractual claims are included—that the litigant apparently did not articulate. The proposed parenthetical/renvoi concern is separate and does not match g1’s concern about the clause’s failure expressly to govern the threshold choice-of-law inquiry.
20FSupp3d709_nols_student_agreement_including__c066__t1_1,20FSupp3d709_nols_student_agreement_including,c066,20 F.Supp.3d 709,Wyoming forum,1.1,westlaw,1,0.46,"""Shall occur or be filed only in the State of Wyoming"" does not say whether suit must be in Wyoming state court or may be in the federal court sitting there, and does not say whether mediation is a mandatory condition precedent to suit. The clause's mandatory reach and its forum are both open on these words.",g2,20FSupp3d709_nols_student_agreement_including__c066__i2,"The phrase requiring suit “only in the State of Wyoming” did not specify federal or state court, and the court construed it to permit suit in either court located there.",1.1,0.88,True,"The proposed issue concerns both “only in the State of Wyoming,” specifically its silence about federal versus state court, and “any mediation or suit shall occur or be filed,” specifically its silence about mandatory mediation before suit. g1 concerns the breadth of “any mediation or suit” as applied to noncontract tort claims, while g2 concerns the federal-versus-state-court silence in “only in the State of Wyoming.”","“The fact that the provision does not specify federal or state court does not make it invalid, but rather allows suit to be brought in either court.”","The proposed issue and g2 identify the same silence in “only in the State of Wyoming”: neither wording specifies state rather than federal court. The score is slightly below full alignment because the proposed issue additionally raises a separate, unmatched question about whether mediation is a condition precedent."
215FSupp3d756_oil_and_gas_lease__c006__t1_1,215FSupp3d756_oil_and_gas_lease,c006,215 F.Supp.3d 756,3(b). Royalty on Gas,2.2,model,1,0.58,"The transportation carve-out is grammatically broken (""Any deduction for the expenses ... shall be added to the price received"" with an unclosed parenthetical reading ""limited to direct for amounts of Lessor's gas transported""), so the scope of the permitted regulated-pipeline deduction cannot be read off the words. Whether ""gathering"" and ""compression"" charged by an affiliate midstream company fall inside or outside the no-deduction rule is the central ambiguity.",,,,,0.0,True,"The proposed issue turns on the second sentence’s exception for regulated-pipeline transportation charges, particularly “limited to direct for amounts of Lessor's gas transported,” and on whether “gathering” and “compression” by an affiliate remain nondeductible. Candidate g1 turns on the relationship between the actual-proceeds formula, the transportation-expense sentence, and a separate third sentence requiring proceeds to equal or exceed field or prevailing-area proceeds.",,"The proposed issue alleges that the transportation exception itself is grammatically indeterminate and leaves affiliate gathering and compression charges uncertain. Candidate g1 instead concerns which earlier sentence a separate minimum-proceeds sentence modifies, so it does not name the same defect."
215FSupp3d756_oil_and_gas_lease__c006__t2_1,215FSupp3d756_oil_and_gas_lease,c006,215 F.Supp.3d 756,3(b). Royalty on Gas,2.2,model,2,0.36,"The royalty base is ""proceeds received from any sale of such gas at the point of sale or delivery,"" which sits against Paragraph 3(f)'s command that royalties be delivered free of gathering, compression, treating and marketing costs ""except as provided for in 3(b)."" The two must be reconciled to know whether the valuation point can be moved downstream by netting costs out of the sale price.",,,,,0.0,True,"The proposed issue turns on “proceeds received from any sale of such gas at the point of sale or delivery,” the expense-deduction language in 3(b), and 3(f)’s “except as provided for in 3(b)” cross-reference. Candidate g1 turns on the relationship among 3(b)’s actual-proceeds sentence, transportation-expense sentence, and a separate minimum-proceeds sentence requiring comparison with sales “in the field or prevailing area whichever is greater.”",,"The proposed issue concerns whether 3(b), read with 3(f), permits a downstream valuation point and netting of post-production costs. Candidate g1 instead concerns whether an internal minimum-proceeds sentence modifies the actual-proceeds formula or the preceding transportation-expense sentence, so it identifies a different textual conflict."
215FSupp3d756_oil_and_gas_lease__c007__t1_1,215FSupp3d756_oil_and_gas_lease,c007,215 F.Supp.3d 756,3(b). Minimum Gas Proceeds,"1.1,2.2",model,1,0.42,"The floor is set by ""proceeds received from sales in the field or prevailing area whichever is the greater,"" and neither ""field"" nor ""prevailing area"" is defined or bounded. Nor is it said whose sales, over what period, are to be compared.",g1,215FSupp3d756_oil_and_gas_lease__c007__i1,"The undefined phrase “field or prevailing area” was lexically ambiguous because Dorchester treated “field” and “prevailing area” as two different localities, whereas Chesapeake treated them as a single, roughly synonymous geographic term.",1.1,0.7,True,"The proposed issue concerns “proceeds received from sales in the field or prevailing area whichever is the greater,” particularly the undefined geographic terms and the silence about whose sales and the comparison period. Candidate g1 concerns “field or prevailing area” and whether those words denote two different localities or one synonymous geographic term; g2 concerns the whole minimum-proceeds sentence and its relationship to the preceding royalty language, the oil formula, payment timing, and paragraph 3(d)’s cross-reference.","Central to the dispute is the meaning of the phrase “field or prevailing area.” According to Dorchester, “field” refers to the locality where production occurs, whereas “prevailing area” refers to the point of sale. Chesapeake disagrees, contending that “field or prevailing area” is a single term in which “field” and “prevailing area” are more or less synonymous, as in the phrase “cardinal or red.”","The proposed issue and g1 both identify uncertainty in the undefined phrase “field or prevailing area,” but g1 focuses specifically on whether it denotes one locality or two, while the proposed issue emphasizes geographic bounds and missing comparator details such as whose sales and what period. They therefore describe the same underlying ambiguity, with the proposed issue adding omissions not captured by g1."
252FSupp3d52_agreement_for_network_operator__c267__t1_1,252FSupp3d52_agreement_for_network_operator,c267,252 F.Supp.3d 52,11.2 Continued Performance,2.2,model,1,0.33,"Performance continues during a dispute ""unless otherwise directed by MTC,"" a unilateral power given to one Party over obligations that run both ways, with no equivalent for the Network Operator and no statement of whether MTC may thereby suspend its own duties. The scope of that direction is the operative uncertainty.",,,,,0.0,True,"The proposed issue turns on “unless otherwise directed by MTC” and the silence about the scope of MTC’s direction, including whether it reaches MTC’s own duties. Candidate g1 turns on Section 11.2 as a whole and the Guaranty’s cross-reference to “[a]ll other provisions relating to dispute resolution,” not on the MTC-direction clause.",,"The proposed issue concerns the scope and asymmetry of MTC’s unilateral authority to direct otherwise. The recorded defect instead concerns whether Section 11.2 as a whole is incorporated into the Guaranty as an “other provision relating to dispute resolution,” so it is a different defect."
252FSupp3d52_guaranty_agreement__c018__t2_1,252FSupp3d52_guaranty_agreement,c018,252 F.Supp.3d 52,4.6 Governing Law,2.2,model,2,0.13,"The choice-of-law sentence says the Guaranty is governed ""exclusively"" by Massachusetts law, while the dispute-resolution provisions of the Network Operator Agreement incorporated by the last sentence of Section 4.6 provide for decision under Massachusetts law ""and any applicable federal law."" A court could be asked whether ""exclusively"" displaces federal law, including the Federal Arbitration Act.",,,,,0.0,True,"The proposed issue turns on “governed by, construed in and enforced in accordance exclusively with the laws of the State of Massachusetts” and its asserted conflict with incorporated language allowing “any applicable federal law.” Candidate g1 turns on the heading “Governing Law, Jurisdiction, Venue and Forum,” the placement of the incorporation language within §4.6 rather than Article II, and whether that organization precludes an additional dispute-related covenant.",,The proposed issue alleges a conflict over whether the exclusive Massachusetts choice-of-law clause displaces federal law. Candidate g1 instead concerns whether §4.6’s heading and placement prevent its incorporated dispute-resolution language from creating an enforceable performance covenant; it is a different defect.
252FSupp3d52_guaranty_agreement__c020__t1_1,252FSupp3d52_guaranty_agreement,c020,252 F.Supp.3d 52,4.6 Dispute Resolution and Forum,2.2,model,1,0.38,"The clause conditions arbitration and litigation on the parties failing ""to resolve any dispute between them through mediation, or [being] unable to convene mediation within 60 days,"" yet nothing in the Guaranty (or in NOA Article 11, which provides for IPT negotiation and arbitration) creates any mediation obligation or procedure. The precondition therefore has no defined content or trigger.",,,,,0.0,True,"The proposed issue turns on “fail to resolve any dispute between them through mediation” and “unable to convene mediation within 60 days,” together with the alleged silence concerning any mediation obligation or procedure. Candidate g1 turns on “All other provisions relating to dispute resolution or arbitration contained in the Network Operator Agreement are incorporated herein by reference,” particularly whether that language incorporates §11.2 despite §4.6’s distinct procedures.",,"The proposed issue alleges that the mediation language creates an undefined precondition because neither agreement supplies a mediation obligation or procedure. Candidate g1 instead concerns the scope and effect of the final sentence’s incorporation of other Network Operator Agreement dispute-resolution provisions, including §11.2, so it names a different defect."
252FSupp3d52_guaranty_agreement__c020__t2_1,252FSupp3d52_guaranty_agreement,c020,252 F.Supp.3d 52,4.6 Dispute Resolution and Forum,2.2,model,2,0.62,"The final sentence incorporates ""[a]ll other provisions relating to dispute resolution or arbitration contained in the Network Operator Agreement,"" but NOA Article 11 makes IPT escalation and binding arbitration a mandatory condition precedent to any suit, which cannot be squared with this section's scheme of litigation in Middlesex County unless MTC elects arbitration. A court would have to decide which regime controls a dispute with the Guarantor.",g1,252FSupp3d52_guaranty_agreement__c020__i1,"The phrase “All other provisions relating to dispute resolution or arbitration” was disputed as to whether it incorporated Network Operator Agreement §11.2 despite §4.6’s differing dispute procedures, and the court construed the specific variations as carve-outs while giving the residual incorporation language effect.",2.2,0.68,True,"The proposed issue turns on “All other provisions relating to dispute resolution or arbitration,” read against the preceding MTC-election and Middlesex County litigation language and the Network Operator Agreement’s asserted mandatory escalation/arbitration terms. G1 turns on the same incorporation phrase and preceding procedures, but specifically asks whether they permit incorporation of Network Operator Agreement §11.2 despite the agreements’ differing procedures.","Further, while Axia NetMedia suggests MTC is picking and choosing which dispute resolution provisions are incorporated by reference into the Guaranty, and points out that the Guaranty provides for particular dispute resolution procedures that contradict those in the Network Operator Agreement, the specific language of Section 4.6 of the Guaranty carved out these specific variations to the dispute resolution process, and clearly stated that the incorporation by reference was for “[a]ll other provisions relating to dispute resolution....”","Both identify the underlying conflict between §4.6’s specific mediation, arbitration-election, and litigation procedures and its residual incorporation of the Network Operator Agreement’s dispute-resolution provisions. The match is partial because the proposed issue specifically invokes Article 11’s mandatory escalation and arbitration regime, whereas g1 specifically concerns incorporation of §11.2, the “Continued Performance” provision."
266FSupp3d666_employment_agreement__c005__t1_1,266FSupp3d666_employment_agreement,c005,266 F.Supp.3d 666,4(a) Base Salary,1.1,westlaw,1,0.28,"""The next salary adjustment is scheduled for April 1, 2015"" is ambiguous as to whether it promises an increase on that date or merely a review, given the preceding sentence making adjustment discretionary with the Board. ""Annual review for adjustment"" sets no benchmark or direction for the adjustment.",g1,266FSupp3d666_employment_agreement__c005__i1,"The phrase “subject to annual review for adjustment at the discretion of the Board,” together with the scheduled next adjustment, was alleged to require a salary review or adjustment but was construed as unambiguously giving the Board discretion not to consider or modify Lankau’s compensation.",1.1,0.9,True,"The proposed issue concerns “subject to annual review for adjustment at the discretion of the Board,” the sentence scheduling the next adjustment for April 1, 2015, and the absence of a benchmark or direction for adjustment. Candidate g1 concerns the same discretionary-review phrase together with the scheduled-adjustment sentence, asking whether those words require review or modification despite the Board’s discretion.","A similar issue is present as to the salary adjustment review, which includes a provision noting such review is “at the discretion of the Board.”","Both identify the tension between the scheduled “next salary adjustment” and the Board’s discretion over annual review and adjustment—specifically, whether the language creates an obligation to review or increase salary. The proposed issue additionally notes the absence of an adjustment benchmark, which the recorded defect does not separately address."
266FSupp3d666_employment_agreement__c008__t1_1,266FSupp3d666_employment_agreement,c008,266 F.Supp.3d 666,4(d) Other Benefits,1.1,westlaw,1,0.2,"Eligibility to participate in the ""Stock Option Plan (subject to approval by the Board and the Corporation's policies)"" makes the benefit wholly contingent, and no Stock Option Plan is identified or attached. Whether the clause confers anything is a question of construction.",g1,266FSupp3d666_employment_agreement__c008__i1,"The parenthetical “subject to approval by the Board and the Corporation’s policies” was facially ambiguous because it could modify Lankau’s eligibility for an individual equity grant, as Luxoft argued, or refer only to Board approval of SOP III, as Lankau argued.",1.1,0.68,True,"The proposed issue concerns “Stock Option Plan (subject to approval by the Board and the Corporation’s policies)” and the provision’s silence as to an identified or attached plan. Candidate g1 concerns the same parenthetical, specifically what “subject to approval by the Board and the Corporation’s policies” modifies: individual grant eligibility or approval of SOP III.","From the face of the Employment Agreement, the equity compensation provision could reasonably support both sides’ positions. The language of the parenthetical can plausibly be read to indicate that the only limit to Plaintiff receiving equity is approval of the stock options plan by the Board, as Plaintiff posits. It can also be reasonably read as Defendants suggest.","Both defects concern whether the approval parenthetical makes the executive’s eligibility for equity contingent, but g1 identifies the more precise ambiguity: whether approval modifies the individual grant or only the plan. The proposed issue instead asserts wholesale contingency and adds a separate concern that no plan is identified or attached."
266FSupp3d961_farmout_agreements_foas__c029__t1_1,266FSupp3d961_farmout_agreements_foas,c029,266 F.Supp.3d 961,4.A. Reserved Overriding Royalty Interest,1.1,westlaw,1,0.44,"Farmor ""reserves the right to escalate"" the overriding royalty on Payout, with no mechanism, notice requirement, deadline, or statement of whether escalation is automatic or elective. Whether the escalation ever takes effect, and from when, cannot be determined from the words used.",,,,,0.0,True,"The proposed issue turns on “reserves the right to escalate” and the provision’s silence about exercise, notice, timing, and whether escalation is automatic or elective. Candidate g1 turns on “oil and/or gas,” specifically the scope of “gas” and whether that term includes NGLs.",,"The proposed issue concerns uncertainty over how and when Farmor may exercise the reserved right to escalate the royalty. Candidate g1 instead concerns whether “gas” includes liquid NGLs, so it identifies a different term and a different alleged defect."
266FSupp3d961_farmout_agreements_foas__c029__t1_2,266FSupp3d961_farmout_agreements_foas,c029,266 F.Supp.3d 961,4.A. Reserved Overriding Royalty Interest,1.1,westlaw,1,0.3,"The proportionate-reduction sentence is garbled — ""if Farmor's interest in the acreage is less than one hundred percent (100%) or the working interest"" — so the trigger for reduction cannot be read as written. ""[G]ross proceeds ... without deductions of any kind"" likewise does not say whether post-production costs may be netted.",,,,,0.0,True,"The proposed issue targets the proportionate-reduction wording “if Farmor's interest in the acreage is less than one hundred percent (100%) or the working interest” and the silence of “gross proceeds ... without deductions of any kind” regarding post-production costs. Candidate g1 instead targets the term “oil and/or gas,” specifically whether “gas” includes liquid NGLs.",,"The proposed issue concerns an unreadable reduction trigger and whether costs may be deducted, whereas g1 concerns whether “gas” encompasses NGLs. These are distinct alleged defects involving different language."
268FSupp3d61_contract__c014__t1_1,268FSupp3d61_contract,c014,268 F.Supp.3d 61,1.2 Additional Services,2.2,model,1,0.3,"""Xenophon's then-currently hourly rates"" refers to a rate schedule that appears nowhere in the Agreement and is fixed unilaterally by Xenophon, leaving the price of Additional Services open. The garbled phrase ""then-currently hourly rates"" also obscures the date at which rates are set.",,,,,0.0,True,"The proposed issue concerns “Xenophon’s then-currently hourly rates,” specifically the absence of a rate schedule and the meaning of “then-currently” for determining the amount and date of the rate. Candidate g1 concerns the limiting language “Additional services ... outside the boundaries of the Scope of Services ... with client approval” together with “hourly rates,” and its relationship to the monthly-retainer language in section 4.1.",,"The proposed issue challenges the indeterminacy of the price and rate-setting date. Candidate g1 instead uses the restriction of hourly billing to additional, out-of-scope services to resolve whether the ordinary monthly retainer was a flat fee; it does not identify an absent rate schedule, unilateral rate setting, or temporal ambiguity as a defect."
268FSupp3d61_contract__c014__t2_1,268FSupp3d61_contract,c014,268 F.Supp.3d 61,1.2 Additional Services,2.2,model,2,0.24,"The ""boundarles of the Scope of Services"" that trigger hourly billing cannot be drawn because section 1.1 closes with ""Other Tasks — perform other communications tasks as agreed upon by the client."" Read together, every additional task could be characterised as either retainer work or Additional Services.",,,,,0.0,True,"The proposed issue turns on “fall outside the boundarles of the Scope of Services herein” and its cross-reference to section 1.1’s “Other Tasks” catchall. Candidate g1 turns on “then-currently hourly rates” being limited to approved out-of-scope services, in contrast with the monthly-retainer language in section 4.1.",,The proposed issue alleges that section 1.1’s catchall makes the boundary between in-scope and additional services indeterminate. Candidate g1 instead addresses whether the reference to hourly rates for out-of-scope services implies that the ordinary monthly retainer is a flat fee rather than an hourly advance; it does not record the alleged impossibility of identifying out-of-scope work.
268FSupp3d61_contract__c016__t2_1,268FSupp3d61_contract,c016,268 F.Supp.3d 61,2.2 Termination,2.2,model,2,0.3,"Termination on ""60-days written notice"" does not say what becomes of the $30,000 monthly retainer in section 4.1 during or at the end of the notice period, or whether a partial month is prorated. Sections 2.2 and 4.1 must be read together to know what is owed on termination, and neither addresses it.",,,,,0.0,True,"The proposed issue targets “60-days written notice” and the silence of sections 2.2 and 4.1 about the $30,000 retainer during the notice period and partial-month prorating. Candidate g1 targets the same notice phrase only in relation to section 6.1’s stop-work right and argues that, under an advance-hourly reading of section 4.1, this interaction makes section 2.2 meaningless.",,The proposed issue concerns the contract’s silence about retainer payments and prorating during termination. Candidate g1 instead identifies a conflict with the stop-work right that would render the notice requirement meaningless under an advance-hourly interpretation; that is related to compensation but is a different specific defect.
268FSupp3d61_contract__c020__t1_1,268FSupp3d61_contract,c020,268 F.Supp.3d 61,4.1 Fees,"1.1,2.2",model,1,0.38,"The clause combines a flat ""monthly retainer of $30,000"" with an obligation to ""track all hours and supply full detail,"" leaving it ambiguous whether the retainer is a fixed fee or a draw against time actually worked. Nothing states what happens if recorded hours are worth more or less than $30,000.",g1,268FSupp3d61_contract__c020__i1,"The phrase “monthly retainer of $30,000” presented alleged lexical ambiguity between a flat fee payable each month regardless of the amount of work and an advance-fee security retainer drawn down only for recorded billable time.",1.1,0.96,True,"The proposed issue turns on “monthly retainer of $30,000,” its juxtaposition with “track all hours and supply full detail,” and the silence about reconciling hours with the $30,000. Candidate g1 turns on “monthly retainer of $30,000” as either a flat fee or an advance drawn down for recorded billable time; g2 turns on that term together with the hours-tracking and invoicing language and additional-services, termination, and stop-work provisions elsewhere in the Contract.","Xenophon argues that this provision “entitle[s it] to be paid a flat fee of $30,000 per month during the term of the Contract.” Pl.’s Mem. at 19; see also id. at 13 (“[T]he Contract between [the parties] provides that Xenophon will be compensated by a monthly payment of $30,000 regardless of the amount of work that is done in any particular month.”). In response, “Jernigan Copeland contends that this provision requires [it] to make a $30,000 advance-fee payment each month, but that it would only be responsible for Xenophon’s billable time spent providing services within the scope of the contract.”","The proposed issue and g1 identify the same competing readings: a flat $30,000 monthly fee regardless of work versus a retainer drawn down according to billable time. The choice was close because g2 covers the same dispute, but g1 states these two alternatives directly, whereas g2 broadens the issue to several other contractual provisions."
268FSupp3d61_contract__c020__t1_2,268FSupp3d61_contract,c020,268 F.Supp.3d 61,4.1 Fees,"1.1,2.2",model,1,0.2,"""[S]ubject to a possible calendar year price Increase not to exceed 5%"" specifies no trigger, no notice requirement and no party empowered to declare the increase. Whether any increase can be imposed at all, and how often, is left open.",,,,,0.0,True,"The proposed issue turns on “subject to a possible calendar year price Increase not to exceed 5%” and its silence about authorization, triggers, notice, and frequency. Candidate g1 turns on “monthly retainer of $30,000”; g2 turns on that same “monthly retainer” language as read with the hours-tracking and other contractual provisions.",,"The proposed issue concerns omitted mechanics governing possible annual price increases. Both recorded defects instead concern whether the monthly retainer is a flat fee or an advance deposit applied against billable time, so neither names the same defect."
268FSupp3d61_contract__c026__t2_1,268FSupp3d61_contract,c026,268 F.Supp.3d 61,5.1 Monthly Invoices,2.2,model,2,0.17,"Section 5.1's promise of ""monthly invoices detalllng Its fees and expenses"" sits against subparagraph (b), under which travel and third-party expenses are invoiced ""after costs are Incurred"" rather than monthly. Whether expenses must appear on the monthly invoice or may be billed ad hoc is unclear from the two read together.",,,,,0.0,True,"The proposed issue turns on “monthly invoices detalllng Its fees and expenses” in relation to subparagraph (b)’s “after costs are Incurred,” alleging conflicting billing schedules for expenses. Candidate g1 turns on the invoice-detail language, the “detailed summary of billable time,” and section 4.1’s “retainer,” asking whether those words indicate an advance retainer or instead an accounting mechanism for a flat monthly fee.",,"Although both mention monthly invoices, they identify different defects. The proposed issue concerns the timing of expense billing, while g1 concerns whether invoice detail supports construing the retainer as an advance hourly deposit rather than a flat monthly fee."
268FSupp3d61_contract__c027__t1_1,268FSupp3d61_contract,c027,268 F.Supp.3d 61,5.1(a) Services Invoices,"1.1,2.2",model,1,0.24,"The clause calls the 6% charge a ""professlonal fee"" and then parenthetically labels it ""Out-of-Pocket Expenses,"" two mutually inconsistent characterisations of the same item that also affect whether the 6% is itself part of the base on which it is computed. The mislabeling is on the face of this provision.",,,,,0.0,True,"The proposed issue turns on “six percent professlonal fee” and the parenthetical “(‘Out-of-Pocket Expenses’),” including what amount supplies the 6% calculation base. Candidate g1 concerns “Services” and whether it requires logged work or includes staff availability; g2 concerns “Invoiced for Services” and “A detalled summary of billable time” in relation to a flat-fee rather than advance-retainer reading.",,"Neither candidate addresses the alleged inconsistency between calling the 6% charge a “professlonal fee” and labeling it “Out-of-Pocket Expenses,” or the resulting uncertainty about its calculation base. The candidates instead concern the meaning of “Services” and the effect of invoicing and billable-time language on the flat-fee interpretation."
268FSupp3d61_contract__c027__t2_1,268FSupp3d61_contract,c027,268 F.Supp.3d 61,5.1(a) Services Invoices,"1.1,2.2",model,2,0.22,"This subparagraph defers the ""detalled summary of billable time"" to ""the following month,"" whereas section 4.1 requires Xenophon to ""supply full detail to the cliant along with them monthly Involces."" The two timing requirements for the same backup cannot both be satisfied.",,,,,0.0,True,"The proposed issue concerns “A detalled summary of billable time will be provided to the cllent the following month” and its alleged timing conflict with section 4.1’s “supply full detail to the cliant along with them monthly Involces.” Candidate g1 concerns the meaning of “Services,” while g2 concerns whether “invoiced for Services” and “detailed summary of billable time” become nullities under a flat-fee reading rather than deductions from an advance retainer.",,"No candidate records the alleged inconsistency between providing billing detail “the following month” and providing it “along with” the monthly invoices. Although g2 discusses both billing-detail clauses, its recorded defect is whether those phrases become nullities under a flat-fee interpretation, not whether their timing requirements conflict."
268FSupp3d61_contract__c030__t2_1,268FSupp3d61_contract,c030,268 F.Supp.3d 61,6.1 Modification or Stopping of Work,2.2,model,2,0.27,"Section 6.1 lets the Client ""stop any schedules or work In progress"" immediately, which is difficult to square with section 2.2's requirement of 60 days' written notice to terminate. Whether a total stop-work order is a permitted modification or a disguised termination triggering the notice period is left open.",g1,268FSupp3d61_contract__c030__i1,"The right to “modify or stop any schedules or work in progress” was in whole-contract tension with the sixty-day written-termination provision under the advance-hourly reading, which would permit the Client to stop compensation immediately and make formal termination unnecessary.",2.2,0.91,True,"The proposed issue concerns section 6.1’s words “modify or stop any schedules or work In progress” and their interaction with section 2.2’s sixty-day written-notice requirement for termination. Candidate g1 concerns the same stop-work language and the same section 2.2 requirement, focusing on how an immediate stop under the advance-hourly reading could eliminate compensation and bypass formal termination.","Additionally, section 2.2 states that the “[Contract may be terminated by either party' with [sixty]-days written notice.” Compl., Ex. 1 (Contract) § 2.2. As Xenophon notes, if the Court accepts Jernigan Copeland’s “interpretation of the [Contract as a ‘prepaid’ retainer agreement under which Xenophon is compensated solely on the' basis of hours worked, [section 2.2] would be unnecessary as [Jerni-gan Copeland] could order Xenophon to stop work (and thus stop receiving pay) at any time under [section] 6.1 of the [Contract.”","Both identify the conflict between section 6.1’s stop-work right and section 2.2’s sixty-day termination-notice requirement. The proposed issue frames a complete stop as a possible disguised termination, while g1 more specifically explains that, under the advance-hourly reading, stopping all work and compensation would make formal termination unnecessary."
2FSupp3d296_lease__c051__t2_1,2FSupp3d296_lease,c051,2 F.Supp.3d 296,12.2 Tenant's Property Insurance,1.1,model,2,0.16,"This section permits Tenant to carry the property coverage, including full replacement value coverage on the buildings, ""through Tenant's self-insurance"" with no cap, while Section 12.1 caps self-insurance for liability at $500,000. A court could be asked whether the building is required to be insured with a carrier at all.",,,,,0.0,True,"The proposed issue turns on “Such insurance may be furnished ... through Tenant’s self-insurance,” the absence of a cap in Section 12.2, and the contrasting $500,000 cap in Section 12.1. Candidate g1 turns on “all risk policy of insurance” and whether coverage of the Premises merely “as an empty space” satisfies that coverage requirement.",,"The proposed issue challenges whether “through Tenant’s self-insurance,” especially when contrasted with Section 12.1’s cap, eliminates any requirement for carrier-issued building coverage. Candidate g1 instead concerns whether policies covering the Premises as an empty building satisfy the obligation to maintain an “all risk policy of insurance”; its incidental mention of self-insurance does not make that the recorded defect."
2FSupp3d296_lease__c052__t1_1,2FSupp3d296_lease,c052,2 F.Supp.3d 296,13.1 Tenant's Indemnification,1.1,model,1,0.26,"The indemnity reaches any accident ""arising directly or indirectly out of the business conducted in the Premises or occurring in, on, or about the Premises,"" carving out only Landlord's gross negligence or willful misconduct, so it appears to cover Landlord's own ordinary negligence. The qualifier ""unless Tenant is compensated therefor by insurance"" gives no test for when Tenant is so compensated.",,,,,0.0,True,"The proposed issue turns on Section 13.1.1’s coverage of accidents “arising directly or indirectly out of the business” or “occurring in, on, or about the Premises,” the carveout for Landlord’s “gross negligence or willful misconduct,” and “unless Tenant is compensated therefor by insurance.” Candidate g1 concerns the broad accident/injury/damage language and the absence of “third-party claims” as applied to interparty attorney’s fees; g2 concerns Section 13.1.4’s “[a]ny breach of Tenant’s representations or warranties” and the absence of language unequivocally covering claims between the contracting parties.",,"Neither candidate addresses whether Section 13.1.1 indemnifies Landlord for its own ordinary negligence or whether the insurance proviso supplies a workable test. Candidate g1 instead concerns first-party attorney’s fees versus third-party claims, while g2 concerns attorney’s fees arising from breach of Tenant’s representations or warranties."
2FSupp3d296_lease__c066__t1_1,2FSupp3d296_lease,c066,2 F.Supp.3d 296,17.1 Default by Tenant,1.1,model,1,0.26,"Default clause (b) — failure to ""diligently proceed, after Tenant is aware of same (including by telephonic notice ... to the store manager)"" to cure structural maintenance failures — carries no written notice and no fixed cure period, unlike clauses (a) and (c). What counts as awareness and as diligent proceeding is left undefined.",,,,,0.0,True,"The proposed issue turns on clause (b)’s phrases “after Tenant is aware of same” and “diligently proceed,” plus its silence as to written notice and a fixed cure period. Candidate g1 turns on the separate sentence stating that Landlord “shall not have any right to accelerate” rent and whether that language precludes recovery of future rents as damages.",,"The proposed issue concerns uncertainty in clause (b)’s trigger and cure process, whereas g1 concerns whether the express prohibition on accelerating rent also bars recovery of future rent as damages. These are distinct defects involving different language."
303FSupp3d236_multiemployer_collective_bargaining_agreement__c173__t1_1,303FSupp3d236_multiemployer_collective_bargaining_agreement,c173,303 F.Supp.3d 236,13-I. 1. Pension Fund,1.1,westlaw,1,0.44,"The obligation is ""8% of each employee's pay rate per shift for each shift worked by each employee in the bargaining unit,"" capped at five shifts ""in any payroll week in any one office for any one employee,"" without defining ""pay rate per shift,"" which employees are in the unit for this purpose, or how the office-by-office cap operates. The delinquency sentence then extends liability to amounts ""required to be paid under this or any previous collective bargaining agreement"" without limit of time.",g1,303FSupp3d236_multiemployer_collective_bargaining_agreement__c173__i1,"The formula “8% of each employee’s pay rate per shift for each shift worked” was lexically ambiguous because it could reasonably make the contribution base unit either “shifts” or “wages,” particularly given contributions for compensated paid leave that was not actually worked.",1.1,0.68,True,"The proposed issue concerns “8% of each employee’s pay rate per shift for each shift worked,” “employee in the bargaining unit,” the five-shift cap “in any payroll week in any one Office,” and the delinquency reference to “this or any previous collective bargaining agreement.” Candidate g1 concerns the first formula—particularly “pay rate per shift for each shift worked”—and whether its contribution base is shifts or wages, informed by paid-leave contributions.","Reasonable bases exist to believe, from the language of the CBA's provision alone, that the CBU could be either shifts or wages.","Both identify uncertainty in the contribution formula, especially “pay rate per shift,” but g1 states the more specific ambiguity between shifts and wages as the contribution base. The proposed issue also raises separate concerns about bargaining-unit membership, the office cap, and prior-agreement delinquencies that g1 does not address."
303FSupp3d236_multiemployer_collective_bargaining_agreement__c173__t2_1,303FSupp3d236_multiemployer_collective_bargaining_agreement,c173,303 F.Supp.3d 236,13-I. 1. Pension Fund,1.1,westlaw,2,0.24,"22-D Point Two(vi) gives tractor-trailer drivers who work 45 hours without a fifth shift ""benefit credits as if they worked the fifth shift (vacation, sick days, pension and welfare, etc.),"" which cannot be squared with this clause's measure of contributions by shifts actually worked. Whether a contribution is owed for a shift not worked is the conflict.",,,,,0.0,True,"The proposed issue concerns “for each shift worked” and its asserted conflict with 22-D Point Two(vi), which deems a fifth shift worked for benefit credits. Candidate g1 concerns the formula “8% of each employee’s pay rate per shift for each shift worked,” specifically whether its contribution base is shifts or wages in light of compensated paid leave under Section 13-K.3.",,"Although both concern unworked time, they identify different defects. The proposed issue alleges a conflict with 22-D’s deemed fifth-shift benefit credits, while g1 records ambiguity between shifts and wages, highlighted by a different paid-leave provision; the opinion passage does not address the 22-D conflict."
328FSupp3d317_kelly_agreement__c035__t1_1,328FSupp3d317_kelly_agreement,c035,328 F.Supp.3d 317,14(b). Agreement to Arbitrate,1.1,westlaw,1,0.4,"The fallback sends non-accepted claims to ""the American Arbitration Association pursuant to its Securities Arbitration Rules, effective May 1, 1993,"" a rule set that no longer exists, and ""does not accept"" is undefined (refusal, ineligibility, or a rule barring the claim form). The mechanics of the fallback forum therefore cannot be applied as written.",,,,,0.0,True,"The proposed issue turns on “If the FINRA does not accept” and “the American Arbitration Association pursuant to its Securities Arbitration Rules, effective May 1, 1993.” Candidate g1 turns on “any controversy or dispute,” “between you and Wells Fargo Advisors,” the singular pronouns, and the provision’s silence about class or collective arbitration.",,"The proposed issue concerns whether the fallback arbitration mechanism is operable because the specified 1993 AAA Securities Arbitration Rules allegedly no longer exist and the FINRA non-acceptance trigger is undefined. Candidate g1 instead concerns whether the agreement’s broad language, singular pronouns, and silence permit class or collective arbitration, so it records a different defect."
328FSupp3d317_kelly_agreement__c035__t2_1,328FSupp3d317_kelly_agreement,c035,328 F.Supp.3d 317,14(b). Agreement to Arbitrate,1.1,westlaw,2,0.32,"The operative clause covers only disputes ""arising between you and Wells Fargo Advisors,"" while the Paragraph 14(a) disclosures state the employee arbitrates disputes with ""a client, or any other person"" and that ineligible claims may be brought to court. Which of the two governs the scope and the fallback forum is squarely in issue.",,,,,0.0,True,"The proposed issue turns on Paragraph 14(b)’s “arising between you and Wells Fargo Advisors” and fallback to AAA, contrasted with Paragraph 14(a)’s references to disputes with “a client, or any other person” and litigation of ineligible claims. Candidate g1 turns on “any controversy or dispute,” the singular “you,” and the provision’s silence about class arbitration, alleging ambiguity between individual and class or collective proceedings.",,"The proposed issue alleges a conflict between Paragraphs 14(a) and 14(b) over covered parties and the forum for ineligible claims. Candidate g1 instead concerns whether Paragraph 14(b)’s silence and pronoun choices permit class or collective arbitration, which is a different defect despite some overlap in quoted language."
328FSupp3d317_laborde_agreement__c033__t1_1,328FSupp3d317_laborde_agreement,c033,328 F.Supp.3d 317,14(b) Agreement to Arbitrate,1.1,westlaw,1,0.28,"The fallback forum is the American Arbitration Association ""pursuant to its Securities Arbitration Rules, effective May 1, 1993,"" a rule set that no longer exists, and ""does not accept"" is not defined. The mechanics of the substitute forum cannot be worked out from the clause's own terms.",,,,,0.0,True,"The proposed issue turns on “If the FINRA does not accept” and “American Arbitration Association pursuant to its Securities Arbitration Rules, effective May 1, 1993.” Candidate g1 turns on “any controversy or dispute,” “you and Wells Fargo Advisors,” the clause’s singular pronouns, and its silence about class or collective arbitration.",,"The proposed issue concerns whether the fallback AAA forum can operate under an obsolete rule set and an undefined FINRA nonacceptance trigger. Candidate g1 instead concerns whether the clause’s broad scope, singular pronouns, and silence permit class or collective arbitration; the defects are distinct despite both involving paragraph 14(b)."
328FSupp3d317_laborde_agreement__c033__t2_1,328FSupp3d317_laborde_agreement,c033,328 F.Supp.3d 317,14(b) Agreement to Arbitrate,1.1,westlaw,2,0.22,"This clause reaches only controversies ""arising between you and Wells Fargo Advisors,"" while the Paragraph 14(a) disclosure tells the employee he is giving up the right to sue subsidiaries, employees, clients ""or any other person."" Whether third parties may compel arbitration depends on which of the two controls.",,,,,0.0,True,"The proposed issue turns on “arising between you and Wells Fargo Advisors” and its asserted conflict with Paragraph 14(a)’s reference to subsidiaries, employees, clients, and “any other person.” Candidate g1 turns on “any controversy or dispute,” the clause’s singular pronouns, and its silence about class or collective arbitration.",,"The proposed issue concerns whether Paragraph 14(b)’s limitation to disputes between the employee and Wells Fargo Advisors conflicts with Paragraph 14(a)’s coverage of claims involving other persons. Candidate g1 instead concerns whether Paragraph 14(b)’s silence about class arbitration and its singular pronouns permit class or collective proceedings, so it identifies a different defect."
359FSupp3d268_leases__c006__t1_1,359FSupp3d268_leases,c006,359 F.Supp.3d 268,Chambers Lease — 4(B). Gas royalty,"1.1,2.2",model,1,0.55,"The clause fixes gas royalty at one-eighth of ""the price paid to Lessee,"" and the post-production-cost deduction language that followed is struck through, leaving it unresolved whether royalty is net or gross of gathering, compression, dehydration and transportation. ""The price paid to Lessee"" is itself undefined for sales to affiliates.",g1,359FSupp3d268_leases__c006__i1,The phrase “price paid to Lessee” was disputed as pegging royalties to the proceeds Equinor actually received from ENG rather than the gas’s market value or ultimate downstream sales price.,1.1,0.76,True,"The proposed issue targets both “price paid to Lessee,” particularly its application to affiliate sales, and the struck post-production-cost deduction language as creating uncertainty over net versus gross royalties. g1 targets “price paid to Lessee” as the measure of actual proceeds versus market or downstream value; g2 targets “marketed and used off the premises,” read with the shut-in clause, struck deduction language, and implied-obligation disclaimer, as possibly imposing an express downstream-marketing duty.","The phrase ""price paid to Lessee"" unambiguously pegs the royalty to the price Equinor actually receives for the gas it sells, as opposed to the market value of the gas sold.","g1 matches the proposed issue’s affiliate-sale concern because both focus on whether “price paid to Lessee” means the proceeds actually received from the affiliate transaction rather than market value or a downstream sales price. The choice is somewhat close because the proposed issue also discusses the struck post-production-cost language appearing in g2’s analysis, but g2’s recorded defect concerns the distinct meaning of “marketed and used off the premises” and whether it creates a duty to market."
359FSupp3d268_leases__c011__t1_1,359FSupp3d268_leases,c011,359 F.Supp.3d 268,Chambers Lease — 8. Consolidation and pooling,"1.1,2.2",model,1,0.32,"Pooling is capped at 640 acres ""or such larger unit as may be required by state law or regulation,"" a trigger with no applicable boundary in Pennsylvania, and the same sentence requires Lessee to ""maintain a well density of at least 1 well per 160 acres contained in such well."" The size limit and the density obligation are both indeterminate as written.",,,,,0.0,True,"The proposed issue concerns the boundary supplied by “not more than 640 acres, or such larger unit as may be required by state law or regulation” and the asserted indeterminacy of “at least 1 well per 160 acres contained in such well.” g1 concerns the scope created by “such unit” and the placement of “as may be required by state law or regulation,” while g2 concerns whether “per 160 acres” is a ratio or counts only complete 160-acre groups, compared with “per thousand cubic feet” elsewhere.",,Neither candidate names the proposed defect. The proposal alleges that the state-law exception supplies no applicable boundary and only generally labels the density obligation indeterminate; it does not identify either g1’s ambiguity over which units the density rule covers or g2’s ratio-versus-complete-group dispute.
359FSupp3d268_leases__c055__t1_1,359FSupp3d268_leases,c055,359 F.Supp.3d 268,Richard Witter Lease — 4(B). Gas royalty,"1.1,2.2",model,1,0.55,"Gas royalty is one-eighth of ""the price paid to Lessee,"" and the following post-production-cost deduction language is struck through, so whether royalty is net or gross of gathering, compression, dehydration and transportation is unresolved. ""The price paid to Lessee"" is itself undefined for affiliate sales.",g1,359FSupp3d268_leases__c055__i1,The phrase “price paid to Lessee” was disputed as pegging royalties to the proceeds Equinor actually received from ENG rather than the gas’s market value or ultimate downstream sales price.,1.1,0.84,True,"The proposed issue concerns both “price paid to Lessee” as applied to affiliate sales and the struck-through post-production-cost deduction language. G1 concerns “price paid to Lessee” and the choice between actual affiliate-sale proceeds and market value or downstream proceeds; g2 concerns “marketed and used off the premises,” read with the shut-in clause, the crossed-out deduction text, and the disclaimer of implied obligations.","The phrase ""price paid to Lessee"" unambiguously pegs the royalty to the price Equinor actually receives for the gas it sells, as opposed to the market value of the gas sold.","G1 matches the proposed issue’s second sentence: both concern how “price paid to Lessee” determines royalties when the lessee sells to an affiliate rather than at the ultimate downstream price. The proposed issue also raises a separate net-versus-gross deduction question, but g2’s recorded defect concerns an express duty to market, not directly whether post-production costs may be deducted."
359FSupp3d268_leases__c060__t1_1,359FSupp3d268_leases,c060,359 F.Supp.3d 268,Richard Witter Lease — 8. Consolidation and pooling,"1.1,2.2",model,1,0.32,"Pooling is capped at 640 acres ""or such larger unit as may be required by state law or regulation,"" a trigger with no applicable boundary in Pennsylvania, and Lessee must ""maintain a well density of at least 1 well per 160 acres contained in such unit."" Both the size limit and the density duty are indeterminate as written.",g1,359FSupp3d268_leases__c060__i1,“Such unit” and the placement of “as may be required by state law or regulation” were patently lexically ambiguous as to whether the one-well-per-160-acres requirement applied to every development unit or only a “larger unit” required by law.,1.1,0.58,True,"The proposed issue concerns “not more than 640 acres, or such larger unit as may be required by state law or regulation” and the linked requirement of “at least 1 well per 160 acres contained in such unit.” g1 concerns the antecedent and scope of “such unit” and the placement of the state-law phrase, whereas g2 concerns whether “per 160 acres” denotes a ratio or only complete 160-acre groups, together with the royalty clause’s “per thousand cubic feet” language.",What is clear is that the well density provisions are patently ambiguous as to whether they apply to all development units.,"g1 substantially overlaps because both target the interaction between the larger-unit language and the well-density obligation. The proposed issue, however, emphasizes the absence of an external Pennsylvania boundary and merely calls the density duty indeterminate, without expressly identifying g1’s specific all-units-versus-larger-units ambiguity."
359FSupp3d268_leases__c105__t1_1,359FSupp3d268_leases,c105,359 F.Supp.3d 268,John Witter Lease — 4(B). Gas royalty,"1.1,2.2",model,1,0.55,"Gas royalty is one-eighth of ""the price paid to Lessee,"" and the following post-production-cost deduction language is struck through, so whether royalty is net or gross of gathering, transportation, dehydration and compression is unresolved. ""The price paid to Lessee"" is itself undefined for affiliate sales.",g1,359FSupp3d268_leases__c105__i1,The phrase “price paid to Lessee” was disputed as pegging royalties to the proceeds Equinor actually received from ENG rather than the gas’s market value or ultimate downstream sales price.,1.1,0.82,True,"The proposed issue concerns both “price paid to Lessee,” particularly its application to affiliate sales, and the struck post-production-cost deduction language. G1 concerns “price paid to Lessee” as the royalty valuation base; g2 instead concerns “marketed and used off the premises” and whether, in light of § 6, the strikeout, and the disclaimer, it creates a duty to market downstream.","The phrase ""price paid to Lessee"" unambiguously pegs the royalty to the price Equinor actually receives for the gas it sells, as opposed to the market value of the gas sold.","G1 matches the proposed issue’s affiliate-sale concern: both question whether “price paid to Lessee” means the proceeds Equinor actually receives from its affiliate transaction or a market/downstream value. The proposed issue also raises a separate net-versus-gross concern based on the struck cost language, which g1 does not cover."
359FSupp3d268_leases__c110__t1_1,359FSupp3d268_leases,c110,359 F.Supp.3d 268,John Witter Lease — 8. Consolidation and pooling,"1.1,2.2",model,1,0.32,"Pooling is capped at 640 acres ""or such larger unit as may be required by state law or regulation,"" a trigger with no applicable boundary in Pennsylvania, and Lessee must ""maintain a well density of at least 1 well per 160 acres contained in such unit."" Both the size limit and the density duty are indeterminate as written.",,,,,0.0,True,"The proposed issue concerns “not more than 640 acres, or such larger unit as may be required by state law or regulation” as allegedly supplying no applicable maximum, and generally labels “at least 1 well per 160 acres contained in such unit” indeterminate. Candidate g1 concerns whether “such unit” makes the density requirement apply to all units or only legally required larger units; g2 concerns whether “per 160 acres” expresses a ratio or counts only complete 160-acre groups.",,"Neither candidate names the proposed defect that the state-law exception leaves the maximum unit size without an applicable boundary. The proposed assertion that the density duty is merely “indeterminate” does not identify either g1’s scope ambiguity or g2’s complete-group interpretation, so it is too general to establish the same defect."
359FSupp3d268_leases__c157__t1_1,359FSupp3d268_leases,c157,359 F.Supp.3d 268,Scholz Lease — 4(B). Gas royalty,"1.1,2.2",model,1,0.55,"Gas royalty is one-eighth of ""the price paid to Lessee,"" and the following post-production-cost deduction language is struck through, so whether royalty is net or gross of gathering, transportation, dehydration and compression is unresolved. ""The price paid to Lessee"" is itself undefined for affiliate sales.",g1,359FSupp3d268_leases__c157__i1,The phrase “price paid to Lessee” was disputed as pegging royalties to the proceeds Equinor actually received from ENG rather than the gas’s market value or ultimate downstream sales price.,1.1,0.78,True,"The proposed issue turns on “price paid to Lessee,” especially for affiliate sales, and separately on the struck post-production-cost deduction language as affecting net-versus-gross royalty calculation. g1 concerns “price paid to Lessee” as actual proceeds versus market value or downstream sale price; g2 concerns “marketed and used off the premises,” read with §§ 6 and 20 and the struck language, as creating or not creating an express downstream marketing duty.","The phrase ""price paid to Lessee"" unambiguously pegs the royalty to the price Equinor actually receives for the gas it sells, as opposed to the market value of the gas sold.","g1 matches the proposed issue’s affiliate-sale concern: both question whether “price paid to Lessee” means the proceeds actually received from the affiliate transaction rather than market value or downstream proceeds. The choice is somewhat close because the proposed issue also raises the distinct effect of striking the post-production-cost language, which appears in g2’s context but is not g2’s recorded duty-to-market defect."
359FSupp3d268_leases__c161__t1_1,359FSupp3d268_leases,c161,359 F.Supp.3d 268,Scholz Lease — 8. Consolidation and pooling,"1.1,2.2",model,1,0.32,"Pooling is capped at 640 acres ""or such larger unit as may be required by state law or regulation,"" a trigger with no applicable boundary in Pennsylvania, and Lessee must ""maintain a well density of at least 1 well per 160 acres contained in such unit."" Both the size limit and the density duty are indeterminate as written.",g1,359FSupp3d268_leases__c161__i1,“Such unit” and the placement of “as may be required by state law or regulation” were patently lexically ambiguous as to whether the one-well-per-160-acres requirement applied to every development unit or only a “larger unit” required by law.,1.1,0.62,True,"The proposed issue concerns “not more than 640 acres, or such larger unit as may be required by state law or regulation” together with “at least 1 well per 160 acres contained in such unit.” Candidate g1 concerns the antecedent of “such unit” and the placement of the state-law qualifier; g2 instead concerns whether “per 160 acres” expresses a continuous ratio or counts only complete 160-acre groups, with a comparison to the royalty clause’s “per thousand cubic feet.”",What is clear is that the well density provisions are patently ambiguous as to whether they apply to all development units.,"The proposed issue and g1 both locate uncertainty in the combined unit-size exception and well-density language, particularly the effect of the state-law “larger unit” clause on the density duty. The match is partial because the proposal emphasizes the absence of an applicable Pennsylvania boundary and describes both duties generally as indeterminate, while g1 identifies the narrower syntactic question whether the density requirement applies to every unit or only a legally required larger unit."
359FSupp3d268_leases__c202__t1_1,359FSupp3d268_leases,c202,359 F.Supp.3d 268,Day Lease — 4(B). Gas royalty,"1.1,2.2",model,1,0.55,"Gas royalty is one-eighth of ""the price paid to Lessee,"" and the following post-production-cost deduction language is struck through, so whether royalty is net or gross of gathering, transportation, dehydration and compression is unresolved. ""The price paid to Lessee"" is itself undefined for affiliate sales.",g1,359FSupp3d268_leases__c202__i1,The phrase “price paid to Lessee” was disputed as pegging royalties to the proceeds Equinor actually received from ENG rather than the gas’s market value or ultimate downstream sales price.,1.1,0.74,True,"The proposed issue concerns both “price paid to Lessee,” particularly its application to affiliate sales, and the struck-through post-production-cost deduction language. G1 concerns “price paid to Lessee” as actual proceeds versus market or downstream value; g2 concerns “marketed and used off the premises,” read with the shut-in, integration, and crossed-out cost language, as creating or not creating a duty to market downstream.","The phrase ""price paid to Lessee"" unambiguously pegs the royalty to the price Equinor actually receives for the gas it sells, as opposed to the market value of the gas sold.","The proposed issue’s affiliate-sale concern and g1 both question what “price paid to Lessee” means when fixing the royalty base—actual proceeds from the affiliate transaction versus market or downstream value. The proposed issue also raises a separate net-versus-gross deduction problem; although g2 discusses the crossed-out cost language, its recorded defect concerns the meaning of “marketed” and an express duty to market, so g1 is the closer match."
359FSupp3d268_leases__c207__t1_1,359FSupp3d268_leases,c207,359 F.Supp.3d 268,Day Lease — 8. Consolidation and pooling,"1.1,2.2",model,1,0.32,"Pooling is capped at 640 acres ""or such larger unit as may be required by state law or regulation,"" a trigger with no applicable boundary in Pennsylvania, and Lessee must ""maintain a well density of at least 1 well per 160 acres contained in such unit."" Both the size limit and the density duty are indeterminate as written.",g1,359FSupp3d268_leases__c207__i1,“Such unit” and the placement of “as may be required by state law or regulation” were patently lexically ambiguous as to whether the one-well-per-160-acres requirement applied to every development unit or only a “larger unit” required by law.,1.1,0.64,True,"The proposed issue concerns “not more than 640 acres, or such larger unit as may be required by state law or regulation” together with “at least 1 well per 160 acres contained in such unit.” Candidate g1 concerns “such unit” and the placement of “as may be required by state law or regulation”; g2 instead concerns whether “per 160 acres” denotes a ratio or complete 160-acre groups, with a comparison to the royalty phrase “per thousand cubic feet.”",What is clear is that the well density provisions are patently ambiguous as to whether they apply to all development units.,"The proposed issue and g1 both concern the interaction between the 640-acre/larger-unit language and the well-density obligation. The match is partial because the proposal emphasizes the absence of an applicable Pennsylvania boundary and labels both duties generally indeterminate, while g1 identifies the more specific syntactic ambiguity over whether the density requirement applies to all units or only legally required larger units."
35FSupp3d725_confirmations__c002__t2_1,35FSupp3d725_confirmations,c002,35 F.Supp.3d 725,Confirmation 1 — Termination Value Warning,1.1,westlaw,2,0.26,"The all-capitals notice describes a ""VOLUNTARY EARLY TERMINATION"" at Counterparty's request and an ""EARLY TERMINATION PRICE"" set by BCI as if it were the non-defaulting party. No such Counterparty-requested termination or price mechanism appears in the Early Termination Right provision, which gives a termination right only to Buyer.",,,,,0.0,True,"The proposed issue turns on the sentence beginning “AT THE REQUEST OF COCNTERPARTY” and its references to “VOLUNTARY EARLY TERMINATION” and an “EARLY TERMINATION PRICE,” contrasted with the separate Early Termination Right granted only to Buyer. Candidate g1 instead turns on “THE TERMINATION VALUE WILL REFLECT CHANGES IN THE MARKET VALUE OF THE PARTIES’ RESPECTIVE POSITIONS,” together with Barclays’ Calculation Agent designation and the separate language assigning Market Value to a generally recognized source.",,"The proposed issue alleges that the Counterparty-requested voluntary-termination and pricing mechanism conflicts with the separate Early Termination Right, whereas g1 concerns whether Market Value enters the Termination Value calculation and whether Barclays may determine Market Value unilaterally. These are distinct defects involving different language."
35FSupp3d725_confirmations__c020__t1_1,35FSupp3d725_confirmations,c020,35 F.Supp.3d 725,Confirmation 1 — Termination Value,1.1,westlaw,1,0.48,"""Termination Value"" turns on what the Calculation Agent thinks ""necessary to compensate the non-defaulting party fairly,"" measured by what a hypothetical ""Dealer of recognized standing"" would charge, with no requirement that any actual quotation be obtained. Neither ""fairly"" nor ""transactions similar to the Transaction"" is defined.",,,,,0.0,True,"The proposed issue concerns “necessary to compensate the non-defaulting party fairly,” the hypothetical “Dealer” benchmark, “transactions similar to the Transaction,” and the silence concerning actual quotations and definitions. Candidate g1 concerns the definition’s silence on whether “Market Value of the MBS” enters the listed loss-and-cost components of Termination Value, rather than merely being compared with Termination Value for margin-call purposes.",,"The proposed issue challenges the indeterminacy of the fair-compensation and hypothetical-Dealer standard, including the absence of an actual-quotation requirement and definitions. Candidate g1 instead concerns whether Market Value is an input into Termination Value and how those distinct calculations relate, so it identifies a different silence and defect."
35FSupp3d725_confirmations__c020__t2_1,35FSupp3d725_confirmations,c020,35 F.Supp.3d 725,Confirmation 1 — Termination Value,1.1,westlaw,2,0.33,"Termination Value is defined only for early termination ""as a result of the occurrence of an Event of Default,"" yet the Buyer's Margin Amount provision requires it to be computed as of any date as if Buyer were the non-defaulting party. The definition and that provision cannot both be read literally.",,,,,0.0,True,The proposed issue turns on “in connection with any early termination ... as a result of the occurrence of an Event of Default” and its asserted conflict with the Buyer’s Margin Amount provision’s computation as of any date. Candidate g1 turns on the definition’s silence about whether “Market Value of the MBS” enters the listed loss-and-cost calculation of Termination Value.,,"The proposed issue alleges a conflict between the definition’s Event-of-Default limitation and the separate Buyer’s Margin Amount provision. Candidate g1 instead concerns whether Market Value is an input into Termination Value, a distinct silence involving different contractual language."
35FSupp3d725_confirmations__c024__t1_1,35FSupp3d725_confirmations,c024,35 F.Supp.3d 725,Confirmation 1 — Calculation Agent,1.1,westlaw,1,0.32,"The provision makes Barclays Capital Inc. the sole determiner of the Termination Value that drives its own margin calls, and of the Pricing Rate, without stating any standard, source or method here. The only qualifier, ""in good faith,"" sits in a different provision, and ""BCI"" is defined only in the all-capitals warning.",,,,,0.0,True,"The proposed issue concerns the sentences appointing Barclays Capital Inc. to determine Termination Value for Buyer’s Margin Amount and appointing BCI to determine the Pricing Rate, together with the provision’s silence as to standards, sources, methods, and good faith. Candidate g1 concerns the phrase “For purposes of determining the Termination Value” and whether that designation implicitly extends to determining the separate MBS Market Value, despite other text assigning Market Value to a “generally recognized source agreed to by the parties.”",,"The proposed issue challenges Barclays’ standardless, self-interested authority to determine Termination Value and Pricing Rate. Candidate g1 instead addresses whether Barclays’ authority to calculate Termination Value also extends to unilateral determination of the distinct MBS Market Value; that is a different scope dispute, so there is no match."
35FSupp3d725_confirmations__c037__t2_1,35FSupp3d725_confirmations,c037,35 F.Supp.3d 725,Confirmation 2 — Termination Value Warning,1.1,westlaw,2,0.26,"The all-capitals notice describes a ""VOLUNTARY EARLY TERMINATION"" at Counterparty's request and an ""EARLY TERMINATION PRICE"" set by BCI as if it were the non-defaulting party. No such Counterparty-requested termination or price mechanism appears in the Early Termination Right provision, which gives a termination right only to Buyer.",,,,,0.0,True,"The proposed issue turns on the sentence beginning “IF AT THE REQUEST OF COUNTERPARTY, BCI AGREES TO A VOLUNTARY EARLY TERMINATION” and its “EARLY TERMINATION PRICE,” read against the separate Early Termination Right allegedly granted only to Buyer. Candidate g1 turns on the warning that Termination Value would “REFLECT CHANGES IN THE MARKET VALUE OF THE PARTIES’ RESPECTIVE POSITIONS” and whether that language made MBS Market Value an input or gave Barclays unilateral valuation authority.",,"The proposed issue concerns an allegedly unsupported Counterparty-requested voluntary early-termination and pricing mechanism. The candidate instead concerns whether the market-value language and Barclays’ Calculation Agent role authorized Barclays to determine MBS Market Value for margin calls, so it names a different defect."
35FSupp3d725_confirmations__c054__t1_1,35FSupp3d725_confirmations,c054,35 F.Supp.3d 725,Confirmation 2 — Termination Value,1.1,westlaw,1,0.48,"""Termination Value"" turns on what the Calculation Agent thinks ""necessary to compensate the non-defaulting party fairly,"" measured by what a hypothetical ""Dealer of recognized standing"" would charge, with no requirement that any actual quotation be obtained. Neither ""fairly"" nor ""transactions similar to the Transaction"" is defined.",,,,,0.0,True,"The proposed issue turns on “determined by the Calculation Agent in good faith,” “necessary to compensate the non-defaulting party fairly,” and the hypothetical “Dealer” dealing in “transactions similar to the Transaction,” particularly the silence about obtaining an actual quotation and defining “fairly” or “similar.” Candidate g1 turns on the definition’s silence about whether “Market Value of the MBS” enters the listed loss-and-cost components of Termination Value, versus being separately compared with Termination Value for margin-call purposes.",,"The proposed issue challenges the discretion and undefined hypothetical-dealer standard used to calculate Termination Value. Candidate g1 instead concerns whether Market Value of the MBS is an input into Termination Value and how those two calculations relate, so it names a different defect."
35FSupp3d725_confirmations__c054__t2_1,35FSupp3d725_confirmations,c054,35 F.Supp.3d 725,Confirmation 2 — Termination Value,1.1,westlaw,2,0.33,"Termination Value is defined only for early termination ""as a result of the occurrence of an Event of Default,"" yet the Buyer's Margin Amount provision requires it to be computed as of any date as if Buyer were the non-defaulting party. The definition and that provision cannot both be read literally.",,,,,0.0,True,The proposed issue turns on “in connection with any early termination ... as a result of the occurrence of an Event of Default” and its alleged conflict with the Buyer’s Margin Amount provision requiring a calculation as of any date. Candidate g1 turns on the definition’s listed loss-and-cost components—particularly its silence about Market Value of the MBS—and whether Market Value enters the Termination Value calculation.,,"The proposed issue alleges a conflict between the Event-of-Default limitation in the definition and the separate Buyer’s Margin Amount provision. Candidate g1 instead concerns whether Market Value of the MBS is an unstated input to Termination Value, so it identifies a different silence and relationship between calculations."
35FSupp3d725_confirmations__c058__t1_1,35FSupp3d725_confirmations,c058,35 F.Supp.3d 725,Confirmation 2 — Calculation Agent,1.1,westlaw,1,0.32,"The provision makes Barclays Capital Inc. the sole determiner of the Termination Value that drives its own margin calls, and of the Pricing Rate, without stating any standard, source or method here. The only qualifier, ""in good faith,"" sits in a different provision, and ""BCI"" is defined only in the all-capitals warning.",,,,,0.0,True,"The proposed issue turns on the first sentence naming Barclays Capital Inc. as Calculation Agent for Termination Value, the third sentence naming BCI for Pricing Rate, and the provision’s silence about calculation standards or methods. g1 turns on the first sentence’s phrase “For purposes of determining the Termination Value” and whether that designation also reaches MBS Market Value despite separate text assigning Market Value to a generally recognized source.",,The proposed issue alleges an absence of standards governing Barclays’ calculation of Termination Value and Pricing Rate. The recorded defect instead concerns whether the Calculation Agent designation extends Barclays’ authority from calculating Termination Value to unilaterally determining the distinct MBS Market Value; that is a different specific defect.
35FSupp3d725_confirmations__c071__t2_1,35FSupp3d725_confirmations,c071,35 F.Supp.3d 725,Confirmation 3 — Termination Value Warning,1.1,westlaw,2,0.26,"The all-capitals notice describes a ""VOLUNTARY EARLY TERMINATION"" at Counterparty's request and an ""EARLY TERMINATION PRICE"" set by BCI as if it were the non-defaulting party. No such Counterparty-requested termination or price mechanism appears in the Early Termination Right provision, which gives a termination right only to Buyer.",,,,,0.0,True,"The proposed issue turns on the sentence beginning “IF AT THE REQUEST OF COUNTERPARTY” and its references to “VOLUNTARY EARLY TERMINATION” and an “EARLY TERMINATION PRICE,” contrasted with the Early Termination Right provision’s silence as to such a Counterparty right. Candidate g1 turns on the statement that Termination Value “WILL REFLECT CHANGES IN THE MARKET VALUE” and its interaction with Barclays’ Calculation Agent designation and the margin-call valuation terms.",,"The proposed issue alleges a mismatch between the notice’s Counterparty-requested voluntary early-termination mechanism and a separate provision granting termination rights only to Buyer. Candidate g1 instead concerns whether market value enters the Termination Value calculation and whether Barclays may determine Market Value unilaterally, so it identifies a different defect."
35FSupp3d725_confirmations__c088__t1_1,35FSupp3d725_confirmations,c088,35 F.Supp.3d 725,Confirmation 3 — Termination Value,1.1,westlaw,1,0.48,"""Termination Value"" turns on what the Calculation Agent thinks ""necessary to compensate the non-defaulting party fairly,"" measured by what a hypothetical ""Dealer of recognized standing"" would charge, with no requirement that any actual quotation be obtained. Neither ""fairly"" nor ""transactions similar to the Transaction"" is defined.",,,,,0.0,True,"The proposed issue turns on “determined by the Calculation Agent in good faith,” “necessary to compensate ... fairly,” the hypothetical “Dealer,” and “transactions similar to the Transaction,” particularly the absence of definitions or an actual-quotation requirement. Candidate g1 instead turns on the definition’s silence about whether “Market Value of the MBS” is an input to Termination Value and its relationship to the separate margin-call calculation.",,"The proposed issue challenges the indeterminacy and discretion in the hypothetical-dealer measure, whereas g1 concerns whether Market Value of the MBS enters the Termination Value calculation. These are distinct silences involving different inputs and contractual language."
35FSupp3d725_confirmations__c088__t2_1,35FSupp3d725_confirmations,c088,35 F.Supp.3d 725,Confirmation 3 — Termination Value,1.1,westlaw,2,0.33,"Termination Value is defined only for early termination ""as a result of the occurrence of an Event of Default,"" yet the Buyer's Margin Amount provision requires it to be computed as of any date as if Buyer were the non-defaulting party. The definition and that provision cannot both be read literally.",,,,,0.0,True,The proposed issue turns on “in connection with any early termination ... as a result of the occurrence of an Event of Default” and its asserted conflict with the Buyer’s Margin Amount provision’s “as of any date” hypothetical calculation. Candidate g1 turns on the definition’s silence about whether “Market Value of the MBS” enters the listed loss-and-cost components of Termination Value.,,"The proposed issue alleges a temporal/trigger conflict between the Event-of-Default limitation in the Termination Value definition and the Buyer’s Margin Amount provision’s requirement for hypothetical calculations on any date. Candidate g1 instead concerns whether Market Value is an input into Termination Value, so it names a different defect."
35FSupp3d725_confirmations__c092__t1_1,35FSupp3d725_confirmations,c092,35 F.Supp.3d 725,Confirmation 3 — Calculation Agent,1.1,westlaw,1,0.32,"The provision makes Barclays Capital Inc. the sole determiner of the Termination Value that drives its own margin calls, and of the Pricing Rate, without stating any standard, source or method here. The only qualifier, ""in good faith,"" sits in a different provision, and ""BCI"" is defined only in the all-capitals warning.",,,,,0.0,True,"The proposed issue targets the first and third sentences—“determining the Termination Value” and “determining the Pricing Rate”—plus the provision’s silence as to standards, sources, or methods and its reliance on definitions or qualifications elsewhere. Candidate g1 targets only the first sentence’s designation of Barclays as Calculation Agent for Termination Value and whether those words also confer unilateral authority to determine the distinct MBS Market Value despite the MRA’s “generally recognized source” language.",,The proposed issue complains that Barclays is expressly assigned to determine Termination Value and Pricing Rate without an internal standard or method. Candidate g1 instead concerns whether the Termination Value designation implicitly extends Barclays’ authority to the separate determination of MBS Market Value; that scope dispute is related to margin calculations but is not the same drafting defect.
35FSupp3d725_confirmations__c104__t2_1,35FSupp3d725_confirmations,c104,35 F.Supp.3d 725,Confirmation 4 — Termination Value Warning,1.1,westlaw,2,0.26,"The all-capitals notice describes a ""VOLUNTARY EARLY TERMINATION"" at Counterparty's request and an ""EARLY TERMINATION PRICE"" set by BCI as if it were the non-defaulting party. No such Counterparty-requested termination or price mechanism appears in the Early Termination Right provision, which gives a termination right only to Buyer.",,,,,0.0,True,"The proposed issue turns on the sentence beginning “JFATTHEREQUESfOFCOUNfRRPARTY,” particularly “VOLUNfARY EARLYTEIU\11NA'IION” and “EARLY TERMINATION rRICE,” and its alleged conflict with the Early Termination Right provision. Candidate g1 turns on the statement that Termination Value “WITL REFLECT CHANGES IN THE MARKET VAUJE” and the separate Calculation Agent language, asking whether MBS Market Value is an input and whether Barclays may determine it unilaterally.",,"The proposed issue alleges an unsupported Counterparty-requested voluntary-termination and pricing mechanism. Candidate g1 instead concerns whether Market Value enters the Termination Value calculation and whether Barclays may determine Market Value unilaterally for margin calls, so it names a different defect."
35FSupp3d725_confirmations__c122__t1_1,35FSupp3d725_confirmations,c122,35 F.Supp.3d 725,Confirmation 4 — Termination Value,1.1,westlaw,1,0.48,"""Termination Value"" turns on what the Calculation Agent thinks ""necessary to compensate the non-defaulting party fairly,"" measured by what a hypothetical ""Dealer of recognized standing"" would charge, with no requirement that any actual quotation be obtained. Neither ""fairly"" nor ""transactions similar to the Transaction"" is defined.",,,,,0.0,True,"The proposed issue concerns “necessary to compensate the non-defaulting party fairly,” the hypothetical “Dealer” benchmark, the absence of an actual-quotation requirement, and the undefined phrase “transactions similar to the Transaction.” Candidate g1 concerns the definition’s silence on whether “Market Value of the MBS”—a separate contractual measure—is an input into Termination Value or merely compared with it for margin-call purposes.",,"The proposed issue challenges the indeterminacy and subjectivity of the hypothetical-dealer compensation standard. Candidate g1 instead concerns whether the separate Market Value of the MBS enters the Termination Value calculation, so it identifies a different silence and a different alleged defect."
35FSupp3d725_confirmations__c122__t2_1,35FSupp3d725_confirmations,c122,35 F.Supp.3d 725,Confirmation 4 — Termination Value,1.1,westlaw,2,0.3,"The amount is to be ""determined by the Calculation Agent,"" but Confirmation 4 contains no Calculation Agent provision at all, unlike the other Confirmations. Who performs the determination must be supplied from outside this Confirmation.",,,,,0.0,True,The proposed issue turns on “determined by the Calculation Agent” and Confirmation 4’s alleged silence about who the Calculation Agent is. Candidate g1 turns on the listed loss-and-cost components—particularly clauses (a) and (b)—and their failure to state whether “Market Value of the MBS” enters the Termination Value calculation.,,"The proposed issue concerns the absence of text identifying who serves as Calculation Agent. Candidate g1 instead concerns whether Market Value is an input into Termination Value and the relationship between those calculations, so it names a different silence and defect."
35FSupp3d725_confirmations__c138__t2_1,35FSupp3d725_confirmations,c138,35 F.Supp.3d 725,Confirmation 5 — Termination Value Warning,1.1,westlaw,2,0.26,"The all-capitals notice describes a ""VOLUNTARY EARLY TERMINATION"" at Counterparty's request and an ""EARLY TERMINATION PRICE"" set by BCI as if it were the non-defaulting party. No such Counterparty-requested termination or price mechanism appears in the Early Termination Right provision, which gives a termination right only to Buyer.",,,,,0.0,True,"The proposed issue turns on the sentence beginning “IF AT THE REQUEST OF COUNTERPARTY” and its references to a “VOLUNTARY EARLY TERMINATION” and “EARLY TERMINATION PRICE,” contrasted with the silence of the Buyer-only Early Termination Right about that mechanism. Candidate g1 turns on the sentence stating that Termination Value will “REFLECT CHANGES IN THE MARKET VALUE OF THE PARTIES’ RESPECTIVE POSITIONS” and whether that language makes MBS Market Value an input or authorizes Barclays to determine Market Value for margin calls.",,The proposed issue alleges a mismatch between the Counterparty-requested voluntary early-termination mechanism in the warning and the Buyer-only Early Termination Right. Candidate g1 instead concerns whether changes in market value feed into Termination Value and whether Barclays thereby has unilateral authority to determine Market Value for margin calls; it is a different defect.
35FSupp3d725_confirmations__c154__t1_1,35FSupp3d725_confirmations,c154,35 F.Supp.3d 725,Confirmation 5 — Termination Value,1.1,westlaw,1,0.48,"""Termination Value"" turns on what the Calculation Agent thinks ""necessary to compensate the non-defaulting party fairly,"" measured by what a hypothetical ""Dealer of recognized standing"" would charge, with no requirement that any actual quotation be obtained. Neither ""fairly"" nor ""transactions similar to the Transaction"" is defined.",,,,,0.0,True,"The proposed issue turns on “determined by the Calculation Agent in good faith,” “necessary to compensate the nondefaulting party fairly,” and the hypothetical amount involving a “Dealer” in markets for “transactions similar to the Transactions,” including the absence of an actual-quotation requirement and definitions of “fairly” and “similar.” Candidate g1 instead turns on the definition’s silence about whether “Market Value of the MBS” is an input and how Termination Value relates to the separate Market Value calculation.",,"The proposed issue challenges the indeterminacy and hypothetical nature of the valuation standard, whereas g1 concerns whether Market Value of the MBS enters the Termination Value calculation. These are distinct alleged defects despite involving the same definition."
35FSupp3d725_confirmations__c154__t2_1,35FSupp3d725_confirmations,c154,35 F.Supp.3d 725,Confirmation 5 — Termination Value,1.1,westlaw,2,0.33,"Termination Value is defined only for early termination ""as a result of the occurrence of an Event of Default,"" yet the Buyer's Margin Amount provision requires it to be computed as of any date as if Buyer were the non-defaulting party. The definition and that provision cannot both be read literally.",,,,,0.0,True,The proposed issue turns on “as a result of the occurrence of an Event of Default” and its alleged conflict with the Buyer’s Margin Amount provision’s direction to calculate Termination Value as of any date as though Buyer were non-defaulting. Candidate g1 turns on the definition’s failure to state whether “Market Value of the MBS” enters the listed loss-and-cost components of Termination Value.,,"The proposed issue alleges a conflict between the Event-of-Default limitation in the Termination Value definition and the separate Buyer’s Margin Amount provision’s requirement for ongoing hypothetical calculations. Candidate g1 instead concerns whether Market Value is an input into Termination Value, a distinct silence affecting the relationship between those calculations."
35FSupp3d725_confirmations__c158__t1_1,35FSupp3d725_confirmations,c158,35 F.Supp.3d 725,Confirmation 5 — Calculation Agent,1.1,westlaw,1,0.32,"The provision makes Barclays Capital Inc. the sole determiner of the Termination Value that drives its own margin calls, and of the Pricing Rate, without stating any standard, source or method here. The only qualifier, ""in good faith,"" sits in a different provision, and ""BCI"" is defined only in the all-capitals warning.",,,,,0.0,True,"The proposed issue targets the first and third sentences designating Barclays/“BCI” as Calculation Agent, especially their silence about standards or methods and their relationship to an external good-faith qualifier and definition of “BCI.” Candidate g1 targets the scope of the first sentence’s words “[f]or purposes of determining the Termination Value,” specifically whether that designation also grants authority to determine MBS Market Value despite the separate “generally recognized source” requirement.",,"No candidate names the same defect. The proposed issue alleges standardless, self-interested discretion to calculate Termination Value and Pricing Rate, whereas g1 concerns whether the Calculation Agent designation extends beyond Termination Value to unilateral determination of MBS Market Value."
35FSupp3d725_confirmations__c171__t2_1,35FSupp3d725_confirmations,c171,35 F.Supp.3d 725,Confirmation 6 — Termination Value Warning,1.1,westlaw,2,0.26,"The all-capitals notice describes a ""VOLUNTARY EARLY TERMINATION"" at Counterparty's request and an ""EARLY TERMINATION PRICE"" set by BCI as if it were the non-defaulting party. No such Counterparty-requested termination or price mechanism appears in the Early Termination Right provision, which gives a termination right only to Buyer.",,,,,0.0,True,"The proposed issue turns on the sentence beginning “IF AT THE REQUEST OF COUNTERPARTY” and its terms “VOLUNTARY EARLY TERMINATION” and “EARLY TERMINATION PRICE,” compared with the separate Early Termination Right provision’s grant of a right only to Buyer. Candidate g1 turns on “THE TERMINATION VALUE WILL REFLECT CHANGES IN THE MARKET VALUE” and the Calculation Agent language, specifically whether MBS Market Value is an input and whether Barclays has unilateral valuation authority.",,"The proposed issue concerns an apparent Counterparty-requested voluntary early-termination mechanism that is absent from or conflicts with the separate Early Termination Right provision. Candidate g1 instead concerns whether Market Value enters the Termination Value calculation and whether Barclays may determine Market Value unilaterally for margin calls, so it names a different defect."
35FSupp3d725_confirmations__c188__t1_1,35FSupp3d725_confirmations,c188,35 F.Supp.3d 725,Confirmation 6 — Termination Value,1.1,westlaw,1,0.48,"""Termination Value"" turns on what the Calculation Agent thinks ""necessary to compensate the non-defaulting party fairly,"" measured by what a hypothetical ""Dealer of recognized standing"" would charge, with no requirement that any actual quotation be obtained. Neither ""fairly"" nor ""transactions similar to the Transaction"" is defined.",,,,,0.0,True,"The proposed issue concerns “necessary to compensate the non-defaulting party fairly,” the hypothetical “Dealer of recognized standing,” “transactions similar to the Transaction,” and the silence about obtaining an actual quotation. Candidate g1 concerns the definition’s silence on whether “Market Value of the MBS” enters the listed loss-and-cost calculation of Termination Value or is only compared against Termination Value for margin-call purposes.",,"The proposed issue challenges the indeterminacy of the hypothetical-dealer and fair-compensation standard, including the absence of an actual-quotation requirement. Candidate g1 instead concerns whether Market Value of the MBS is an input into Termination Value, so it identifies a different silence and a different relationship between calculations."
35FSupp3d725_confirmations__c188__t2_1,35FSupp3d725_confirmations,c188,35 F.Supp.3d 725,Confirmation 6 — Termination Value,1.1,westlaw,2,0.33,"Termination Value is defined only for early termination ""as a result of the occurrence of an Event of Default,"" yet the Buyer's Margin Amount provision requires it to be computed as of any date as if Buyer were the non-defaulting party. The definition and that provision cannot both be read literally.",,,,,0.0,True,The proposed issue turns on “in connection with any early termination ... as a result of the occurrence of an Event of Default” and its asserted conflict with the Buyer’s Margin Amount requirement to calculate Termination Value as of any date as if Buyer were non-defaulting. Candidate g1 turns on the definition’s listed loss-and-cost components—particularly clauses (a) and (b)—and their silence about whether “Market Value of the MBS” is an input.,,"The proposed issue alleges a conflict between the Event-of-Default limitation in the Termination Value definition and the separate Buyer’s Margin Amount provision. Candidate g1 instead concerns whether Market Value of the MBS is an unstated input into the loss-and-cost calculation, which is a different silence involving different contractual language."
35FSupp3d725_confirmations__c192__t1_1,35FSupp3d725_confirmations,c192,35 F.Supp.3d 725,Confirmation 6 — Calculation Agent,1.1,westlaw,1,0.32,"The provision makes Barclays Capital Inc. the sole determiner of the Termination Value that drives its own margin calls, and of the Pricing Rate, without stating any standard, source or method here. The only qualifier, ""in good faith,"" sits in a different provision, and ""BCI"" is defined only in the all-capitals warning.",,,,,0.0,True,"The proposed issue turns on the first and third sentences assigning Barclays Capital Inc./“BCI” responsibility for determining Termination Value and the Pricing Rate, plus the asserted silence there about standards, sources, methods, and good faith. Candidate g1 turns on the first sentence’s phrase “For purposes of determining the Termination Value” and whether that language also authorizes Barclays to determine the distinct MBS Market Value unilaterally.",,"The proposed issue alleges that the expressly assigned Termination Value and Pricing Rate determinations lack governing standards and give Barclays unchecked discretion. Candidate g1 instead concerns whether Barclays’ express authority to calculate Termination Value implicitly extended to the separate determination of MBS Market Value, so it identifies a different defect."
35FSupp3d725_confirmations__c205__t2_1,35FSupp3d725_confirmations,c205,35 F.Supp.3d 725,Confirmation 7 — Termination Value Warning,1.1,westlaw,2,0.26,"The all-capitals notice describes a ""VOLUNTARY EARLY TERMINATION"" at Counterparty's request and an ""EARLY TERMINATION PRICE"" set by BCI as if it were the non-defaulting party. No such Counterparty-requested termination or price mechanism appears in the Early Termination Right provision, which gives a termination right only to Buyer.",,,,,0.0,True,"The proposed issue turns on “AT THE REQUEST OF COUNTERPARTY,” “VOLUNTARY EARLY TERMINATION,” and “EARLY TERMINATION PRICE,” contrasted with the separate Early Termination Right provision’s grant of a right only to Buyer. Candidate g1 turns on “THE TERMINATION VALUE WILL REFLECT CHANGES IN THE MARKET VALUE OF THE PARTIES’ RESPECTIVE POSITIONS,” together with Barclays’ Calculation Agent designation and the MRA’s requirement that Market Value come from a “generally recognized source agreed to by the parties.”",,"The proposed issue concerns an alleged mismatch between the Counterparty-requested voluntary early-termination mechanism and the separate Early Termination Right granted only to Buyer. Candidate g1 instead concerns whether Market Value is an input into Termination Value and whether Barclays may determine Market Value unilaterally for margin calls, so it identifies a different defect."
35FSupp3d725_confirmations__c223__t1_1,35FSupp3d725_confirmations,c223,35 F.Supp.3d 725,Confirmation 7 — Termination Value,1.1,westlaw,1,0.48,"""Termination Value"" turns on what the Calculation Agent thinks ""necessary to compensate the non-defaulting party fairly,"" measured by what a hypothetical ""Dealer of recognized standing"" would charge, with no requirement that any actual quotation be obtained. Neither ""fairly"" nor ""transactions similar to the Transaction"" is defined.",,,,,0.0,True,"The proposed issue concerns “determined by the Calculation Agent in good faith,” “necessary to compensate the non-defaulting party fairly,” and the hypothetical “Dealer” dealing in “transactions similar to the Transaction,” especially the absence of an actual-quotation requirement or definitions of “fairly” and “similar.” Candidate g1 concerns the definition’s silence on whether “Market Value of the MBS” is an input into Termination Value and its relationship to the separate margin-call calculation.",,"The proposed issue challenges the subjectivity and undefined standards governing the Calculation Agent’s hypothetical-dealer valuation. Candidate g1 instead identifies uncertainty over whether the separately defined Market Value of the MBS enters the Termination Value calculation, so it is a different defect."
35FSupp3d725_confirmations__c223__t2_1,35FSupp3d725_confirmations,c223,35 F.Supp.3d 725,Confirmation 7 — Termination Value,1.1,westlaw,2,0.33,"Termination Value is defined only for early termination ""as a result of the occurrence of an Event of Default,"" yet the Buyer's Margin Amount provision requires it to be computed as of any date as if Buyer were the non-defaulting party. The definition and that provision cannot both be read literally.",,,,,0.0,True,The proposed issue turns on “in connection with any early termination ... as a result of the occurrence of an Event of Default” and its conflict with the Buyer’s Margin Amount provision’s calculation “as of any date” as if Buyer were non-defaulting. Candidate g1 turns on the definition’s silence about whether “Market Value of the MBS” enters the listed loss-and-cost components of Termination Value.,,"The proposed issue alleges a conflict between the definition’s early-termination/Event-of-Default limitation and the separate Buyer’s Margin Amount requirement for ongoing hypothetical calculations. Candidate g1 instead concerns whether Market Value is an input into Termination Value, so it identifies a different defect."
35FSupp3d725_confirmations__c227__t1_1,35FSupp3d725_confirmations,c227,35 F.Supp.3d 725,Confirmation 7 — Calculation Agent,1.1,westlaw,1,0.32,"The provision makes Barclays Capital Inc. the sole determiner of the Termination Value that drives its own margin calls, and of the Pricing Rate, without stating any standard, source or method here. The only qualifier, ""in good faith,"" sits in a different provision, and ""BCI"" is defined only in the all-capitals warning.",,,,,0.0,True,"The proposed issue targets the first sentence appointing Barclays Capital Inc. to determine Termination Value, the third sentence appointing BCI to determine the Pricing Rate, and the absence there of standards or methods. Candidate g1 targets the first sentence’s phrase “For purposes of determining the Termination Value” and its disputed relationship to separate language governing who determines MBS Market Value; it does not target the Pricing Rate sentence or the asserted lack of standards for calculating Termination Value.",,"The proposed issue alleges standardless, self-interested discretion to determine Termination Value and Pricing Rate. Candidate g1 instead concerns whether the Calculation Agent designation for Termination Value also extends to unilateral determination of the distinct MBS Market Value used for margin calls, so it identifies a different defect."
35FSupp3d725_confirmations__c240__t2_1,35FSupp3d725_confirmations,c240,35 F.Supp.3d 725,Confirmation 8 — Termination Value Warning,1.1,westlaw,2,0.26,"The all-capitals notice describes a ""VOLUNTARY EARLY TERMINATION"" at Counterparty's request and an ""EARLY TERMINATION PRICE"" set by BCI as if it were the non-defaulting party. No such Counterparty-requested termination or price mechanism appears in the Early Termination Right provision, which gives a termination right only to Buyer.",,,,,0.0,True,"The proposed issue turns on “AT THE REQUEST OF COUNTERPARTY,” “VOLUNTARY EARLY TERMINATION,” and “EARLY TERMINATION PRICE,” together with the asserted silence or conflict in the separate Early Termination Right provision. Candidate g1 turns on “TERMINATION VALUE WILL REFLECT CHANGES IN THE MARKET VALUE OF THE PARTIES’ RESPECTIVE POSITIONS” and whether the Calculation Agent language authorizes Barclays to determine Market Value for margin calls.",,"The proposed issue concerns an alleged inconsistency between Counterparty-requested voluntary early termination language and a separate provision granting an early-termination right only to Buyer. Candidate g1 instead concerns whether Market Value is an input into Termination Value and whether Barclays may determine Market Value unilaterally, so it names a different defect."
35FSupp3d725_confirmations__c258__t1_1,35FSupp3d725_confirmations,c258,35 F.Supp.3d 725,Confirmation 8 — Termination Value,1.1,westlaw,1,0.48,"""Termination Value"" turns on what the Calculation Agent thinks ""necessary to compensate the non-defaulting party fairly,"" measured by what a hypothetical ""Dealer of recognized standing"" would charge, with no requirement that any actual quotation be obtained. Neither ""fairly"" nor ""transactions similar to the Transaction"" is defined.",,,,,0.0,True,"The proposed issue concerns “necessary to compensate the non-defaulting party fairly,” the hypothetical “Dealer of recognized standing,” “transactions similar to the Transaction,” and the absence of an actual-quotation requirement or definitions. Candidate g1 concerns the definition’s silence on whether “Market Value of the MBS” is an input to Termination Value and how that calculation relates to the separate Market Value calculation.",,"The proposed issue challenges the indeterminacy and hypothetical nature of the Dealer-based fair-compensation measure. The recorded defect instead concerns whether Market Value of the MBS enters the Termination Value calculation, so it is a different specific silence in the provision."
35FSupp3d725_confirmations__c258__t2_1,35FSupp3d725_confirmations,c258,35 F.Supp.3d 725,Confirmation 8 — Termination Value,1.1,westlaw,2,0.33,"Termination Value is defined only for early termination ""as a result of the occurrence of an Event of Default,"" yet the Buyer's Margin Amount provision requires it to be computed as of any date as if Buyer were the non-defaulting party. The definition and that provision cannot both be read literally.",,,,,0.0,True,The proposed issue turns on “in connection with any early termination ... as a result of the occurrence of an Event of Default” and its conflict with the Buyer’s Margin Amount provision’s direction to calculate Termination Value as of any date. Candidate g1 turns on the definition’s silence—particularly components (a) and (b)—about whether “Market Value of the MBS” is an input to Termination Value.,,"The proposed issue alleges a conflict between the Event-of-Default limitation in the definition and the separate Buyer’s Margin Amount provision. Candidate g1 instead concerns whether the definition’s listed components silently include Market Value as an input, so it identifies a different defect."
35FSupp3d725_confirmations__c262__t1_1,35FSupp3d725_confirmations,c262,35 F.Supp.3d 725,Confirmation 8 — Calculation Agent,1.1,westlaw,1,0.32,"The provision makes Barclays Capital Inc. the sole determiner of the Termination Value that drives its own margin calls, and of the Pricing Rate, without stating any standard, source or method here. The only qualifier, ""in good faith,"" sits in a different provision, and ""BCI"" is defined only in the all-capitals warning.",,,,,0.0,True,"The proposed issue concerns the sentences making Barclays Capital Inc. Calculation Agent for “determining the Termination Value” and BCL/BCI Calculation Agent for “determining the Pricing Rate,” together with the provision’s silence about standards, sources, or methods. Candidate g1 concerns whether the first designation—“[f]or purposes of determining the Termination Value”—also grants authority to determine the separate MBS Market Value, despite other text assigning Market Value to a “generally recognized source agreed to by the parties.”",,"The proposed issue challenges Barclays’ express authority to calculate Termination Value and Pricing Rate without an internal standard or method. Candidate g1 instead concerns whether the Termination Value designation implicitly extends Barclays’ authority to the distinct task of determining MBS Market Value unilaterally, so it names a different defect."
35FSupp3d725_master_repurchase_agreement_mra__c011__t1_1,35FSupp3d725_master_repurchase_agreement_mra,c011,35 F.Supp.3d 725,2(j) Market Value,1.1,westlaw,1,0.55,"""Market Value"" depends on a ""generally recognized source agreed to by the parties"" or a ""most recent closing bid quotation from such a source"", with no fallback if no source is agreed or none exists for illiquid private-label mortgage paper. The trailing qualifier ""unless contrary to market practice for such Securities"" further leaves the figure indeterminate.",g1,35FSupp3d725_master_repurchase_agreement_mra__c011__i1,"The phrase “generally recognized source agreed to by the parties” was vague because the MRA named no source, leaving competing readings as to whether Barclays itself had been agreed upon or an agreed third-party source was required to determine Market Value.",1.1,0.74,True,"The proposed issue concerns “generally recognized source agreed to by the parties,” “most recent closing bid quotation from such a source,” the silence about what happens when no source is agreed or available, and “unless contrary to market practice for such Securities.” Candidate g1 concerns “generally recognized source agreed to by the parties” and the MRA’s silence as to the identity of that source; it does not concern the trailing market-practice qualifier.","As noted, the MRA places that authority in the hands of a “generally recognized source agreed to by the parties.” MRA ¶ 2(j). However, the MRA does not explicitly name a “generally recognized source.”
Thornburg maintains that no such source was ever agreed upon.","Both identify the failure to name or establish the “generally recognized source” needed to determine Market Value. The proposed issue frames that silence as the absence of a fallback and additionally challenges the trailing market-practice qualifier, whereas g1 frames it as uncertainty over whether Barclays or an agreed third party was the required source."
35FSupp3d725_master_repurchase_agreement_mra__c043__t1_1,35FSupp3d725_master_repurchase_agreement_mra,c043,35 F.Supp.3d 725,11(d) Liquidation and Replacement Remedies,1.1,westlaw,1,0.6,"The liquidation standard is a stack of undefined discretions — sale ""in a recognized market (or otherwise in a commercially reasonable manner)"" at prices the nondefaulting party ""may reasonably deem satisfactory"", or a deemed credit at a price from a source it may establish ""in its sole discretion"". Nothing in the paragraph fixes what a commercially reasonable disposition of illiquid mortgage collateral is.",,,,,0.0,True,"The proposed issue concerns “commercially reasonable manner,” prices the nondefaulting party may “reasonably deem satisfactory,” and its power to establish a pricing source “in its sole discretion.” g1 concerns the relationship created by “in a recognized market (or otherwise in a commercially reasonable manner),” specifically whether the recognized-market and commercially-reasonable routes are independent alternatives.",,The proposed issue alleges that the paragraph supplies no substantive criteria for commercial reasonableness and leaves pricing and source selection insufficiently constrained. g1 instead identifies a different ambiguity: whether “or otherwise” makes a recognized-market sale commercially reasonable per se or whether every sale remains subject to commercial-reasonableness review.
35FSupp3d725_master_repurchase_agreement_mra__c043__t2_1,35FSupp3d725_master_repurchase_agreement_mra,c043,35 F.Supp.3d 725,11(d) Liquidation and Replacement Remedies,1.1,westlaw,2,0.3,"The closing acknowledgment deems ""the Securities subject to any Transaction hereunder"" to be ""instruments traded in a recognized market"", which cannot be squared with Paragraph 2(j)'s premise that a generally recognized pricing source may not exist and must be agreed by the parties. Whether the deemed fact defeats a challenge to the pricing source is the fight.",,,,,0.0,True,The proposed issue turns on the closing acknowledgment that “the Securities subject to any Transaction hereunder are instruments traded in a recognized market” and its asserted conflict with the language addressing the absence of “a generally recognized source for prices or bid or offer quotations.” Candidate g1 turns on the earlier authorization to sell “in a recognized market (or otherwise in a commercially reasonable manner)” and the relationship between those two alternatives.,,"The proposed issue alleges an inconsistency between the closing acknowledgment that securities trade in a recognized market and the separate pricing-source language. Candidate g1 instead concerns whether a sale in a recognized market is commercially reasonable per se or merely presumptively so, so it identifies a different defect."
364FSupp3d990_clinic_master_lease_and__c026__t1_1,364FSupp3d990_clinic_master_lease_and,c026,364 F.Supp.3d 990,21. Construction,2.2,model,1,0.33,"Venue is limited to ""the Hennepin County, Minnesota, Federal or State District Court"" only ""for the enforcement of this Agreement,"" leaving open whether non-contract claims (trade secret, tort, or claims under the License Agreement) fall inside the clause. ""Hennepin County ... Federal ... District Court"" also names no existing federal court by its proper designation.",g1,364FSupp3d990_clinic_master_lease_and__c026__i1,"The reach of “Venue for the enforcement of this Agreement” depended on reading the forum clause with the agreement’s substantive obligations: the agreement imposed no patent-related duty, while the contract and repackaged tort claims sought to enforce duties it did impose.",2.2,0.76,True,"The proposed issue concerns both “for the enforcement of this Agreement” and the forum designation “the Hennepin County, Minnesota, Federal or State District Court.” Candidate g1 concerns the reach of “enforce” (and related forum-clause language) as applied to patent, contract, and tort claims by reference to the agreements’ substantive obligations; it does not concern the court’s geographic or institutional designation.","Given that all of these claims are either explicit breach-of-contract claims or breach-of-contract claims repackaged as tort claims, the Court finds that all of these claims are brought to ""enforce"" or at least ""relate to"" the agreements, and therefore are properly venued in Minnesota under the forum-selection clauses in those agreements.","Both identify uncertainty in the scope of “for the enforcement of this Agreement,” particularly whether tort and other non-contract claims are covered based on the contractual duties they implicate. The match is partial because the proposed issue also separately challenges the inaccurate designation of the federal court, which g1 does not address."
364FSupp3d990_clinic_master_lease_and__c053__t1_1,364FSupp3d990_clinic_master_lease_and,c053,364 F.Supp.3d 990,Section 7.2—Choice of Law and Jurisdiction,2.2,model,1,0.31,"Venue is limited to ""the Hennepin County, Minnesota, Federal or State District Court"" and only ""for the enforcement of this Agreement,"" leaving open whether tort, trade secret or non-compete claims are covered and which federal court is meant. The identical clause in paragraph 21 of the Lease raises the same question for the same dispute.",g1,364FSupp3d990_clinic_master_lease_and__c053__i1,"The reach of “Venue for the enforcement of this Agreement” depended on reading the forum clause with the agreement’s substantive obligations: the agreement imposed no patent-related duty, while the contract and repackaged tort claims sought to enforce duties it did impose.",2.2,0.78,True,"The proposed issue concerns both “for the enforcement of this Agreement,” as applied to tort, trade-secret, and non-compete claims, and “the Hennepin County, Minnesota, Federal or State District Court,” as an uncertain federal-court designation; it also notes the identical Lease clause. Candidate g1 concerns the reach of “for the enforcement of this Agreement” (and related forum language) by reference to whether the asserted claims enforce substantive contractual obligations.","Under the agreements, Salpeter (and ARPwave Austin) were obligated not to disclose trade secrets or confidential information, to return each device at the end of the relevant lease period, to make payments according to particular terms, and not to compete with ARPwave following the termination of one of the agreements. ARPwave now alleges that trade secrets and confidential information were disclosed, that devices were not returned, that payments were missed, and that defendants are offering the proprietary ARPwave system without a license and in violation of the non-compete clause. Given that all of these claims are either explicit breach-of-contract claims or breach-of-contract claims repackaged as tort claims, the Court finds that all of these claims are brought to ""enforce"" or at least ""relate to"" the agreements, and therefore are properly venued in Minnesota under the forum-selection clauses in those agreements.","Both identify uncertainty in the reach of “for the enforcement of this Agreement,” particularly whether trade-secret, non-compete, and repackaged tort claims fall within the clause. Alignment is not complete because the proposed issue also raises the separate ambiguity over which federal court is designated, while g1 additionally contrasts patent claims that enforce no contractual duty."
364FSupp3d990_the_2010_agreement__c027__t1_1,364FSupp3d990_the_2010_agreement,c027,364 F.Supp.3d 990,21. Construction,2.2,model,1,0.41,"Venue is limited to ""the Hennepin County, Minnesota, Federal or State District Court,"" but no federal district court is organized by Minnesota county, so the designated federal forum is ambiguous. Whether the clause is mandatory and what court it actually identifies would have to be construed.",,,,,0.0,True,"The proposed issue concerns “the Hennepin County, Minnesota, Federal or State District Court” and whether that language unambiguously identifies an available federal forum. Candidate g1 concerns “Venue for the enforcement of this Agreement,” specifically whether patent, contract, and tort claims enforce or relate to duties imposed by the agreements.",,No candidate names the proposed forum-identification defect. Candidate g1 instead addresses which claims fall within the clause because they enforce or relate to contractual obligations.
364FSupp3d990_the_2010_agreement__c044__t1_1,364FSupp3d990_the_2010_agreement,c044,364 F.Supp.3d 990,Section 6.2 Choice of Law and Jurisdiction,2.2,model,1,0.37,"Venue is confined to ""the Hennepin County, Minnesota, Federal or State District Court,"" though no federal district court is defined by Minnesota county. The identity of the mandated federal forum, and whether the clause is exclusive, would have to be construed.",,,,,0.0,True,"The proposed issue turns on “the Hennepin County, Minnesota, Federal or State District Court” and “to the exclusion of all other courts,” questioning the federal court’s identity and the clause’s exclusivity. Candidate g1 turns on “Venue for the enforcement of this Agreement,” specifically whether patent, contract, and tort claims fall within “enforcement”; it does not concern the identity or exclusivity of the selected court.",,"The proposed issue concerns uncertainty over the identity and exclusivity of the designated federal forum. Candidate g1 instead concerns which claims qualify as actions brought to “enforce” the agreement, so it names a different defect."
364FSupp3d990_the_2012_agreement__c026__t1_1,364FSupp3d990_the_2012_agreement,c026,364 F.Supp.3d 990,"7.9 Governing Law, Forum, and Jury Waiver","1.1,2.2",model,1,0.52,"The clause compels litigation in Hennepin County of ""ALL ACTIONS OR PROCEEDINGS RELATING TO THIS AGREEMENT OR ANY RELATED AGREEMENTS,"" and ""related agreements"" is nowhere defined or bounded. Whether it captures the separate 2010 individual agreements and the clinic lease and license, and non-contract claims, is open on the text.",g1,364FSupp3d990_the_2012_agreement__c026__i1,"The phrase “actions or proceedings relating to this agreement or any related agreements” had disputed lexical reach: ARPwave treated the licensing of devices that were later patented as a sufficient connection, whereas the court required the claims to concern, reference, or have relevance or connection to an agreement.",1.1,0.72,True,"The proposed issue turns on “all actions or proceedings relating to this agreement or any related agreements,” especially the undefined “related agreements” and whether “relating to” reaches non-contract claims. G1 concerns the lexical reach of that same phrase; g2 concerns “relat[ed] to” as applied through the agreements’ silence about patents and lack of need to interpret them; g3 instead concerns the separate jury-waiver words “based upon or arising out of this agreement.”","Again, that clause covers a claim ""relating"" to the 2012 agreement ""or any related agreements"" (which likely includes the 2008 and 2010 agreements). Specifically, ARPwave argues that its patent-infringement claims ""relate"" to the agreements because Salpeter was licensed to use ARPwave's devices under the agreements, those devices were later patented, and defendants then infringed the patents. The Court is not convinced.","G1 is the closest match because both defects concern the reach of “relating to this agreement or any related agreements” across other agreements and non-contract patent claims. The proposed issue emphasizes the undefined boundary of “related agreements,” while g1 focuses more specifically on how closely a claim must connect to those agreements, so the overlap is substantial but incomplete."
364FSupp3d990_the_2012_agreement__c026__t2_1,364FSupp3d990_the_2012_agreement,c026,364 F.Supp.3d 990,"7.9 Governing Law, Forum, and Jury Waiver","1.1,2.2",model,2,0.21,"The extension of the forum clause to ""ANY RELATED AGREEMENTS"" presupposes other subsisting agreements, which sits against Section 7.7's declaration that this License is the entire agreement between the parties. Which provision controls determines whether disputes under the earlier agreements are swept into Minnesota.",,,,,0.0,True,The proposed issue concerns “any related agreements” and its alleged conflict with Section 7.7’s declaration that the 2012 License is the entire agreement. g1 concerns the lexical reach of “relating to”; g2 concerns whether the agreements’ silence about patents and lack of relevance to adjudication place the patent claims outside “relat[ed] to”; g3 concerns whether “based upon or arising out of this agreement” belongs to the jury-waiver sentence rather than the forum-selection sentence.,,"None of the recorded defects concerns a conflict between “any related agreements” and Section 7.7’s entire-agreement clause. Although g1’s passage says related agreements likely include the 2008 and 2010 agreements, g1’s recorded defect instead concerns how closely the patent claims must “relat[e]” to those agreements."
467FSupp2d115_operating_agreement_and_members__c044__t2_1,467FSupp2d115_operating_agreement_and_members,c044,467 F.Supp.2d 115,4.1(i) Initial Capital Contributions,1.1,westlaw,2,0.36,"The recitation that each Member ""has contributed or is deemed to have contributed"" the Schedule A amount cannot be squared with Schedule A itself, which lists LSB at the garbled figure ""$00,001.00,"" and with the Venture Agreement's acknowledgement that LSB would contribute no cash. What LSB in fact contributed for her 49% is unresolved.",,,,,0.0,True,"The proposed issue concerns “has contributed or is deemed to have contributed” as applied to LSB, together with the Schedule A cross-reference and its “$00,001.00” entry, allegedly conflicting with the Venture Agreement’s no-cash acknowledgment. Candidate g1 concerns the past tense of “has contributed or is deemed to have contributed” as applied to DMSA’s $50,000 and whether those words imposed a future contribution obligation.",,"The proposed issue alleges that the acknowledgment of LSB’s contribution conflicts with Schedule A and the Venture Agreement, leaving the nature of LSB’s contribution unresolved. Candidate g1 instead records a dispute over whether the same past-tense phrase required DMSA to make a future $50,000 contribution, so it is a different defect despite involving the same phrase."
467FSupp2d115_venture_agreement__c007__t1_1,467FSupp2d115_venture_agreement,c007,467 F.Supp.2d 115,1. Initial capital contribution,1.1,westlaw,1,0.52,"DMSA's funding obligation is measured only by ""an amount that DMSA deems appropriate,"" setting no floor and arguably making the promise illusory, while the parenthetical lets internal labor and overhead of DMSA staff count as contributed capital. Both the amount owed and what qualifies as ""initial capital"" are left to DMSA's say-so.",g1,467FSupp2d115_venture_agreement__c007__i1,"The phrase requiring initial capital “in an amount that DMSA deems appropriate,” including listed expenses and labor, was lexically vague as to the nature and extent of DMSA’s performance—potentially granting unfettered discretion, yet also permitting an enforceable obligation to be determined from the parties’ course of performance.",1.1,0.94,True,The proposed issue concerns “in an amount that DMSA deems appropriate” and the parenthetical allowing listed expenses and DMSA labor to constitute capital. Candidate g1 concerns those same words—the discretionary amount phrase together with the parenthetical—and says they leave the nature and extent of DMSA’s required performance uncertain.,"Of course, the fact that the Venture Agreement appears to provide DMSA with unbridled discretion to determine the nature of its contribution does not make the contract unenforceable per se.","Both identify the same potential indefiniteness or illusoriness created by DMSA’s discretion to determine the amount and nature of its initial contribution. The proposed issue emphasizes the absence of a minimum and the treatment of labor and overhead, while g1 frames those points more broadly as uncertainty over the nature and extent of performance and notes that course-of-performance evidence may supply enforceable content."
527BR351_loan_and_security_agreement__c127__t1_1,527BR351_loan_and_security_agreement,c127,527 B.R. 351,1.1 “Permitted Dispositions”,1.1,westlaw,1,0.17,"Only clause (e) — sales of Notes Receivable — carries the condition that proceeds be paid directly into a Cash Management Account, while clauses (f) and (g) permit sales of Note Receivable Collateral and of Real Estate Owned with no such condition. Whether the cash-management requirement of Section 2.6(a) nonetheless reaches those proceeds is left open by the enumeration.",,,,,0.0,True,The proposed issue turns on clause (e)’s words requiring that “proceeds payable to any Borrower are made directly to a Cash Management Account as provided in Section 2.6(a)” and the absence of comparable language in clauses (f) and (g). Candidate g1 turns on clause (e)’s phrase “a sale of a Note Receivable ... for a cash purchase price of not less than eighty (80%) of the unpaid balance” and the resulting exemption from § 7.13.,,The proposed issue concerns the unequal application of clause (e)’s Cash Management Account condition to clauses (f) and (g). Candidate g1 instead concerns whether face-value sales of Notes Receivable met clause (e)’s eighty-percent price threshold and therefore qualified as Permitted Dispositions exempt from § 7.13; it does not address the proceeds condition or its absence from clauses (f) and (g).
527BR351_loan_and_security_agreement__c189__t2_1,527BR351_loan_and_security_agreement,c189,527 B.R. 351,2.6(a) Cash Management,1.1,westlaw,2,0.16,"Clause (ii) requires all Collections to be deposited into a Cash Management Account ""in Fund's name"", yet Section 2.6(e) and Section 6.17 require escrow monies — including amounts held for Account Debtors — to go into Escrow Accounts, and Section 2.6(e) excepts ""accounts belonging to an Account Debtor of Borrower"" while Section 6.17 does not. Where funds held for a third party must be deposited cannot be answered from this subsection alone.",,,,,0.0,True,"The proposed issue turns on clause (ii)’s words “all of their Collections” and “in Fund’s name,” read against §§ 2.6(e) and 6.17 governing Escrow Accounts and accounts belonging to Account Debtors. Candidate g1 turns on § 2.6(a)’s routing of Collections and Note Receivable proceeds through Cash Management Accounts, specifically whether that control meant Wells Fargo evaluated transfers and learned MF08’s financial condition.",,The proposed issue alleges a conflict over whether third-party escrow funds must enter a Cash Management Account or an Escrow Account. Candidate g1 instead concerns whether the lockbox and routing requirements imply that Wells Fargo evaluated transfers and acquired knowledge of MF08’s finances; it does not address escrow funds or the cited inter-section conflict.
527BR351_loan_and_security_agreement__c190__t2_1,527BR351_loan_and_security_agreement,c190,527 B.R. 351,2.6(b) Cash Management Agreements,1.1,westlaw,2,0.2,"Clause (iii) requires each Cash Management Bank to ""forward by daily sweep all amounts in the applicable Cash Management Account to the Lender's Account"", which cannot be squared with Section 2.6(e)'s permission for Borrower to withdraw escrow funds daily or with Section 2.1(c)(B), which assumes a continuing ""aggregate balance of cash in the Cash Management Accounts"". A daily total sweep leaves nothing for either provision to operate on.",,,,,0.0,True,"The proposed issue turns on clause (iii), especially “forward by daily sweep all amounts,” and its alleged conflict with Section 2.6(e)’s daily-withdrawal permission and Section 2.1(c)(B)’s reference to an aggregate cash balance. Candidate g1 concerns the authority and control created by Section 2.6’s lockbox arrangement—including directing disposition and sweeping funds—and whether that control implied knowledge of MF08’s financial condition, not whether a total daily sweep contradicts those other provisions.",,The proposed issue alleges an internal conflict: sweeping all funds daily would leave no funds for withdrawals or a continuing aggregate balance. Candidate g1 instead concerns whether Wells Fargo’s control over revenues and expenditures under the lockbox arrangement gave it actual knowledge of MF08’s financial condition; it does not identify the asserted conflict with Sections 2.6(e) and 2.1(c)(B).
527BR351_loan_and_security_agreement__c329__t2_1,527BR351_loan_and_security_agreement,c329,527 B.R. 351,7.13 Transactions with Affiliates,1.1,westlaw,2,0.24,"The opening prohibition on forming or acquiring ""any Subsidiary without the prior written consent of Lender"" is hollowed out by the proviso to the definition of ""Subsidiary"", which excludes any post-Closing entity not capitalized with Borrower assets, any New Fund, and Bar-K, Inc. Whether the covenant reaches the formation of an affiliated lending fund is a conflict between the two.",,,,,0.0,True,The proposed issue turns on the opening words “Form or acquire any Subsidiary without the prior written consent of Lender” and their conflict with exclusions in the defined term “Subsidiary.” Candidate g1 turns on the later exception “Except for Permitted Dispositions” and the definition of “Permitted Dispositions” as applied to the R.E. Loans sales.,,"The proposed issue concerns whether the definition of “Subsidiary” limits the opening consent requirement for forming or acquiring subsidiaries. Candidate g1 instead concerns whether particular note sales qualify for the separate “Permitted Dispositions” exception, so it does not name the same defect."
527BR351_secured_promissory_note_purchase__c041__t2_1,527BR351_secured_promissory_note_purchase,c041,527 B.R. 351,5.1(c) Sponsored Investment Fund,1.1,westlaw,2,0.32,"The definition sweeps in any fund ""sponsored, promoted, owned or managed now or in the future by the Manager or its Affiliates,"" naming R.E. Loans, LLC, and the closing paragraph of 5.7(e) then excludes loans to such funds from the Related Party Loan limits. Read together, the definition removes the very transactions the related-party protections appear aimed at.",g1,527BR351_secured_promissory_note_purchase__c041__i1,"The scope of “Sponsored Investment Fund” was disputed as applied to R.E. Loans, which the court held was expressly included in that definition and therefore brought the transfers within § 5.7(e)’s exclusion.",1.1,0.93,True,"The proposed issue concerns “sponsored, promoted, owned or managed now or in the future by the Manager or its Affiliates,” the express inclusion of R.E. Loans, and § 5.7(e)’s exclusion of loans to a “Sponsored Investment Fund.” Candidate g1 concerns the express inclusion of R.E. Loans in the same defined term and that inclusion’s interaction with the same § 5.7(e) exclusion.","NPA § 5.1(c), in turn, expressly defined “Sponsored Investment Fund” to include R.E. Loans. Id. at 9. Therefore, the loans made by MF08 to R.E. Loans were not subject to the restrictions in NPA § 5.7(e) because R.E. Loans was a “Sponsored Investment Fund.”","Both identify the same mechanism: § 5.1(c) expressly includes R.E. Loans as a Sponsored Investment Fund, causing its loans to fall within § 5.7(e)’s exclusion from related-party-loan restrictions. The proposed issue adds a broader criticism of the resulting loss of protection, but its specific defect is the one g1 records."
527BR351_secured_promissory_note_purchase__c064__t2_1,527BR351_secured_promissory_note_purchase,c064,527 B.R. 351,5.7(e)(i) Related Party Loan Terms,1.1,westlaw,2,0.3,"A ""Related Party Loan"" exists only where ""the borrower is an Affiliate,"" but paragraph 5.1(a)'s definition of Affiliate expressly excludes any Noteholder and any limited partner or non-voting member of a Sponsored Investment Fund. Loans to those persons escape the related-party conditions altogether, which is only visible on reading the two together.",,,,,0.0,True,"The proposed issue turns on “the borrower is an Affiliate” and § 5.1(a)’s asserted exclusion of Noteholders and certain investors from “Affiliate.” Candidate g1 instead turns on the final paragraph of § 5.7(e), which directly excludes a loan where “the borrower or co-borrower is a Sponsored Investment Fund,” together with § 5.1(c)’s inclusion of R.E. Loans within that term.",,"The proposed issue and g1 both concern entities escaping § 5.7(e), but they identify different exclusions in different text. The proposal relies on exclusions from the definition of “Affiliate,” whereas g1 concerns the separate express exclusion of loans whose borrower or co-borrower is a Sponsored Investment Fund; therefore, no recorded defect names the same defect."
527BR351_secured_promissory_note_purchase__c065__t2_1,527BR351_secured_promissory_note_purchase,c065,527 B.R. 351,5.7(e)(ii) Related Party Loan Limit,1.1,westlaw,2,0.29,"The cap is twenty percent ""of the Loan Portfolio"" — defined in 5.4(a) as outstanding Portfolio Loan principal — while the Private Offering Memorandum states the cap as 20% of ""total Company assets."" The two measures give different limits on the same related-party exposure.",,,,,0.0,True,"The proposed issue turns on “twenty percent (20%) of the Loan Portfolio” and its alleged conflict with “total Company assets” in the Private Offering Memorandum. Candidate g1 turns on “all outstanding Related Party Loans” together with the separate definitional exclusion for loans whose borrower or co-borrower is a Sponsored Investment Fund, which determined whether MF08’s loans to R.E. Loans counted at all.",,"The proposed issue alleges a conflict between two denominator measures: the NPA’s Loan Portfolio and the Private Offering Memorandum’s total Company assets. Candidate g1 instead concerns which loans fall within “Related Party Loans,” specifically the exclusion for loans to a Sponsored Investment Fund; it does not identify a conflict over the denominator."
527BR351_secured_promissory_note_purchase__c067__t2_1,527BR351_secured_promissory_note_purchase,c067,527 B.R. 351,5.7(e) Related Party Loan Exclusions,1.1,westlaw,2,0.42,"This paragraph removes from ""Related Party Loan"" any loan whose borrower or co-borrower is a Sponsored Investment Fund or Private Client, and any Company Borrowing in which an Affiliate is co-borrower or guarantor, thereby exempting from 5.7(e)'s conditions the affiliated lending most likely to occur (5.1(c) names R.E. Loans, LLC). Whether the exclusion leaves 5.7(e)(i)-(iii) any operation is the central whole-instrument question.",g1,527BR351_secured_promissory_note_purchase__c067__i1,"The exclusion for “any loan in which the borrower or co-borrower is a Sponsored Investment Fund” was disputed as to whether it removed MF08’s loans to R.E. Loans from § 5.7(e), and the court held that it did.",1.1,0.76,True,"The proposed issue turns on both exclusion clauses—Company Borrowings involving the Manager or an Affiliate and “any loan” involving a Sponsored Investment Fund or Private Client—plus § 5.1(c)’s naming of R.E. Loans, and claims these exclusions may swallow § 5.7(e)’s conditions. Candidate g1 turns specifically on “any loan in which the borrower or co-borrower is a Sponsored Investment Fund” and § 5.1(c)’s inclusion of R.E. Loans, asking whether those words exclude MF08’s loans to R.E. Loans.","However, pursuant to the final paragraph of NPA § 5.7(e), a related party loan did not include “any loan in which the borrower or co-borrower is a Sponsored Investment Fund....” Dkt. No. 17-1, Ex. 4 at 15. NPA § 5.1(c), in turn, expressly defined “Sponsored Investment Fund” to include R.E. Loans. Id. at 9. Therefore, the loans made by MF08 to R.E. Loans were not subject to the restrictions in NPA § 5.7(e) because R.E. Loans was a “Sponsored Investment Fund.”","Both identify the Sponsored Investment Fund exclusion, together with § 5.1(c)’s designation of R.E. Loans, as removing MF08’s loans to R.E. Loans from § 5.7(e)’s conditions. The proposed issue is broader because it also invokes the Affiliate/co-borrower exclusion and asks whether the exclusions leave the conditions with any operation at all, whereas g1 resolves only their application to the R.E. Loans transactions."
565BR241_the_guarantee_agreements__c099__t2_1,565BR241_the_guarantee_agreements,c099,565 B.R. 241,4.10(a) Jurisdiction consent,1.1,westlaw,2,0.2,"The submission says proceedings ""may be instituted in or (other than by the Guarantor) removed to"" the New York courts without saying whether that forum is exclusive, and the last sentence of Section 4.10(b) preserves proceedings against the Guarantor ""in any other venue where assets ... may be found."" Whether the Guarantor may be sued elsewhere is left open.",g1,565BR241_the_guarantee_agreements__c099__i1,"The words “may be instituted in or (other than by the Guarantor) removed to” were alleged to make the forum-selection clause merely permissive, but the court held that the provision became mandatory once Plaintiff selected a designated Manhattan forum because the wording could not be read apart from the accompanying venue waiver.",1.1,0.84,True,"The proposed issue turns on “may be instituted in or (other than by the Guarantor) removed to,” the absence of express exclusivity, and Section 4.10(b)’s preservation of proceedings in another venue where assets may be found. Candidate g1 turns on the same “may be instituted” language but reads it together with the accompanying waiver of venue and forum-non-conveniens objections.","Based upon their plain meaning, the Court concludes that the clauses at issue here are mandatory or, more precisely, became mandatory once Plaintiff had filed suit in one of the designated fora. It is true that the first portion of the clauses, which states that “any legal action, suit or proceeding .. .may be instituted in or (other than by the Guarantor) removed to the U.S. federal and New York state courts located in the Borough of Manhattan, City and State of New York,” e.g., Phua Decl., Ex. 7, at 11 (§ 4.10) (emphasis added), is phrased in a permissive fashion. That portion must not be read in isolation, however, because the remaining portion of the clauses changes the nature of the parties’ bargain:","Both identify the apparent permissiveness or nonexclusivity created by “may be instituted in” and ask whether other forum-related language changes that effect. The proposed issue emphasizes the separate authorization of proceedings where assets are found, whereas g1 focuses on the venue waiver making the selected Manhattan forum mandatory once suit was filed there."
57FSupp3d920_management_agreement__c012__t1_1,57FSupp3d920_management_agreement,c012,57 F.Supp.3d 920,2(j). Managing Agent indemnity,1.3,model,1,0.28,"The indemnity covers acts ""taken or admitted to be taken,"" an apparent typographical error for ""omitted,"" which changes the class of conduct indemnified. A court would have to decide whether omissions are within the indemnity at all.",,,,,0.0,True,"The proposed issue turns on “any action taken or admitted to be taken,” specifically whether “admitted” should read “omitted.” Candidate g1 turns on the indemnity promise as a whole—“indemnify, defend and save the Principal harmless”—and its asserted conflict with the separate insurance-obligation clause.",,"The proposed issue concerns whether a likely typo excludes omissions from indemnified conduct. Candidate g1 instead concerns whether the indemnity clause conflicts with, and yields to, Prestwick’s more specific insurance obligation; it does not address the wording “admitted to be taken.”"
57FSupp3d920_management_agreement__c015__t1_1,57FSupp3d920_management_agreement,c015,57 F.Supp.3d 920,3(c). Liability insurance,1.3,model,1,0.24,"The insurance obligation is fixed only as ""such reasonable amount as the Principal shall determine,"" which combines an objective reasonableness limit with unilateral discretion and states no coverage floor. Whether the Agent, as additional insured, can complain of an inadequate limit is left open.",,,,,0.0,True,"The proposed issue turns on “such reasonable amount as the Principal shall determine” and the absence of a minimum coverage limit, particularly as affecting the Managing Agent as additional insured. Candidate g1 turns on the insurance-coverage promise as a whole—especially Prestwick’s agreement to insure Hokanson—and its asserted conflict with the separate indemnification clause.",,"The proposed issue concerns uncertainty over the adequacy and enforceability of the coverage amount. Candidate g1 instead concerns whether the insurance obligation takes primacy over Hokanson’s separate indemnification promise, so it identifies a different defect."
68FSupp3d317_2009_agreement__c006__t1_1,68FSupp3d317_2009_agreement,c006,68 F.Supp.3d 317,2. TERM OF AGREEMENT,"1.1,2.2",model,1,0.55,"The term clause says the Agreement ""shall continue until December 31, 2010, and shall continue in effect until either party terminates,"" so it is unclear whether the Agreement expires on that date or renews indefinitely subject only to ninety days' notice. The phrase ""at least ninety (90) days prior to such termination"" also leaves open who fixes the termination date.",,,,,0.0,True,"The proposed issue turns on “shall continue until December 31, 2010, and shall continue in effect until either party terminates” and “at least ninety (90) days prior to such termination.” Candidate g1 turns on the scope of “Subject to Section 12”; candidate g2 turns on the same cross-reference and whether applying it to the post-2010 90-day termination clause makes that clause superfluous.",,"Neither candidate names the proposed internal timing ambiguity. Both recorded defects concern whether the opening cross-reference to Section 12 limits the 90-day termination right, whereas the proposed issue concerns the relationship between the December 31, 2010 date and indefinite continuation, plus the absence of an expressly designated termination-date setter."
68FSupp3d317_2009_agreement__c006__t2_1,68FSupp3d317_2009_agreement,c006,68 F.Supp.3d 317,2. TERM OF AGREEMENT,"1.1,2.2",model,2,0.42,"Section 2 permits either party to end the Agreement on ninety days' written notice without stating any cause, while Section 12(i) permits termination on ninety days' notice only ""for good cause"" or on a change in COMPANY's business. A court would have to decide whether termination without cause is permitted, notwithstanding the ""Subject to Section 12"" opening words.",g2,68FSupp3d317_2009_agreement__c006__i2,Section 2 presented a whole-contract coherence problem because applying “Subject to Section 12” to its post-2010 termination right would eliminate the general right to terminate on 90 days’ notice and render that language meaningless or superfluous.,2.2,0.94,True,"The proposed issue concerns “Subject to Section 12,” the second clause allowing either party to terminate on ninety days’ notice, and Section 12(i)’s limited grounds of “good cause” or a change in COMPANY’s business. Candidate g1 concerns the scope of “Subject to Section 12” across the first and second clauses, while g2 concerns whether applying that cross-reference to the unrestricted 90-day termination clause would eliminate or render that clause superfluous.","In other words, this clause gives either party the right to terminate the 2009 Agreement for any reason upon 90 days’ written notice. If this clause were made “[s]ubject to Section 12,” it would eliminate that general termination right because Section 12 only permits a party to terminate, the 2009 Agreement under two limited circumstances — “for good cause” or “a change in COMPANY’S business that results in COMPANY no longer using Independent DSDD distributors in this territory.” Therefore, making the second clause of the first sentence of Section 2 “[s]ubject to Section 12” would render it superfluous.","The proposed issue and g2 both identify the conflict between Section 2’s unrestricted 90-day termination right and Section 12’s limited grounds, asking whether the opening cross-reference negates the unrestricted right. The choice is close because g1 addresses the related scope ambiguity in “Subject to Section 12,” but g2 most directly captures the proposed issue’s specific conflict between termination without cause and termination only for specified cause."
68FSupp3d317_2009_agreement__c053__t2_1,68FSupp3d317_2009_agreement,c053,68 F.Supp.3d 317,12(i). Termination on notice,2.2,model,2,0.45,"Section 12(i) permits termination on ninety days' notice only ""for good cause"" or on a change in COMPANY's business, which cannot be squared with Section 2's provision that the Agreement continues ""until either party terminates ... by providing ... written notice of termination at least ninety (90) days prior."" Whether termination without cause was available is the central construction question.",g1,68FSupp3d317_2009_agreement__c053__i1,"Section 12’s limited termination rights for good cause or a change in Kellogg’s business raised a whole-contract coherence question with Section 2, which the court resolved by treating Section 12’s expedited for-cause remedy and Section 2’s post-2010 no-cause 90-day remedy as distinct and harmonious.",2.2,0.97,True,"The proposed issue concerns Section 12(i)’s limitation to termination “for good cause” or upon “a change in COMPANY’s business,” contrasted with Section 2’s general 90-day written-notice language. G1 concerns those same Section 12 conditions and the same cross-provision tension with Section 2’s post-2010 right to terminate on 90 days’ notice without cause.","Construing -Section 2 to, afford either party the right to terminate the 2009 Agreement without cause after December 31, 2010 does not affect or otherwise inhibit a party’s right to terminate the 2009 Agreement based on the conditions set forth in Section 12 at any point after the Agreement becomes effective.","Both identify the same construction problem: whether Section 12’s cause-based termination conditions conflict with Section 2’s authorization of termination on 90 days’ notice without cause. G1 additionally states the court’s resolution—that the provisions create distinct, harmonious termination rights—but that does not change the defect being identified."
694FSupp2d794_excess_cession_reinsurance_agreement__c008__t1_1,694FSupp2d794_excess_cession_reinsurance_agreement,c008,694 F.Supp.2d 794,ARTICLE IV — Definition of Loss,1.1,westlaw,1,0.3,"""Loss"" is confined to amounts ""within applicable policy limits as are actually paid by the REINSURED in settlement of claims or in Satisfaction of awards or judgments,"" which does not say whether sums paid in compromise of disputed or arguably uncovered claims qualify. The 90% sublimits in (b) and (c) further leave unclear how a single settlement is allocated between ordinary loss and extra-contractual loss.",,,,,0.0,True,"The proposed issue concerns “within applicable policy limits as are actually paid ... in settlement of claims” in subsection (a), plus the absence of allocation rules between subsection (a) and the 90% categories in subsections (b) and (c). Candidate g1 concerns “prejudgment interest” in subsection (a), while g2 concerns “within applicable policy limits” as applied to statutory interest for which OHIC was directly liable.",,"Neither candidate identifies the proposed ambiguity about settlements of disputed or arguably uncovered claims or allocation between ordinary and extra-contractual loss. Although g2 concerns the same phrase “within applicable policy limits,” it addresses a different question—whether directly owed statutory prejudgment interest is covered rather than whether disputed settlements qualify or how settlements are allocated."
694FSupp2d794_excess_cession_reinsurance_agreement__c010__t1_1,694FSupp2d794_excess_cession_reinsurance_agreement,c010,694 F.Supp.2d 794,ARTICLE IV — Definition of Claim Expenses,1.1,westlaw,1,0.26,"""Claim expenses"" is defined by reference to ""the supplementary payments provisions of the REINSURED'S policy,"" a provision an umbrella or excess form may not contain, and then by a list ending in ""ailocated investigation, adjustment, and legal expenses."" Whether unallocated or in-house defense costs fall inside the definition is left open.",,,,,0.0,True,"The proposed issue concerns the cross-reference to “the supplementary payments provisions of the REINSURED'S policy,” particularly their possible absence, and the definition’s specification of “ailocated investigation, adjustment, and legal expenses” without addressing unallocated or in-house costs. g1 concerns the scope of “the REINSURED’S policy”—whether it means the Primary and Umbrella Policies or only the excess policies reinsured by ERC.",,"The proposed issue alleges a potentially dangling cross-reference and uncertainty over unallocated or in-house defense costs. g1 instead records a dispute over which policies the word “policy” encompasses, so it does not name the same defect."
694FSupp2d794_excess_cession_reinsurance_agreement__c012__t1_1,694FSupp2d794_excess_cession_reinsurance_agreement,c012,694 F.Supp.2d 794,ARTICLE V — Indemnity for Claim Expenses,1.1,westlaw,1,0.24,"The proviso allocates claim expenses ""connected with such settlement or appeal"" although the sentence introducing it speaks only of a verdict, award or judgment reduced or reversed on appeal, never of a settlement. The mismatch leaves unclear whether appellate-stage settlements are covered by the ratio rule or by the general pro rata rule.",,,,,0.0,True,The proposed issue turns on “connected with such settlement or appeal” and the absence of any earlier reference to a settlement in the proviso. g1 turns on “as respects reinsurance afforded by the other terms of this agreement” and whether it limits coverage to excess-policy expenses; g2 turns on “that proportion of claim expenses” measured by the ratio of the Corporation’s loss to total loss.,,"Neither candidate names the settlement/appeal antecedent mismatch. g1 concerns which policies generate covered expenses, while g2 concerns whether the loss-ratio allocation has practical effect when only excess-policy expenses are covered."
694FSupp2d794_excess_cession_reinsurance_agreement__c027__t1_1,694FSupp2d794_excess_cession_reinsurance_agreement,c027,694 F.Supp.2d 794,ARTICLE Ix — Participation in Claims,1.1,westlaw,1,0.15,"The right to participate arises for claims to which, ""in the judgment of the CORPORATION, it is or might become exposed,"" a self-referential standard with no objective boundary. The scope of the reinsurer's associate-in-defense right is therefore indeterminate.",,,,,0.0,True,"The proposed issue concerns “in the judgment of the CORPORATION, it is or might become exposed,” particularly the allegedly subjective and indeterminate exposure standard. Candidate g1 concerns “participate jointly with the REINSURED,” specifically whether “REINSURED” means OHIC in any capacity or only in its capacity as excess insurer.",,"The proposed issue alleges an unbounded subjective trigger for ERC’s participation right. The only candidate instead records a dispute over the capacity in which OHIC qualifies as the “REINSURED,” so it names a different defect."
694FSupp2d794_umbrella_liability_policy_number__c011__t2_1,694FSupp2d794_umbrella_liability_policy_number,c011,694 F.Supp.2d 794,II(a). Underlying-insurance defense expenses,1.1,westlaw,2,0.18,"This paragraph withholds defense and legal expenses ""covered by underlying insurance,"" which cannot be squared cleanly with the Supplementary Payments obligation in c010 or with the assumption-of-defense duty in c012 when underlying limits are disputed or eroded. Which clause governs a partially covered defense is left open.",,,,,0.0,True,"The proposed issue turns on “covered by underlying insurance” and the provision’s asserted conflict or silence relative to the Supplementary Payments and assumption-of-defense clauses when limits are disputed, eroded, or defense costs are only partly covered. Candidate g1 turns on whether “defense, investigation, settlement or legal expenses covered by underlying insurance” encompasses prejudgment interest under Wis. Stat. § 807.01(4).",,"The proposed issue alleges an unresolved conflict governing partially covered defense costs, whereas g1 concerns whether prejudgment interest falls within the listed expense categories and is covered by the underlying policy. Although both involve the exclusion, they identify different specific defects."
694FSupp2d794_umbrella_liability_policy_number__c032__t1_1,694FSupp2d794_umbrella_liability_policy_number,c032,694 F.Supp.2d 794,c. Ultimate net loss definition,1.1,westlaw,1,0.26,"""Ultimate net loss"" is defined as the sum ""actually paid or payable"" in settlement or satisfaction, and those two words point in opposite directions on whether the insured must have disbursed money before the company indemnifies. Loss Payable (c054) compounds the question by requiring payment of the underlying limit first.",,,,,0.0,True,The proposed issue turns on “actually paid or payable” and its interaction with the separate Loss Payable provision requiring prior payment of the underlying limit. Candidate g1 turns on the exclusion for “interest on any judgment of [sic] award” and the absence of language distinguishing prejudgment from postjudgment interest.,,"The proposed issue concerns whether “actually paid or payable” requires prior disbursement, compounded by a separate Loss Payable condition. The recorded defect instead concerns whether “interest on any judgment [or] award” excludes prejudgment interest, so it is a different defect."
702FSupp2d921_the_trust__c021__t1_1,702FSupp2d921_the_trust,c021,702 F.Supp.2d 921,VI.B. Division among Grantor's children,1.1,westlaw,1,0.47,"The clause directs division into ""Two (2) equal parts, one of which shall be distributed to each of Grantor's children"" while in the same sentence including ""any later children born of Grantor's marriage"", so the fixed number of shares contradicts the open class of takers. A court would have to decide how the estate is divided if there are more than two children.",,,,,0.0,True,"The proposed issue turns on the conflict between “Two (2) equal parts,” “one of which shall be distributed to each of Grantor’s children,” and “any later children born of Grantor’s marriage.” Candidate g1 turns on the two uses of “Grantor’s wife” in the triggering clauses—especially the unnamed second use—and whether they refer to Sarah Oneida Covington Scott or Helen Scott.",,"The proposed issue alleges an inconsistency between a fixed two-share division and an open class that could include later-born children. Candidate g1 instead concerns whom “Grantor’s wife” denotes for purposes of the death condition, so it records a different defect despite arising from the same sentence."
767FSupp2d1191_confidential_memorandum_for_the_2__c029__t2_1,767FSupp2d1191_confidential_memorandum_for_the_2,c029,767 F.Supp.2d 1191,Transferability of Shares and Redemption Rights — Payment and Suspension,2.2,model,2,0.33,"The promise that payment for redeemed Shares ""will be made in cash within seven days"" conflicts with Declaration §5.2, which allows payment of the redemption price wholly or partly in securities and caps suspension at seven days. Whether a Shareholder can be paid in kind turns on which text controls.",g1,767FSupp2d1191_confidential_memorandum_for_the_2__c029__i1,The Enhanced Yield Fund Memorandum’s statement that payment for redeemed shares “will be made in cash” conflicted with the Declaration’s discretion to redeem shares in cash or securities.,2.2,0.93,True,The proposed issue focuses principally on “will be made in cash” (within the phrase “will be made in cash within seven days”) and its conflict with Declaration §5.2’s authorization of payment in securities; it also mentions the seven-day language and suspension cross-reference. Candidate g1 focuses on the same “will be made in cash” language and the same conflict with §5.2’s cash-or-securities discretion.,"Similarly, with respect to redemption of Trust shares, Section 5.2 of the Declaration gave the Trustee discretion to redeem Trust shares in cash or securities, whereas the Confidential Memoranda for the two Funds provide that redemption would be in cash. Again, resolving the conflict between these terms is an issue of fact and so summary judgment is not appropriate.","Both identify the conflict between the Memorandum’s mandatory cash-payment language and Declaration §5.2’s discretion to redeem in cash or securities. The proposed issue additionally references the seven-day timing and suspension limit, but its central question—whether redemption may be paid in kind—is the exact defect recorded in g1."
767FSupp2d1191_confidential_memorandum_for_the_2__c030__t2_1,767FSupp2d1191_confidential_memorandum_for_the_2,c030,767 F.Supp.2d 1191,Limitations of Liability and Indemnification — Agent Liability,2.2,model,2,0.45,"This exculpation preserves liability for ordinary ""negligence,"" while Declaration §8.1 excepts only ""bad faith, gross negligence, willful misconduct or reckless disregard."" The standard of care owed by Wells Fargo therefore differs depending on which instrument governs.",g1,767FSupp2d1191_confidential_memorandum_for_the_2__c030__i1,"The Enhanced Yield Fund Memorandum’s exception to immunity for ordinary “negligence” conflicted with the Declaration’s gross-negligence standard, leaving unresolved which liability threshold governed the transaction as a whole.",2.2,0.99,True,The proposed issue turns on the provision’s exception for “negligence” and its conflict with Declaration §8.1’s “gross negligence” language. Candidate g1 concerns those same words and the same inter-document conflict between ordinary- and gross-negligence standards.,"Similarly, in other documents, Wells Fargo assumed responsibility for negligent conduct. See Confidential Memorandum for the EY Series, Exh. A-4 to Def.’s Mot. for Summ J., ECF No. 294-4 (“Wells Fargo ... shall have no liability to the Trust or the Shareholders for any act or omission, provided that such act or omission does not involve bad faith, willful misconduct, negligence or reckless disregard of its duties to the Trustee”) (emphasis added).
Considering the documents together, I conclude there is an ambiguity in the conflict between the “gross negligence” standard of the Declaration and the simple negligence standard of the SLA and other documents.","Both identify the same conflict: this Memorandum preserves liability for ordinary negligence, whereas Declaration §8.1 uses gross negligence, creating uncertainty over which liability threshold controls."
767FSupp2d1191_confidential_memorandum_for_the_2__c047__t1_1,767FSupp2d1191_confidential_memorandum_for_the_2,c047,767 F.Supp.2d 1191,V. Investment Policies (b) Portfolio Diversification — Authorized Investments,2.2,model,1,0.35,"The Investment Manager is ""authorized to invest assets of the Fund in"" a closed list of nine categories with no catch-all, and the categories themselves (""asset-backed securities,"" ""corporate notes, bonds, debentures,"" ""commercial paper and participations"") are undefined. Whether structured or hybrid instruments fall inside those categories, or are excluded because unlisted, is the question the list raises.",,,,,0.0,True,"The proposed issue turns on “authorized to invest assets of the Fund in” and the scope and exclusivity of listed categories such as “asset-backed securities,” “corporate notes, bonds, debentures,” and “commercial paper and participations.” Candidate g1 turns on the authorized categories for mortgage-backed securities, asset-backed securities, and corporate debt as limited by separate SLA language making safety of principal and liquidity the “prime considerations.”",,"The proposed issue concerns uncertainty over whether structured or hybrid instruments fit within an exhaustive list of undefined investment categories. Candidate g1 instead concerns whether investments that fall within authorized categories can nevertheless violate the SLA’s separate safety-of-principal and liquidity requirements, so it identifies a different defect."
767FSupp2d1191_confidential_memorandum_for_the__c019__t2_1,767FSupp2d1191_confidential_memorandum_for_the,c019,767 F.Supp.2d 1191,Redemption payment and suspension,2.2,model,2,0.29,"The reservation to postpone payment or suspend redemptions ""in certain circumstances as specified in the Declaration of Trust"" does not match Declaration of Trust Sections 5.2 and 5.4, which cap suspension at seven days and permit payment wholly or partly in securities. The scope and duration of the suspension power can only be determined by construing the two together.",,,,,0.0,True,"The proposed issue turns on “reserves the right to postpone payment ... or to suspend redemption rights in certain circumstances as specified in the Declaration of Trust,” particularly the scope and duration supplied by Sections 5.2 and 5.4. Candidate g1 turns on the distinct words “Payment for redeerned Shares will be made in cash” and their conflict with Section 5.2’s cash-or-securities discretion.",,"The proposed issue challenges the scope and duration of the postponement/suspension reservation and its cross-reference to Declaration Sections 5.2 and 5.4. Candidate g1 instead records a conflict between the separate promise to pay redemptions “in cash” and Section 5.2’s permission to redeem in cash or securities; the proposed issue mentions securities, but does not identify that cash-payment promise as the defect."
767FSupp2d1191_confidential_memorandum_for_the__c020__t2_1,767FSupp2d1191_confidential_memorandum_for_the,c020,767 F.Supp.2d 1191,Limitations of Liability,2.2,model,2,0.42,"The exculpation carve-out for ""negligence"" conflicts directly with Declaration of Trust Section 8.1, which exculpates Covered Persons except for ""bad faith, gross negligence, willful misconduct or reckless disregard."" Whether simple negligence exposes Wells Fargo to liability depends on which standard controls.",g1,767FSupp2d1191_confidential_memorandum_for_the__c020__i1,"The CI Term Trust Memorandum’s exception to immunity for ordinary “negligence” conflicted with the Declaration’s gross-negligence standard, leaving unresolved which liability threshold governed the transaction as a whole.",2.2,0.99,True,The proposed issue concerns the word “negligence” in this provision and its conflict with Section 8.1’s “gross negligence” language. Candidate g1 concerns the same ordinary-“negligence” exception and the same conflict with the Declaration’s gross-negligence standard.,"Considering the documents together, I conclude there is an ambiguity in the conflict between the “gross negligence” standard of the Declaration and the simple negligence standard of the SLA and other documents. Resolution of the interplay among these various provisions, and whether any should be given primacy, should be done by a fact-finder.","Both identify the conflict between the Memorandum’s ordinary-negligence carve-out and Section 8.1’s gross-negligence standard, with resulting uncertainty over which liability threshold controls. The candidate frames the issue across the transaction documents more broadly, but it is the same defect."
767FSupp2d1191_confidential_memorandum_for_the__c031__t1_1,767FSupp2d1191_confidential_memorandum_for_the,c031,767 F.Supp.2d 1191,(b) Portfolio Diversification – authorized investments,2.2,model,1,0.17,"""Approved money market funds"" and ""assets of the Fund"" use undefined terms — nothing states who approves, or what ""the Fund"" is in a document whose defined vehicle is the ""CI Term Trust."" The eligibility criterion and the subject of the sentence are both left undefined.",,,,,0.0,True,"The proposed issue concerns “Approved money market funds,” specifically the silence about who provides approval, and “assets of the Fund,” specifically the alleged failure to identify “the Fund” as the CI Term Trust. Candidate g1 concerns “debt obligations,” “Mortgage-backed securities,” and “Asset-backed securities,” and their interaction with the SLA’s separate “prime considerations” of safety of principal and liquidity.",,"The proposed issue alleges undefined approval and vehicle-identification terms. The recorded defect instead concerns whether expressly authorized debt and structured securities nevertheless violated separate safety-of-principal and liquidity requirements, so it is not the same defect."
767FSupp2d1191_confidential_memorandum_for_the__c031__t2_1,767FSupp2d1191_confidential_memorandum_for_the,c031,767 F.Supp.2d 1191,(b) Portfolio Diversification – authorized investments,2.2,model,2,0.33,"The authorized-investment list (mortgage-backed and asset-backed securities, Rule 144A securities, units of business trusts, corporate bonds and debentures) is far broader than the cash-collateral investments permitted by Section 2(f) of the Securities Lending Agreement, which confines investment to enumerated ""short term money market instruments"" and mutual funds holding them. Which list governs the reinvestment of a lender's cash collateral must be construed.",,,,,0.0,True,"The proposed issue concerns the listed authorization for mortgage-backed securities, asset-backed securities, Rule 144A securities, business-trust units, corporate bonds, and debentures, as allegedly conflicting with Section 2(f)’s limitation to “short term money market instruments” and qualifying mutual funds. Candidate g1 concerns the authorization for “debt obligations,” “mortgage-backed securities,” and “asset-backed securities,” but turns on the SLA’s separate “prime considerations” of safety of principal and liquidity rather than Section 2(f)’s investment-category restriction.",,"The proposed issue alleges a conflict between the breadth of the authorized-investment list and Section 2(f)’s narrower permitted investment categories. Candidate g1 instead concerns whether investments authorized by that list nonetheless violated separate SLA requirements concerning safety of principal and liquidity, so it identifies a different qualification on the same list."
767FSupp2d1191_october_24_2000_declaration__c025__t1_1,767FSupp2d1191_october_24_2000_declaration,c025,767 F.Supp.2d 1191,Section 3.1 Powers,2.2,model,1,0.35,"Clause (h) makes the power to sell or exchange assets ""subject to Article Eleven, Section 11.4,"" but this Declaration ends at Article Nine and contains no Section 11.4; clause (l) likewise trails off (""[t]o the full extent permitted by Section 12-"") and points liabilities to ""Article Four, Section 4.5,"" which concerns investments rather than Series liabilities. The limits on the enumerated powers thus cannot be located in the instrument.",,,,,0.0,True,"The proposed issue concerns clause (h)’s cross-reference to “Article Eleven, Section 11.4,” clause (l)’s incomplete reference to “Section 12-,” and clause (l)’s reference to “Article Four, Section 4.5.” Candidate g1 concerns the phrase “consistent with the investment objectives established by the Trustee” and its asserted tension with the SLA’s “safety of principal and liquidity requirements” standard.",,"The proposed issue alleges missing, incomplete, or incorrect internal cross-references that make limits on enumerated powers unlocatable. Candidate g1 instead alleges a conflict between the Declaration’s general investment standard and the SLA’s specific collateral-investment standard, so it is a different defect."
767FSupp2d1191_october_24_2000_declaration__c025__t2_1,767FSupp2d1191_october_24_2000_declaration,c025,767 F.Supp.2d 1191,Section 3.1 Powers,2.2,model,2,0.32,"The closing ""[n]otwithstanding"" paragraph requires the Trustee to comply with the affiliated-transaction prohibitions of 1940 Act Section 17(a), (d) and (e) and the leverage prohibitions of Section 18 as if registered, which cannot be squared with Section 3.2's permission to deal with affiliates and clause (o)'s power to borrow and pledge Trust assets. A court would have to decide which of the two governs an affiliated or leveraged transaction.",,,,,0.0,True,"The proposed issue turns on the closing “Notwithstanding” sentence incorporating Sections 17 and 18 of the 1940 Act, allegedly conflicting with clause (o)’s borrowing-and-pledging power and Section 3.2’s affiliate-dealing permission. Candidate g1 turns on the phrase allowing investments “consistent with the investment objectives established by the Trustee” and its conflict with the SLA’s separate safety-of-principal and liquidity standard.",,No candidate names the proposed conflict between the closing statutory-compliance proviso and the Trustee’s authority to conduct affiliate or leveraged transactions. Candidate g1 instead concerns whether the SLA’s specific collateral-investment standard superseded the Declaration’s general investment authority.
767FSupp2d1191_october_24_2000_declaration__c041__t1_1,767FSupp2d1191_october_24_2000_declaration,c041,767 F.Supp.2d 1191,Section 5.2 Redemption,2.2,model,1,0.32,"The redemption right is keyed to ""the close of business on each Business Day,"" but ""Business Day"" is nowhere defined in Article One or elsewhere in this Declaration, even though the Confidential Memoranda expressly say ""Business Day (as defined in the Declaration of Trust)."" The frequency and timing of the redemption right therefore rest on an undefined term.",,,,,0.0,True,"The proposed issue turns on “the close of business on each Business Day” and the Declaration’s alleged silence as to the definition of “Business Day.” Candidate g1 turns on the sentence permitting payment of the redemption price “in cash” or wholly or partly in securities or assets, and its conflict with the Confidential Memoranda’s cash-payment terms.",,"The proposed issue concerns the absence of a definition for “Business Day,” which allegedly leaves redemption timing uncertain. Candidate g1 instead concerns whether the redemption price may be paid in securities or other assets despite the Confidential Memoranda promising cash payment, so it names a different defect."
767FSupp2d1191_october_24_2000_declaration__c041__t2_1,767FSupp2d1191_october_24_2000_declaration,c041,767 F.Supp.2d 1191,Section 5.2 Redemption,2.2,model,2,0.3,"The suspension power — ""a period not exceeding seven days"" in the Trustee's judgment — cannot be squared with the Confidential Memorandum for the CI Term Trust, which conditions redemption on seven business days' notice and reserves a right to postpone payment or suspend redemptions ""in certain circumstances as specified in the Declaration of Trust."" The two documents describe different redemption and suspension mechanics.",,,,,0.0,True,"The proposed issue turns on the sentence allowing the Trustee to “suspend a Shareholder’s right of redemption for a period not exceeding seven days” and its alleged conflict with the Memorandum’s seven-business-day notice and postponement/suspension terms. Candidate g1 instead turns on the sentence allowing payment of the redemption price “in cash” or wholly or partly through securities or other assets, conflicting with the Memoranda’s cash-payment promises.",,"The proposed issue concerns an alleged conflict over the timing and mechanics of suspending redemption rights, while g1 concerns whether the redemption price may be paid in securities rather than cash. These are distinct defects despite both involving redemption under Section 5.2."
767FSupp2d1191_october_24_2000_declaration__c049__t2_1,767FSupp2d1191_october_24_2000_declaration,c049,767 F.Supp.2d 1191,Section 8.1 Limitation of Liability,"1.1,2.2",model,2,0.55,"The exculpation, which imposes liability only for ""bad faith, gross negligence, willful misconduct or reckless disregard,"" cannot be squared with the Securities Lending Agreement, under which ""[t]he Bank assumes the risk of loss arising from negligent and fraudulent operation of its Securities Lending Program,"" or with the Confidential Memoranda, which preserve liability for simple ""negligence."" Whether ordinary negligence is actionable turns on which document governs.",g2,767FSupp2d1191_october_24_2000_declaration__c049__i2,"Section 8.1’s “gross negligence” liability standard conflicted with the simple-negligence standards in the SLA and Confidential Memoranda, leaving unresolved which standard controlled when the transaction documents were considered as a whole.",2.2,0.99,True,"The proposed issue concerns Section 8.1’s liability list—especially “gross negligence”—as contrasted with the SLA’s and Confidential Memoranda’s simple “negligence” language; g2 concerns that same cross-document conflict. G1 concerns whether “shall be liable” and its following list are exclusive or non-exclusive, while g3 concerns the separate phrase “within the scope of authority” and conduct contrary to the SLA’s investment objectives.","Considering the documents together, I conclude there is an ambiguity in the conflict between the “gross negligence” standard of the Declaration and the simple negligence standard of the SLA and other documents. Resolution of the interplay among these various provisions, and whether any should be given primacy, should be done by a fact-finder.","The proposed issue and g2 identify the same conflict between Section 8.1’s gross-negligence threshold and the other transaction documents’ simple-negligence standard, including the unresolved question of which documents control. Although g1 concerns the same liability clause, it identifies the distinct question whether the enumerated grounds are exclusive or non-exclusive."
767FSupp2d1191_october_24_2000_declaration__c049__t2_2,767FSupp2d1191_october_24_2000_declaration,c049,767 F.Supp.2d 1191,Section 8.1 Limitation of Liability,"1.1,2.2",model,2,0.28,"The same limitation cannot be squared with Section 3.3, which binds the Trustee to the ERISA prudent-person standard, and with Section 8.5, which withholds Article Eight's protection for Part 4 ERISA duties. The scope of the exculpation as against a fiduciary duty imposed elsewhere in the instrument is contested.",,,,,0.0,True,The proposed issue concerns Section 8.1’s exculpatory scope—especially its good-faith protection and enumerated liability exceptions—in conflict with Section 3.3’s ERISA prudent-person duty and Section 8.5’s withholding of Article Eight protection for Part 4 ERISA duties. Candidate g1 concerns whether the “shall be liable” list is exclusive; g2 concerns “gross negligence” versus the SLA and Confidential Memoranda’s simple-negligence standards; and g3 concerns “within the scope of authority” versus the SLA’s investment objectives.,,"None names the same defect. Although g2 also concerns an inter-document conflict over Section 8.1’s liability threshold, it concerns simple negligence under the SLA and Confidential Memoranda, not the ERISA duties and express Article Eight carveout identified by the proposed issue."
767FSupp2d1191_october_24_2000_declaration__c055__t2_1,767FSupp2d1191_october_24_2000_declaration,c055,767 F.Supp.2d 1191,Section 8.4 Cantractual Modification of Duties,1.1,model,2,0.38,"The agreement that this Declaration's provisions ""replace such other duties and liabilities"" existing at law or in equity cannot be squared with Section 3.3's ERISA prudent-person duty, Section 8.5's ERISA carve-out, or the Securities Lending Agreement's assumption of the risk of negligent operation of the program. Whether common-law and contractual duties survive the Declaration is precisely what would be litigated.",g1,767FSupp2d1191_october_24_2000_declaration__c055__i1,"Section 8.4’s references to a Covered Person’s “good faith reliance” and replacement of duties were unclear as to whether they eliminated all noncontractual duties, as Wells Fargo argued, or applied only when the person relied on a specific Declaration provision that conflicted with a common-law duty.",1.1,0.76,True,"The proposed issue concerns “replace such other duties and liabilities” in Section 8.4’s second sentence and its asserted conflict with Section 3.3, Section 8.5, and the Securities Lending Agreement. Candidate g1 concerns that same replacement language together with the first sentence’s “good faith reliance,” asking whether noncontractual duties are eliminated generally or only when reliance on a conflicting Declaration provision occurs.","I first examine the effect of Section 8.4. I agree with Plaintiff that this provision does not unambiguously eliminate all non-contractual duties. Rather, it replaces common law duties with contractual duties where two circumstances apply: (1) the covered person has relied in good faith on a specific provision of the Declaration in taking some action and (2) that provision conflicts with a common law duty.","Both identify uncertainty over whether Section 8.4’s replacement language extinguishes duties arising outside the Declaration. The proposed issue emphasizes conflicts with specific ERISA and Securities Lending provisions, while g1 more broadly frames the ambiguity through the relationship between the replacement sentence and the good-faith-reliance condition."
767FSupp2d1191_securities_lending_agreement_sla__c006__t1_1,767FSupp2d1191_securities_lending_agreement_sla,c006,767 F.Supp.2d 1191,2. Agent's Activities,2.2,model,1,0.56,"Paragraph f lists permitted cash-collateral investments (repurchase agreements, master notes, treasuries and agencies, CDs and time deposits, bankers acceptances, commercial paper) and then adds the catch-all ""and other short term money market instruments, and mutual funds holding any of the previously mentioned securities"", leaving open whether longer-dated structured, asset-backed or corporate paper qualifies. The catch-all is further qualified by ""subject to policy and standard guidelines established from time to time by the Bank"", which the Bank may argue lets it enlarge the list unilaterally.",,,,,0.0,True,"The proposed issue turns on paragraph f’s list, especially “other short term money market instruments,” “mutual funds holding any of the previously mentioned securities,” and “subject to policy and standard guidelines established from time to time by the Bank.” Candidate g1 turns on “safety of principal and liquidity requirements” versus the Declaration’s general investment authority; g2 turns on that same “prime considerations” standard versus guidelines authorizing “mortgage backed securities,” “asset-backed securities,” and “debt obligations.”",,"Neither candidate records the proposed ambiguity over the permitted-investment list’s catch-all or whether Bank-established guidelines can unilaterally enlarge that list. Candidate g2 is related because it discusses guidelines authorizing broad security categories, but its defect is the separate tension between those authorizations and the SLA’s safety-and-liquidity standard."
767FSupp2d1191_securities_lending_agreement_sla__c006__t2_1,767FSupp2d1191_securities_lending_agreement_sla,c006,767 F.Supp.2d 1191,2. Agent's Activities,2.2,model,2,0.4,"Paragraph f's permitted-investment list and its ""safety of principal and liquidity"" mandate cannot be squared with the investment policies of the vehicle the collateral was actually placed in, the Wells Fargo Collateral Investment for Term Loans Trust, whose Confidential Memorandum authorizes mortgage-backed, asset-backed, 144A and corporate notes with maturities up to five years and a 190-day weighted average maturity. A court would have to decide which document defines the permissible use of the Participant's cash collateral.",g2,767FSupp2d1191_securities_lending_agreement_sla__c006__i2,"The SLA’s “prime considerations” of safety of principal and liquidity remained in tension with guidelines authorizing specified debt, mortgage-backed, and asset-backed securities, because an investment could meet the letter of those guidelines yet violate the SLA’s governing standard.",2.2,0.91,True,"The proposed issue concerns paragraph f’s permitted-investment language, its reference to Bank policies and guidelines, and especially “The prime considerations for the investment portfolio shall be safety of principal and liquidity requirements,” contrasted with the Confidential Memorandum’s authorized investments and maturity limits. Candidate g1 concerns that same prime-considerations sentence versus the Declaration’s general authority to invest consistently with objectives; g2 concerns the prime-considerations sentence versus guidelines authorizing debt, mortgage-backed, and asset-backed securities.","However, if these investments, while meeting the letter of the guidelines, did not comply with the “prime considerations” of “safety of principal and liquidity requirements” they would nonetheless be out of compliance with the SLA and could amount to a breach of that agreement.","The proposed issue and g2 both identify tension between paragraph f’s governing safety-and-liquidity standard and separate investment guidelines authorizing specified asset classes. The choice is somewhat close because the proposed issue asks which document governs, echoing g1, but its concrete comparison to the Confidential Memorandum’s authorized mortgage-backed, asset-backed, and corporate debt investments tracks g2 most directly."
767FSupp2d1191_securities_lending_agreement_sla__c008__t1_1,767FSupp2d1191_securities_lending_agreement_sla,c008,767 F.Supp.2d 1191,"4, Termination of Any Security Loan",2.2,model,1,0.42,"The section gives the Participant the right to demand termination of any loan ""for any reason at any time"" and recites one- and three-business-day return periods, then takes it back with ""Bank will have a reasonable time ... to liquidate cash collateral investments prior to terminating the loan"", with ""reasonable time"" undefined. If the collateral investments are illiquid, that proviso may swallow the termination right entirely.",,,,,0.0,True,"The proposed issue turns on “for any reason at any time,” the stated one- and three-business-day return periods, and especially the final proviso allowing the Bank “a reasonable time” to liquidate cash collateral investments before termination. Candidate g1 turns on the sentence requiring the Bank to return collateral to borrowers, read against the SLA’s separate allocation to the Participant of the risk of collateral deficiencies.",,"The proposed issue concerns whether the Bank’s undefined “reasonable time” to liquidate cash collateral investments can override prompt termination and return rights. Candidate g1 instead concerns whether a collateral shortfall must be funded before or after the loaned securities are returned, so it identifies a different conflict."
767FSupp2d1191_securities_lending_agreement_sla__c013__t1_1,767FSupp2d1191_securities_lending_agreement_sla,c013,767 F.Supp.2d 1191,8. Risk of Loss,"1.1,2.2",model,1,0.58,"The first sentence puts ""all risk of loss arising out of ... collateral investment loss"" on the Participant while the last sentence puts on the Bank ""the risk of loss arising from negligent and freudvlent operation of its Securities Lending Program"", and the two cannot both be given their full scope. ""Negligent and fraudulent"" is also ambiguous as to whether negligence alone suffices, and ""operation of its Securities Lending Program"" does not say whether collateral investment is part of that operation.",g2,767FSupp2d1191_securities_lending_agreement_sla__c013__i2,The word “operation” in Wells Fargo’s assumption of losses from negligent operation of the Securities Lending Program was unclear as to whether it included investment of the cash collateral.,1.1,0.88,True,"The proposed issue turns on the interaction between “collateral investment loss” and “negligent and freudvlent operation of its Securities Lending Program,” especially whether “operation” includes collateral investment and whether “and” requires both negligence and fraud. g1 concerns whether “collateral investment loss” reaches investments violating SLA criteria; g2 concerns whether “operation” includes investing cash collateral; g3 concerns the SLA’s negligence language conflicting with the Declaration’s gross-negligence standard; and g4 concerns “collateral deficiencies” in relation to returning collateral or loaned securities.","Wells Fargo contends that the negligence standard of the SLA does not apply because it imposes liability on Wells Fargo only with respect to the “operation” of the Securities Lending Program, which does not include the investment of the collateral. It further argues that Plaintiff undertook the risk of “collateral deficiency or collateral investment loss” pursuant to the SLA, and therefore any claims based on collateral investment losses are contractually released. I conclude that in this context “operation” is ambiguous and there is an issue of fact whether “collateral investment loss” includes the risk of Wells Fargo investing collateral in securities that did not meet the criteria set forth in the SLA.","The proposed issue and g2 both question whether “operation of its Securities Lending Program” includes collateral investment, thereby determining how the Participant’s collateral-investment-loss assumption overlaps with the Bank’s negligence liability. The proposed issue additionally raises the meaning of “negligent and fraudulent,” which g2 does not cover; g1 concerns adjacent language but specifically asks whether “collateral investment loss” includes investments violating the SLA’s criteria."
767FSupp2d1191_securities_lending_agreement_sla__c013__t2_1,767FSupp2d1191_securities_lending_agreement_sla,c013,767 F.Supp.2d 1191,8. Risk of Loss,"1.1,2.2",model,2,0.31,"Section 8's assignment of all collateral-investment loss to the Participant cannot be squared with Section 2(f), which commits the Bank to invest cash collateral only in the listed short-term instruments with safety of principal and liquidity as prime considerations. A court must decide whether Section 8 excuses losses caused by investments outside the Section 2(f) mandate.",g1,767FSupp2d1191_securities_lending_agreement_sla__c013__i1,The phrase “collateral investment loss” was unclear as to whether COPIC assumed losses caused by Wells Fargo investing collateral in securities that failed to meet the SLA’s investment criteria.,1.1,0.98,True,"The proposed issue concerns “collateral investment loss” and its interaction with Section 2(f)’s investment mandate; g1 concerns that same phrase and the same investment criteria. By contrast, g2 concerns “operation,” g3 concerns the negligent-operation sentence’s conflict with the Declaration’s gross-negligence threshold, and g4 concerns “collateral deficiencies” and the timing of funding a shortfall relative to returning securities.",I conclude that in this context “operation” is ambiguous and there is an issue of fact whether “collateral investment loss” includes the risk of Wells Fargo investing collateral in securities that did not meet the criteria set forth in the SLA.,"The proposed issue and g1 both ask whether “collateral investment loss” shifts to the Participant losses caused by investments that violated the SLA’s investment criteria. They therefore identify essentially the same defect, with the proposed issue expressly framing it as a conflict with Section 2(f)."
779FSupp2d416_lovejoy_inc_kamco_industrial__c003__t1_1,779FSupp2d416_lovejoy_inc_kamco_industrial,c003,779 F.Supp.2d 416,2. Competitive products,2.2,westlaw,1,0.28,"""Directly competitive"" is not defined and there is no benchmark (product function, customer, catalog listing) for deciding when a line the Representative carries competes with a Lovejoy product. Because the authorized products in section 1 expand with ""subsequent catalogs,"" the reach of the restraint moves with the Company's publications.",,,,,0.0,True,"The proposed issue turns on the undefined phrase “directly competitive” and on “any product the Representative is to offer, promote or sell for the Company,” as allegedly expanded through section 1’s “subsequent catalogs.” Candidate g1 concerns the prohibition as a whole in combination with the separate House Accounts provision and Lovejoy’s claimed “unfettered” account-designation power.",,"The proposed issue alleges indeterminacy in identifying competitive products and a changing product universe. Candidate g1 instead alleges that the noncompete becomes oppressive when combined with Lovejoy’s asserted power to redesignate substantially all accounts as House Accounts; that is a different whole-contract conflict, not uncertainty about product competitiveness or catalog expansion."
779FSupp2d416_lovejoy_inc_kamco_industrial__c011__t1_1,779FSupp2d416_lovejoy_inc_kamco_industrial,c011,779 F.Supp.2d 416,7(c). House Account sales,2.2,westlaw,1,0.35,"""House Account"" is never defined and the Company ""reserves the right to redefine these accounts"" with no notice requirement or limit, so accounts earning commission can be moved out of commission unilaterally. Addendum A is described only as a ""current roster,"" leaving the operative list a moving target.",g1,779FSupp2d416_lovejoy_inc_kamco_industrial__c011__i1,"The words “reserves the right to redefine these accounts” could not coherently grant Lovejoy an “unfettered” right to designate all or substantially all accounts as House Accounts when the Agreement was read as a whole, because that construction would annul the termination scheme and preserve the noncompetition restraint while depriving Kamco of its benefits.",2.2,0.84,True,"The proposed issue turns on the undefined term “House Account,” the words “reserves the right to redefine these accounts,” the absence of notice or limits, and Addendum A’s description as a “current roster.” g1 principally turns on “reserves the right to redefine these accounts,” construed against the Agreement’s termination scheme and noncompetition restraint.",The more significant problem with Love-joy’s argument that it had an “unfettered” right to redefine the House Accounts is that this interpretation would nullify portions of the Agreement’s termination provision.,"Both identify the same core defect: the ostensibly unrestricted unilateral power to redefine House Accounts could remove accounts from Kamco’s commission base and deprive it of contractual benefits. The proposed issue additionally emphasizes the undefined term, lack of notice, and “current roster,” while g1 focuses on why an unfettered construction conflicts with the termination and noncompetition provisions."
779FSupp2d416_lovejoy_inc_kamco_industrial__c022__t1_1,779FSupp2d416_lovejoy_inc_kamco_industrial,c022,779 F.Supp.2d 416,"16. Term, renewal, and termination",2.2,westlaw,1,0.33,"Termination for cause requires the ""other party's unreasonable and repeated failure to perform,"" a standard that is undefined and doubly qualified, and the notice sentence is grammatically broken (""mailed via certified or registered to"") so the sequence of notice, cure and termination is uncertain. A court would have to construe what conduct and what notice suffice.",,,,,0.0,True,"The proposed issue concerns subsection 16(c)(i), particularly “unreasonable and repeated failure to perform” and the malformed phrase “mailed via certified or registered to,” which govern cause, notice, cure, and termination. Candidate g1 concerns the annual-renewal and sixty-day-notice sentence, the “mutual written agreement” term, and their conflict with Lovejoy’s asserted power under the separate House Accounts provision.",,The proposed issue alleges ambiguity within the for-cause standard and its notice-and-cure procedure. Candidate g1 instead identifies a conflict whereby Lovejoy’s reading of the separate House Accounts provision would circumvent and nullify the termination scheme; it does not identify uncertainty in the for-cause language or notice grammar.
779FSupp2d416_lovejoy_inc_kamco_industrial__c022__t2_1,779FSupp2d416_lovejoy_inc_kamco_industrial,c022,779 F.Supp.2d 416,"16. Term, renewal, and termination",2.2,westlaw,2,0.31,"The termination provision says nothing about commissions on orders accepted or shipped after termination, which must be read against section 7's limit of credit to ""as long as this Agreement remains in force"" and section 8's payment 45 days after the month of shipment. The parties' post-termination positions emerge only from reading the three together.",,,,,0.0,True,"The proposed issue turns on section 16’s silence about commissions for orders accepted or shipped after termination, read with section 7’s phrase “as long as this Agreement remains in force” and section 8’s shipment-based payment timing. Candidate g1 turns on the annual-renewal and sixty-day-notice language, the enumerated termination grounds, and “mutual written agreement,” asserting a conflict with Lovejoy’s claimed power under the House Accounts provision to reclassify every account.",,The proposed issue concerns the absence of any rule governing post-termination commissions and its interaction with sections 7 and 8. Candidate g1 instead concerns whether Lovejoy’s reading of the House Accounts provision would circumvent and nullify the enumerated termination methods; it is a different defect despite involving the same termination provision.
785FSupp2d188_policy__c003__t2_1,785FSupp2d188_policy,c003,785 F.Supp.2d 188,Financial guaranty,1.1,model,2,0.3,"The guaranty runs ""to each Trustee for the benefit of each Holder,"" but Endorsement No. 1 defines the Trustee as U.S. Bank while making Wells Fargo the Trust Administrator, and PSA Sections 12.04 and 12.06 give the Trust Administrator alone the power to claim on and hold the Policy. Who the guaranty is owed to, and who may enforce it, cannot be settled from this provision alone.",,,,,0.0,True,"The proposed issue concerns “to each Trustee” and its conflict with Endorsement No. 1 and PSA Sections 12.04 and 12.06 assigning policy-related authority to the Trust Administrator. Candidate g1 concerns “for the benefit of each Holder,” specifically whether “Holder” includes holders of Uninsured Certificates or only Insured Certificates.",,"No candidate records the alleged conflict between the named Trustee and the Trust Administrator’s exclusive authority to claim on and hold the Policy. Candidate g1 instead concerns which certificateholders qualify as “Holder,” specifically insured versus uninsured certificateholders, so it is a different defect despite involving the same guaranty clause."
785FSupp2d188_pooling_servicing_agreement_psa__c161__t1_1,785FSupp2d188_pooling_servicing_agreement_psa,c161,785 F.Supp.2d 188,1.01 Class 1-A-3 Certificate Insurer Reimbursement Amount,2.2,model,1,0.2,"After identifying reimbursement 'with interest' for claims paid, the definition adds 'any amounts with respect to the Class 1-A-3 Certificates owing to the Certificate Insurer and remaining unpaid,' an open-ended catch-all not tied to any enumerated obligation. The class of amounts it sweeps in is unbounded.",,,,,0.0,True,"The proposed issue turns on the trailing words “any amounts with respect to the Class 1-A-3 Certificates owing to the Certificate Insurer and remaining unpaid,” alleging that they are not limited to enumerated obligations. Candidate g1 concerns the separate definition of the entire “Class 1-A-3 Certificate Insurer Reimbursement Amount” and its asserted redundancy in light of section 4.02(a)(3) and later waterfall steps, not the breadth of the trailing catch-all.",,"The proposed issue alleges that the definition’s final catch-all is substantively unbounded. Candidate g1 instead identifies a redundancy or whole-contract coherence problem arising from Assured’s interpretation of section 4.02(a)(3), so it does not record the same defect."
785FSupp2d188_pooling_servicing_agreement_psa__c162__t1_1,785FSupp2d188_pooling_servicing_agreement_psa,c162,785 F.Supp.2d 188,1.01 Class 2-A-3 Certificate Insurer Reimbursement Amount,2.2,model,1,0.19,The closing phrase 'any amounts with respect to the Class 2-A-3 Certificates owing to the Certificate Insurer and remaining unpaid' is a general catch-all appended to the specific reimbursement-with-interest item. Nothing in the definition limits what obligations qualify as 'owing.',,,,,0.0,True,"The proposed issue turns on the closing words “any amounts with respect to the Class 2-A-3 Certificates owing to the Certificate Insurer and remaining unpaid,” particularly the absence of a limitation on “owing.” Candidate g1 concerns the separate definition as a whole and its asserted redundancy under section 4.02(a)(3), not the breadth of the closing phrase.",,"The proposed issue alleges that the definition’s closing catch-all lacks a limiting principle for obligations “owing” to the insurer. Candidate g1 instead identifies redundancy between the separately defined class-specific reimbursement amount and Assured’s interpretation of the payment waterfall in section 4.02(a)(3), so it is a different defect."
785FSupp2d188_pooling_servicing_agreement_psa__c163__t1_1,785FSupp2d188_pooling_servicing_agreement_psa,c163,785 F.Supp.2d 188,1.01 Class 4-A-2 Certificate Insurer Reimbursement Amount,2.2,model,1,0.19,The clause 'any amounts with respect to the Class 4-A-2 Certificates owing to the Certificate Insurer and remaining unpaid' extends the reimbursement amount beyond the enumerated claims paid under the Policy without any stated boundary. Its scope against the specific preceding item is open to construction.,,,,,0.0,True,"The proposed issue concerns the definition’s concluding words, “any amounts with respect to the Class 4-A-2 Certificates owing to the Certificate Insurer and remaining unpaid,” and their relationship to the preceding Policy-claims language. Candidate g1 concerns the separately defined term as a whole and its asserted redundancy when read alongside section 4.02(a)(3) and later waterfall steps, not the scope of that concluding phrase.",,"The proposed issue alleges an internally unbounded catch-all that may expand the reimbursement amount beyond Policy claims. The candidate instead alleges that section 4.02(a)(3), under Assured’s interpretation, makes the separately defined class-specific amount unnecessary in later waterfall steps; that is a different whole-contract redundancy defect."
785FSupp2d188_pooling_servicing_agreement_psa__c586__t2_1,785FSupp2d188_pooling_servicing_agreement_psa,c586,785 F.Supp.2d 188,4.02(a) Distribution priorities,"1.1,2.2",model,2,0.34,"The waterfall pays the Certificate Insurer its Premium Distribution Amount and Aggregate Certificate Insurer Reimbursement Amount ahead of Mezzanine interest and principal, and pays Unpaid Realized Loss Amounts on the Class 1-A-3, 2-A-3 and 4-A-2 Certificates only 'to the extent not covered by the Certificate Insurance Policy,' which requires reading the priorities against the Policy and Endorsement No. 1 and the deemed-balance proviso in the definition of Certificate Principal Balance. Whether insured holders or the insurer are entitled to a given dollar cannot be determined from this section alone.",g1,785FSupp2d188_pooling_servicing_agreement_psa__c586__i1,The phrase in section 4.02(a)(3) directing payment to Assured “up to the Aggregate Certificate Insurer Reimbursement Amount” was susceptible to Assured’s reading as a separate right to reimbursement for all principal and interest claims and the certificateholders’ reading as payment only of amounts arising through subrogation.,1.1,0.65,True,"The proposed issue concerns “Premium Distribution Amount” in clause (2)(B), “Aggregate Certificate Insurer Reimbursement Amount” in clause (3), and clause (8)’s “to the extent not covered by the Certificate Insurance Policy,” read with the Policy, Endorsement No. 1, and the Certificate Principal Balance definition. G1 concerns specifically “up to the Aggregate Certificate Insurer Reimbursement Amount” in clause (3) and whether it creates reimbursement independent of section 12.05 and Policy subrogation; g2 concerns that same clause’s relationship to the sixteen later insurer-payment steps, the class-specific reimbursement definitions, and section 12.05.","According to Assured, this “reimbursement” right under 4.02(a)(3) is separate and independent from its right of subrogation. The right of subrogation is contained in PSA section 12.05 and in the Policy.
Certificateholder Defendants deny that 4.02(a)(3) grants Assured a separate reimbursement right. They argue that the Trust documents only permit Assured to collect funds that arise from its subrogation to the certificates it insures, to wit, any amount that would otherwise be paid to the Senior Support certificateholders had they not given up their rights to it.","The proposed issue’s uncertainty over whether insured holders or the insurer receives funds, particularly through the priority given the Aggregate Certificate Insurer Reimbursement Amount, substantially tracks g1’s dispute over whether section 4.02(a)(3) grants broad reimbursement or only subrogation-based payments. G1 is closer than g2 because the proposed issue does not specifically allege that a broad reading makes the sixteen later insurer-payment steps meaningless, though it also invokes additional provisions not central to g1."
785FSupp2d188_pooling_servicing_agreement_psa__c775__t1_1,785FSupp2d188_pooling_servicing_agreement_psa,c775,785 F.Supp.2d 188,12.05 Effect of Policy payments and subrogation,2.2,model,1,0.2,"Payments made with Policy moneys 'shall not result in the payment of or the provision for the payment of the principal of or interest on such Insured Certificate within the meaning of Section 4.01,' although Section 4.01 governs Advances and distributions to Certificateholders are made under Section 4.02. The deeming rule that keeps the insured certificates outstanding is anchored to the wrong section.",,,,,0.0,True,"The proposed issue turns on the first sentence’s cross-reference “within the meaning of Section 4.01” and claims that Section 4.02 was intended. Candidate g1 turns on clause (ii), particularly “only from the sources and in the manner provided herein,” and its relationship to the Section 4.02 waterfall and the subrogation right in clause (i).",,"The proposed issue alleges an erroneous cross-reference that anchors the certificate-outstanding deeming rule to Section 4.01 instead of Section 4.02. Candidate g1 instead concerns whether the separate “sources and manner provided herein” language makes waterfall payments an implementation of subrogation or an independent reimbursement right, so it records a different defect."
787FSupp2d118_employment_agreement_agreement__c029__t1_1,787FSupp2d118_employment_agreement_agreement,c029,787 F.Supp.2d 118,7(a). Noncompetition and Non-Solicitation,1.1,westlaw,1,0.52,"Clause (iv) bars participation in ""any business in which he would be reasonably likely to employ, reveal, or otherwise utilize Trade Secrets"" in ""any geographical area in which the Company or any of its affiliates conduct business,"" a restraint whose reach depends on a speculative likelihood judgment rather than any identified line of business. Clause (ii)'s flat bar on hiring any current or recent employee is also untethered to any solicitation by Employee.",g1,787FSupp2d118_employment_agreement_agreement__c029__i1,"The phrase “reasonably likely” in the prohibition on participating in a business likely to use Aspect’s trade secrets was challenged as lexically vague and unenforceable or ambiguous enough to require extrinsic evidence, although the court found little support for either reading.",1.1,0.66,True,"The proposed issue concerns clause (iv)’s words “any business in which he would be reasonably likely to employ, reveal, or otherwise utilize Trade Secrets,” especially “reasonably likely” and the absence of an identified line of business; it also separately concerns clause (ii)’s bar on hiring “any person” who is a current or recent employee. Candidate g1 concerns only the phrase “reasonably likely” in clause (iv), alleging that it is vague or ambiguous.","Instead of quarreling with the scope and breadth of the non-compete clause, Barnett argues that the phrase “reasonably likely” is either vague and therefore unenforceable or ambiguous and therefore requiring the Court to resort to extrinsic evidence to determine the phrase’s meaning.","Both identify uncertainty created by clause (iv)’s “reasonably likely” standard, although the proposed issue frames it as speculative and insufficiently tied to a line of business, while g1 frames it as lexical vagueness or ambiguity. The proposed issue’s separate objection to clause (ii)’s hiring bar has no counterpart in g1."
808FSupp2d552_trademark_license_and_cooperation__c013__t1_1,808FSupp2d552_trademark_license_and_cooperation,c013,808 F.Supp.2d 552,1(l) Licensed Services,1.1,westlaw,1,0.2,"""Any and all services provided by Licensee in connection with or relating to the operation"" of the facilities is unbounded, and ""relating to"" would sweep in services having only a loose connection to the licensed facilities. The clause also miscites the defined term (""Hard Rock Hotei/Casinos"").",g1,808FSupp2d552_trademark_license_and_cooperation__c013__i1,The broad definition of “Licensed Services” as services provided “in connection with or relating to” hotel operations was disputed as to whether it encompassed the Rehab television program rather than excluding it as an independent entertainment product.,1.1,0.86,True,"The proposed issue principally concerns “any and all services” and “in connection with or relating to the operation,” while separately flagging “Hard Rock Hotei/Casinos” as an apparent typo. Candidate g1 concerns the same scope language—especially “in connection with or relating to”—and whether it reaches the Rehab television program.","“Licensed Services” is defined broadly to include “any and all services provided by [the Hard Rock Defendants] in connection with or relating to the operation of [the Hotel].” (Agreement ¶ 1(1) (emphasis added).) Because Rehab portrays a party at the Hotel, it relates to the Hotel’s services.","Both identify the breadth of “in connection with or relating to” as creating an expansive scope: the proposed issue describes loose connections generally, while g1 applies that breadth to whether the Rehab program is covered. The proposed issue’s additional complaint about “Hotei/Casinos” is separate and is not addressed by g1."
808FSupp2d552_trademark_license_and_cooperation__c016__t1_1,808FSupp2d552_trademark_license_and_cooperation,c016,808 F.Supp.2d 552,2(a) Licensed Rights,1.1,westlaw,1,0.47,"The worldwide carve-out permitting ""promotion, advertising or marketing (not including the sale of merchandise) and broadcasting of the Hard Rock Hotel/Casinos"" does not define what counts as broadcasting or promotion ""of"" the licensed facilities. Programming or media exploitation bearing the marks but going beyond advertising the facility falls in a zone the words do not resolve.",g1,808FSupp2d552_trademark_license_and_cooperation__c016__i1,"The authorization for “promotion, advertising or marketing” and “broadcasting” was disputed as to whether it encompassed Rehab or left the program unauthorized as an entertainment product.",1.1,0.96,True,"The proposed issue concerns the worldwide carve-out for “promotion, advertising or marketing” and “broadcasting” of the Hard Rock Hotel/Casinos, particularly what “of” and those activities encompass. Candidate g1 concerns those same words and whether they cover Rehab; g2 instead concerns the separate term “exclusive license” and whether it restricts other Hard Rock-branded ventures.","HRCI also asserts that Rehab is an unauthorized “entertainment product” and beyond the scope of the Arbitration Clause. (PI. Opp’n at 22.) However, the Agreement permits the Hard Rock Defendants to use the Hard Rock Marks “in connection with the ... promotion of Hard Rock Hotel/Casinos and Hard Rock Casinos.” (Agreement ¶ 2(a) (emphasis added); see also ¶ 4(a).) This “promotion, advertising or marketing ... and broadcasting” may be done “anywhere in the world.” (Agreement ¶ 2(a).)","The proposed issue and g1 identify the same interpretive boundary: whether a marked television or entertainment program falls within the worldwide authorization for promotion and broadcasting of the licensed facilities or is an unauthorized entertainment product. The proposed issue states the problem generally, while g1 applies it specifically to Rehab."
808FSupp2d552_trademark_license_and_cooperation__c016__t2_1,808FSupp2d552_trademark_license_and_cooperation,c016,808 F.Supp.2d 552,2(a) Licensed Rights,1.1,westlaw,2,0.52,"The grant of an ""exclusive license"" in the Morton Territories cannot be squared with Section 3(a), which gives Licensor ""the right to the use and exploitation of the Hard Rock Hotel Marks anywhere in the world for a Hotel facility that does not include a Casino"", excepting only Nevada. The two provisions both purport to control use of the Hotel Marks inside the Territories.",g2,808FSupp2d552_trademark_license_and_cooperation__c016__i2,"The term “exclusive license” was disputed as meaning either only that HRCI could not license the Hard Rock Hotel and Casino Marks or compete in their licensed use, or that HRCI could not compete through other Hard Rock-branded products and ventures in the Morton Territories.",1.1,0.76,True,"The proposed issue turns on “exclusive license” in Section 2(a) and its asserted conflict with Section 3(a)’s reservation allowing Licensor to use the Hotel Marks for a Hotel without a Casino outside Nevada. Candidate g1 concerns the separate authorization for “promotion, advertising or marketing” and “broadcasting”; g2 concerns “exclusive license,” the limiting words “only” and “solely,” and Section 3(a)’s reservation of uses outside the specifically licensed Hotel/Casino field.",The Hard Rock Defendants argue that the term “exclusive license” means HRCI cannot compete with the Hard Rock Defendants “with respect to the particular products or particular territories for which the exclusive license was granted.” (Defs’ Opp’n at 5.). But no provision in the Agreement prohibits HRCI from opening other Hard Rock branded ventures such as restaurants and music venues in the Morton Territories. The Agreement only forbids HRCI from developing Hotel/Casinos in the Morton territories and Hotels in Nevada. (See Agreement ¶ 3(a).),"Both defects concern whether “exclusive license,” read with Section 3(a), excludes HRCI only from the specifically licensed Hotel/Casino uses or also from other Hard Rock-branded uses within the Morton Territories. The proposed issue focuses specifically on non-casino Hotels, while g2 states the broader dispute over other products and ventures, so it is the same underlying problem framed more narrowly."
808FSupp2d552_trademark_license_and_cooperation__c031__t1_1,808FSupp2d552_trademark_license_and_cooperation,c031,808 F.Supp.2d 552,4(a) Quality standards,1.1,westlaw,1,0.3,"The quality benchmark — ""good quality at least as high as the quality of similar goods presently sold ... by Licensee"" at the Las Vegas facility — is self-referential and fixed to an unrecorded baseline, and ""equal to and commensurate with"" adds no measurable standard. What quality failure would breach the clause cannot be determined from its words.",,,,,0.0,True,"The proposed issue concerns “good quality at least as high as the quality of similar goods presently sold” and “equal to and commensurate with,” alleging that those benchmarks lack an ascertainable baseline or measurable standard. Candidate g1 concerns the scope of “nature and quality,” specifically whether “quality” covers only degree of excellence or also content, character, services, and customer experience.",,"The proposed issue challenges the indeterminacy of the comparative quality benchmarks, whereas g1 concerns what kinds of characteristics fall within “nature and quality.” These are distinct defects despite both involving quality."
808FSupp2d552_trademark_license_and_cooperation__c037__t1_1,808FSupp2d552_trademark_license_and_cooperation,c037,808 F.Supp.2d 552,5(a) Quality disputes and arbitration procedure,1.1,westlaw,1,0.31,"Arbitration is confined to disputes ""regarding the failure of Licensee to conform to any provision of quality control as set forth herein"", but the contract never identifies which provisions are quality-control provisions. ""Any substantial failure ... in any respect"" and the misused word ""proscribed"" (for prescribed) add further uncertainty about the trigger and the selection process.",,,,,0.0,True,"The proposed issue turns on “provision of quality control as set forth herein” and the alleged silence identifying such provisions, plus “any substantial failure ... in any respect” and “proscribed.” Candidate g1 turns on “any dispute,” “provision of quality control,” and especially the meaning and reach of “quality” as applied to Rehab’s content and the character and services of the Tulsa and Albuquerque properties.",,"The proposed issue alleges that the agreement fails to identify which contractual provisions qualify as quality-control provisions, with additional uncertainty from “any substantial failure ... in any respect” and “proscribed.” Candidate g1 instead concerns whether particular objections about content and property character fall within “quality” or “quality control,” so it identifies a different scope dispute rather than the alleged missing identification."
808FSupp2d552_trademark_license_and_cooperation__c040__t2_1,808FSupp2d552_trademark_license_and_cooperation,c040,808 F.Supp.2d 552,5(d) Excluded disputes,1.1,westlaw,2,0.3,"The exclusion of ""any claims or controversies not specifically identified hereinabove"" from arbitration depends entirely on what 5(a) is taken to have specifically identified, and 5(a)'s reference to ""any provision of quality control as set forth herein"" is itself unspecified. A mixed dispute — quality failure alleged alongside trademark validity — cannot be allocated between the two clauses.",g1,808FSupp2d552_trademark_license_and_cooperation__c040__i1,The exclusion for disputes relating to the Agreement’s “validity” or the “validity or enforceability” of trademark rights was disputed as to whether claims pleaded as trademark infringement or as breaches warranting termination fell within that exclusion despite having quality-control factual underpinnings.,1.1,0.76,True,"The proposed issue turns on “any claims or controversies not specifically identified hereinabove,” its cross-reference to 5(a)’s “any provision of quality control as set forth herein,” and the exclusion for trademark-validity disputes. Candidate g1 turns on “validity of this License Agreement” and “validity or enforceability of any trademark rights hereunder,” read against the quality-control arbitration language, and asks how claims combining those characterizations and quality-control facts are allocated.","However, “disputes relating to the validity of [the] License Agreement or the validity or enforceability of any trademark rights hereunder, shall be excluded from arbitration.” (Agreement ¶ 5(d).)
HRCI argues that claims relating to Rehab and the Tulsa and Albuquerque Properties are exempt from arbitration because they concern trademark infringement and contractual breaches warranting termination of the Agreement. In deciding whether a dispute falls within an arbitration clause, courts must “focus on the factual allegations in the complaint rather than the legal causes of action asserted.”","Both identify the boundary between quality-control disputes assigned to arbitration and trademark-validity or termination disputes excluded from it. The proposed issue frames that boundary as an inability to allocate mixed disputes caused by the cross-references, while g1 frames it as deciding whether trademark-labelled claims with quality-control factual underpinnings fall within the exclusion, so the underlying problem is the same but not stated identically."
808FSupp2d552_trademark_license_and_cooperation__c041__t1_1,808FSupp2d552_trademark_license_and_cooperation,c041,808 F.Supp.2d 552,6(a) Protection of marks,1.1,westlaw,1,0.25,"""Best efforts"" is undefined and the clause supplies no benchmark, cost ceiling or required action against which either party's protective efforts could be measured. It is also mutual and open-ended, so what protection either owes is indeterminate.",g1,808FSupp2d552_trademark_license_and_cooperation__c041__i1,The obligation to use “best efforts” to protect the marks and goodwill was challenged as too vague to enforce because it allegedly supplied no objective criteria applicable to a reality-show genre that did not exist when the Agreement was executed.,1.1,0.94,True,"The proposed issue concerns “use their best efforts to protect” and the clause’s silence about benchmarks, costs, and required protective actions. Candidate g1 concerns the same “best efforts” language and the alleged absence of objective criteria for measuring those efforts, particularly in relation to a reality-show genre that did not exist when the Agreement was signed.",The Hard Rock Defendants contend that there are no objective criteria to measure “best efforts” because “the genre of reality shows like ‘Rehab’ did not even exist” when the Agreement was executed.,"Both identify the same defect: the “best efforts” obligation allegedly lacks objective criteria by which performance can be measured. The proposed issue adds concerns about mutuality, open-endedness, and the absence of a cost ceiling, while g1 contextualizes the missing benchmark through the later-created reality-show genre, but these are variations on the same core complaint."
808FSupp2d552_trademark_license_and_cooperation__c046__t1_1,808FSupp2d552_trademark_license_and_cooperation,c046,808 F.Supp.2d 552,8(a)(1) Promotional cooperation,1.1,westlaw,1,0.27,"The cross-promotion duty applies only ""when practical and appropriate"", a standard with no benchmark and no decision-maker named. Whether a party ever breaches by omitting the other's facilities cannot be determined from the clause.",,,,,0.0,True,"The proposed issue concerns “when practical and appropriate” and the clause’s silence about a benchmark or decision-maker for that standard. Candidate g1 concerns the word “locations,” specifically whether it means places where both parties maintain facilities or the geographic reach of the promotional material.",,"The proposed issue challenges the undefined standard governing whether cross-promotion is required, whereas g1 identifies competing meanings of “locations” that determine which advertisements or geographic places are covered. These are distinct defects involving different words."
808FSupp2d552_trademark_license_and_cooperation__c046__t1_2,808FSupp2d552_trademark_license_and_cooperation,c046,808 F.Supp.2d 552,8(a)(1) Promotional cooperation,1.1,westlaw,1,0.22,"The table-tent display Licensor must place in its own restaurants referencing Licensee's facilities must be ""reasonably acceptable to Licensor"", which appears to be a mechanical error for Licensee and leaves the obligor as the sole judge of its own performance. As written the sentence gives Licensor an approval right over material it alone supplies.",,,,,0.0,True,The proposed issue turns on “reasonably acceptable to Licensor” in the table-tent sentence and the resulting self-approval right. Candidate g1 turns on “locations” in the opening sentence—whether it means places where both parties maintain facilities or the geographic reach of the advertising.,,"The proposed issue concerns Licensor’s apparent power to approve the promotional display it must itself supply, whereas g1 concerns the geographic meaning of “locations.” These are distinct alleged defects in different language of the provision."
808FSupp2d552_trademark_license_and_cooperation__c050__t2_1,808FSupp2d552_trademark_license_and_cooperation,c050,808 F.Supp.2d 552,8(b) Worldwide Web sites,1.1,westlaw,2,0.3,"Licensor's right to develop web pages for ""other Hard Rock Facilities as they may develop"" cannot be squared with the exclusive license to the Hotel and Casino Marks in the Morton Territories granted by Section 2(a), since Hard Rock Facilities include Licensee's Hotel/Casinos. The Licensee-only carve-out for the Territories and the Internet sales rules in 2(b)(v) leave the boundary of each party's web rights contested.",g1,808FSupp2d552_trademark_license_and_cooperation__c050__i1,"The exception allowing the Licensee to “develop, maintain and update a Web page” was disputed as to whether it both limited HRCI’s website rights and encompassed an exclusive right to register hardrockcasinoalbuquerque.com.",1.1,0.68,True,"The proposed issue turns on “other Hard Rock Facilities as they may develop,” the exception permitting Licensee to develop pages for Hotel/Casinos or Casinos in the Morton Territories, and their interaction with Sections 2(a) and 2(b)(v). G1 concerns that same exception and “develop, maintain and update a Web page” as applied to exclusive domain registration; g2 concerns only the singular “a Web page”; g3 concerns “other party’s Web pages” in the linking sentence.","The use of the word “except” limits HRCI’s ability to develop, maintain and update websites for Hotel/Casinos and Casinos in the Morton Territories. Additionally, the language “developing], maintaining], and updating] a Web page” is reasonably capable of encompassing the Hard Rock Defendants’ right to register this domain name. The Agreement is therefore ambiguous as to whether it granted the Hard Rock Defendants an exclusive right to register hardrockcasinoalbuquerque.com.","The proposed issue and g1 both concern whether the “except” clause limits Licensor’s web rights in the Morton Territories and gives Licensee exclusivity there. The proposed issue frames the conflict broadly through Sections 2(a) and 2(b)(v), while g1 addresses the narrower claimed exclusive right to register a particular domain name."
808FSupp2d552_trademark_license_and_cooperation__c054__t2_1,808FSupp2d552_trademark_license_and_cooperation,c054,808 F.Supp.2d 552,10. Sublicense and Franchise Rights,1.1,westlaw,2,0.26,"The unrestricted right to ""sublicense or franchise any or all of the rights and licenses granted hereunder"" cannot easily be squared with the first-offer right in Section 9(c), since a sublicense of all rights would transfer the business without triggering negotiation with Licensor. Nothing in either clause says which governs a wholesale sublicense.",,,,,0.0,True,"The proposed issue turns on “sublicense or franchise any or all of the rights and licenses granted hereunder,” together with the provision’s silence about its priority relative to Section 9(c)’s first-offer right. Candidate g1 turns on the same quoted grant but asks whether “rights and licenses granted hereunder” encompass use of the unaltered Hard Rock Marks at the Tulsa and Albuquerque properties, not whether a wholesale sublicense circumvents Section 9(c).",,"Although both focus on the sublicense grant, they identify different defects. The proposed issue alleges an unresolved conflict with Section 9(c)’s first-offer right for a wholesale transfer, while g1 concerns whether the granted rights substantively include use of unaltered marks at two properties."
809FSupp2d582_april_28_2008_letter__c002__t1_1,809FSupp2d582_april_28_2008_letter,c002,809 F.Supp.2d 582,Limitation of Lincoln General’s lawsuit claims,1.1,westlaw,1,0.38,"The paragraph is framed as a limitation (""agrees to limit the scope of its claims ... to the following"") but each enumerated category is opened up again by catch-alls — ""This includes, but is not limited to,"" ""among other things,"" and ""other persons or entities"" — so the general language arguably swallows the enumerated specifics. A court would have to decide whether ejusdem generis confines the retained claims to the listed IBNR-commission and improper-payment theories.",g1,809FSupp2d582_april_28_2008_letter__c002__i1,"The open-ended phrases “includes, but is not limited to,” “by Defendants and/or other persons or entities,” and “among other things” were disputed as to whether the letter’s delineation was exhaustive or broad enough to encompass claims not specifically listed.",1.1,0.96,True,"The proposed issue concerns “agrees to limit the scope of its claims ... to the following” in tension with “includes, but is not limited to,” “among other things,” and “other persons or entities.” Candidate g1 concerns those same open-ended phrases and whether they make the letter non-exhaustive and broad enough to encompass unlisted claims.","Furthermore, the language of the April 30, 2008 letter itself is broad, using language such as “includes, but is not limited to,” “by Defendants and/or other persons or entities,” and “such claims may encompass actions seeking legal or equitable relief for, among other things, .... ” (Id. (emphasis added)).","Both identify the same defect: the provision purports to limit the claims to enumerated categories, yet its open-ended phrases may broaden the retained claims beyond those specifically listed. The proposed issue adds ejusdem generis as a possible interpretive method, but that does not materially change the defect."
809FSupp2d582_april_28_2008_letter__c002__t2_1,809FSupp2d582_april_28_2008_letter,c002,809 F.Supp.2d 582,Limitation of Lincoln General’s lawsuit claims,1.1,westlaw,2,0.22,"Category (2) (paying or overpaying claims on policies not reinsured or only partially reinsured, out of a Lincoln General-funded account) overlaps with the claims excluded by the ""Other Causes of Action"" paragraph, which bars claims for ""mishandling of insurance claims on the reinsured policies."" Which paragraph governs a claim that sounds in both is not resolved.",,,,,0.0,True,"The proposed issue turns on Category (2)’s coverage of payments from a Lincoln General-funded account for policies not or only partially reinsured, in alleged conflict with the “Other Causes of Action” bar for “mishandling of insurance claims on the reinsured policies.” Candidate g1 turns on “includes, but is not limited to,” “by Defendants and/or other persons or entities,” and “among other things,” and whether those phrases expand the delineated claims beyond those specifically listed.",,"The proposed issue alleges an unresolved conflict between Category (2) and the separate “Other Causes of Action” exclusion. Candidate g1 instead concerns whether open-ended wording makes the letter’s claim delineation non-exhaustive, so it names a different defect."
809FSupp2d582_memorandum_of_understanding_mou__c024__t1_1,809FSupp2d582_memorandum_of_understanding_mou,c024,809 F.Supp.2d 582,VI. Tolling period,1.1,westlaw,1,0.42,"The tolling runs ""for five (5) years of until all claims ... have been paid and settled,"" where the mangled conjunction leaves it unclear whether the period is five years, or until all claims are paid, or the longer or shorter of the two. ""[P]aid and settled ... pursuant to any and all agreements between them"" also fixes no ascertainable end date.",,,,,0.0,True,"The proposed issue concerns “for five (5) years of until all claims ... have been paid and settled” and “pursuant to any and all agreements between them,” particularly the ambiguous conjunction and indeterminate endpoint. Candidate g1 concerns “or otherwise related to,” specifically whether that phrase covers additional existing claims or only claims arising while the MOU was in force.",,"The proposed issue challenges the uncertainty in the tolling period’s duration and endpoint. Candidate g1 instead concerns which causes of action fall within the tolling provision, so it records a different defect."
809FSupp2d582_memorandum_of_understanding_mou__c025__t1_1,809FSupp2d582_memorandum_of_understanding_mou,c025,809 F.Supp.2d 582,VI. Other Causes of Action,1.1,westlaw,1,0.26,"The provision incorporates the ""Other Causes of Action"" defined in ""the April 28, 2008 letter agreement,"" but the letter agreement in the record is dated April 30, 2008. The misdescription puts in issue which document, and hence which definition, is being incorporated.",,,,,0.0,True,"The proposed issue turns on the cross-reference to “the April 28, 2008 letter agreement” and its conflict with the record’s April 30 letter. Candidate g1 turns on “shall extend to, but not be limited to” and whether those words cover claims beyond the letter’s specified Other Causes of Action.",,"The proposed issue alleges that the incorrect date misidentifies the incorporated letter. Candidate g1 instead concerns whether the phrase “shall extend to, but not be limited to” expands tolling beyond the claims specified in the referenced letter; it does not record the date discrepancy as a defect."
809FSupp2d582_memorandum_of_understanding_mou__c025__t2_1,809FSupp2d582_memorandum_of_understanding_mou,c025,809 F.Supp.2d 582,VI. Other Causes of Action,1.1,westlaw,2,0.24,"The April 2008 letter tolls the Other Causes of Action ""until the Lawsuit has been settled or otherwise finally resolved, including the completion of any appeals,"" while section VI tolls them for five years or until all claims are paid. Which tolling term governs those causes of action after the Lawsuit's dismissal cannot be answered from either document alone.",,,,,0.0,True,"The proposed issue turns on the cross-reference to the April 2008 letter and the allegedly conflicting tolling endpoints in that letter and section VI. Candidate g1 turns on “shall extend to, but not be limited to” and whether those words encompass claims beyond those specified in the letter or original suit.",,"The proposed issue concerns a conflict between two tolling durations and uncertainty over which termination event governs the referenced Other Causes of Action. Candidate g1 instead concerns the substantive scope of claims covered by “shall extend to, but not be limited to,” so it names a different defect."
809FSupp2d582_memorandum_of_understanding_mou__c030__t1_1,809FSupp2d582_memorandum_of_understanding_mou,c030,809 F.Supp.2d 582,Xk. Failure to complete required actions,1.1,westlaw,1,0.42,"The heading covers ""Failure to Complete the Required Actions ... or Later Breach,"" but the operative text addresses only the parties being ""not able to complete"" the contemplated documents and says nothing about breach. Whether refiling is also the remedy for a later breach, and whether it is an exclusive remedy at all, is left open.",,,,,0.0,True,"The proposed issue turns on the heading’s words “or Later Breach,” the operative sentence’s silence about later breach, and the remedy language insofar as it may or may not make refiling exclusive. Candidate g1 turns on “Lincoln’s sole remedy shall be to refile the lawsuit” and whether “the lawsuit” limits a later action to claims asserted in the original 2007 suit.",,"No candidate names the proposed heading/operative-text mismatch or the uncertainty whether refiling applies to later breach and is exclusive. Candidate g1 instead concerns which claims may be included when Lincoln refiles, a distinct question about the scope of the successive lawsuit."
809FSupp2d582_memorandum_of_understanding_mou__c030__t2_1,809FSupp2d582_memorandum_of_understanding_mou,c030,809 F.Supp.2d 582,Xk. Failure to complete required actions,1.1,westlaw,2,0.48,"Limiting Lincoln General's remedy to refiling the lawsuit cannot be squared with section V's agreement that the Memorandum is ""sufficiently definite to allow the parties to sue for its enforcement,"" nor with the unconditional payment duty in section IV. A court must decide whether section IX displaces enforcement of the Memorandum.",,,,,0.0,True,"The proposed issue concerns “Lincoln’s [sole] remedy shall be to refile the lawsuit” and its asserted conflict with Section V’s enforcement language and Section IV’s payment duty. Candidate g1 concerns the same remedy phrase but asks whether “refile the lawsuit” restricts the claims in the new suit to the original 2007 claims, particularly in light of the dismissal and tolling provisions.",,"Although both concern the limitation stating that Lincoln’s remedy is to refile, they identify different defects. The proposed issue asks whether that remedy displaces enforcement and payment rights under Sections V and IV, whereas g1 concerns only whether a refiled suit is limited to claims asserted in the 2007 action."
814FSupp2d930_workout_agreement__c010__t2_1,814FSupp2d930_workout_agreement,c010,814 F.Supp.2d 930,Workout Arrangement Recital,2.2,model,2,0.4,"The recital that Lender ""has agreed to allow Customer to repay the Arrearage"" under the work-out arrangement conflicts with Attachment A paragraph b, which states the aggregate Plan payments will be insufficient to pay the Arrearage and that the account will remain delinquent. A borrower could argue the recital states the bargain's purpose and controls the operative payment schedule.",g1,814FSupp2d930_workout_agreement__c010__i1,"The recital that Aurora “has agreed to allow Customer to repay the Arrearage” created whole-contract tension with Attachment A’s statement that the Plan payments would be insufficient to pay the arrearage, leaving Aurora’s repayment obligation ambiguous when the agreement was read as a whole.",2.2,0.98,True,The proposed issue concerns “has agreed to allow Customer to repay the Arrearage” and its conflict with Attachment A paragraph b’s statement that aggregate Plan payments will be insufficient and leave the account delinquent. Candidate g1 concerns the same recital language and the same conflicting Attachment A statement.,"Although it is true that Attachment A discloses that the “aggregate Plan payment will be insufficient to pay the Arrearage,” Aurora never reconciles this provision with the recital that Aurora “has agreed to allow Customer to repay the Arrearage pursuant to a loan work-out arrangement^]”","Both identify the same contradiction between the recital’s promise to allow repayment of the arrearage and Attachment A’s statement that the Plan payments will not fully repay it. The proposed issue adds that the recital could control as a statement of purpose, while g1 frames the resulting problem as whole-contract ambiguity, but this is the same underlying defect."
814FSupp2d930_workout_agreement__c013__t1_1,814FSupp2d930_workout_agreement,c013,814 F.Supp.2d 930,3 Lenders Forbearance,2.2,model,1,0.24,"""[F]orbear from exercising any or all of its rights and remedies"" is ambiguous as to whether Lender must forbear from all remedies or may elect which ones to forbear from. The disjunctive ""any or all"" gives the borrower's principal protection no fixed content.",,,,,0.0,True,The proposed issue turns on the internal wording “any or all of its rights and remedies” and the scope of the required forbearance. Candidate g1 turns on the forbearance promise as a whole in conflict with the recital and Attachment A language stating that Aurora would allow repayment of the arrearage.,,"The proposed issue concerns whether “any or all” lets the lender choose which remedies to forbear from. Candidate g1 instead concerns whether the forbearance promise was Aurora’s sole obligation despite separate language requiring it to allow repayment of the arrearage, so it identifies a different defect."
814FSupp2d930_workout_agreement__c013__t2_1,814FSupp2d930_workout_agreement,c013,814 F.Supp.2d 930,3 Lenders Forbearance,2.2,model,2,0.42,"The forbearance promise cannot be squared with paragraph 8, which states that a commenced foreclosure ""will not be withdrawn,"" and with paragraph 7's declaration that nothing herein waives any right to commence or resume foreclosure. What Lender actually gave up during the plan term is the very thing those provisions take back.",,,,,0.0,True,"The proposed issue concerns paragraph 3’s promise to “forbear from exercising any or all of its rights and remedies,” as allegedly conflicting with paragraph 7’s nonwaiver of foreclosure rights and paragraph 8’s statement that a commenced foreclosure “will not be withdrawn.” Candidate g1 concerns the same forbearance promise but compares it to the recital and Attachment A language stating that Aurora agreed to allow repayment of the arrearage and that the plan was implemented for that purpose.",,The proposed issue alleges that the forbearance promise is taken back by paragraphs 7 and 8’s preservation of foreclosure rights. Candidate g1 instead concerns whether treating forbearance as Aurora’s sole obligation can be reconciled with separate language promising an opportunity to repay the arrearage; that is a different contractual conflict.
814FSupp2d930_workout_agreement__c031__t2_1,814FSupp2d930_workout_agreement,c031,814 F.Supp.2d 930,Attachment A a.1 Stipulated Payments,2.2,model,2,0.5,"The First Plan payment is due ""on or before 11/18/2009,"" but the effectiveness condition in Attachment A requires Lender to receive that payment by the Agreement Return Date of 11/15/2009, and the cover letter demands it by 11/15/2009. A payment made on the date this provision allows would fail the condition another provision imposes.",,,,,0.0,True,The proposed issue turns on “on or before 11/18/2009” and its conflict with the 11/15/2009 Agreement Return Date and cover-letter deadline. Candidate g1 turns on “[f]or the purposes of repayment of the Arrearage” and its conflict with Attachment A’s statement that the payments “will be insufficient to pay the Arrearage.”,,The proposed issue identifies a conflict between the First Plan payment deadline and separate effectiveness/cover-letter deadlines. Candidate g1 instead identifies a contradiction between the stated purpose of repaying the arrearage and the disclosure that the plan payments would be insufficient to do so; these are different defects.
814FSupp2d930_workout_agreement__c041__t2_1,814FSupp2d930_workout_agreement,c041,814 F.Supp.2d 930,Attachment A b Plan Payment Insufficiency,2.2,model,2,0.33,"The statement that the aggregate Plan payments will be insufficient and the account will remain delinquent conflicts with the recital that Lender agreed to allow Customer ""to repay the Arrearage pursuant to a loan work-out arrangement"" and with paragraph 4's reference to full reinstatement. A court would have to decide what the plan was for if it could never cure the default.",g1,814FSupp2d930_workout_agreement__c041__i1,The statement that the “aggregate Plan payment will be insufficient to pay the Arrearage” supported Aurora’s denial of any repayment obligation but created whole-contract tension with the recital and payment-purpose clause stating that the arrangement was for repayment of the arrearage.,2.2,0.9,True,"The proposed issue concerns “aggregate Plan payment will be insufficient to pay the Arrearage” and “Customer's account will remain delinquent,” as conflicting with the recital’s promise to allow repayment and paragraph 4’s full-reinstatement language. Candidate g1 concerns the same insufficiency sentence, specifically its conflict with the repayment recital and the separate clause stating that the Plan’s purpose was repayment of the arrearage.","Although it is true that Attachment A discloses that the “aggregate Plan payment will be insufficient to pay the Arrearage,” Aurora never reconciles this provision with the recital that Aurora “has agreed to allow Customer to repay the Arrearage pursuant to a loan work-out arrangement^]” Nor does Aurora explain the first clause in the Attachment, which specifies that the payment plan is being implemented “[f]or the purposes of repayment of the Arrearage^]”","Both identify the contradiction between Attachment A’s statement that the Plan payments cannot cure the arrearage and the agreement’s language presenting the workout as a means of repaying that arrearage. The proposed issue additionally invokes continued delinquency and paragraph 4’s reinstatement language, while g1 emphasizes the recital and payment-purpose clause, but these are closely overlapping formulations of the same defect."
817FSupp2d1357_settlement_and_release_agreement__c009__t1_1,817FSupp2d1357_settlement_and_release_agreement,c009,817 F.Supp.2d 1357,4. Entire agreement,1.1,westlaw,1,0.28,"The final clause is garbled beyond sense (""the terms of this reement ae conzartunl an not 8 mere rsa""), so the words meant to declare the terms contractual and not a mere recital cannot be read. That mechanical corruption of the integration clause's operative language is itself a matter for construction.",,,,,0.0,True,"The proposed issue concerns the garbled final clause, “the terms of this reement ae conzartunl an not 8 mere rsa.” Candidate g1 concerns “no promise or inducement or agreement not herein expressed” and “this Release contains the entire agreement,” specifically whether those words constitute a merger clause despite omitting conventional merger terminology.",,"The proposed issue alleges mechanical corruption that makes the final clause unreadable. Candidate g1 instead concerns whether the preceding complete-agreement language functions as a merger clause excluding prior oral agreements, so it names a different defect."
817FSupp2d1357_settlement_and_release_agreement__c016__t1_1,817FSupp2d1357_settlement_and_release_agreement,c016,817 F.Supp.2d 1357,Confidentiality and non-use,1.1,westlaw,1,0.18,"Confidentiality is owed to every ""person not party or privy to this settlement,"" and ""privy"" is undefined, while the added bar on terms being ""used to the detriment of the Parties"" has no stated measure of detriment. Both terms would need construction before any breach could be found.",,,,,0.0,True,"The proposed issue turns on “person not party or privy to this settlement,” particularly undefined “privy,” and on “used to the detriment of the Parties,” particularly the absence of a measure of detriment. Candidate g1 instead turns on “the terms of this Release and the terms of the settlement of this claim” and whether that phrase covers only written contractual provisions or also oral conditions and the underlying actions’ facts and existence.",,"The proposed issue challenges uncertainty in who is “privy” and what constitutes “detriment,” whereas g1 concerns what information is encompassed by “the terms of this Release and the terms of the settlement of this claim.” These are distinct alleged defects involving different words."
874FSupp2d328_insurance_and_indemnity_agreement__c117__t2_1,874FSupp2d328_insurance_and_indemnity_agreement,c117,874 F.Supp.2d 328,3.01(c) Representations and Warranties,1.1,model,2,0.12,"The condition covers representations ""set forth or incorporated by reference in this Insurance Agreement"", which by Section 2.01(n) means every representation in every Operative Document, without any materiality qualifier. How far the incorporation reaches for purposes of this closing condition is not stated here.",,,,,0.0,True,"The proposed issue turns on “set forth or incorporated by reference in this Insurance Agreement,” including the alleged cross-reference through Section 2.01(n), and the silence about the reach of that incorporation and any materiality limitation. Candidate g1 turns on “shall be true and correct on and as of the Closing Date” and the consequences and proof of a material breach of that requirement, particularly increased risk of loss versus causation of a HELOC default.",,The proposed issue concerns uncertainty over which representations are incorporated into the closing condition and thus must be true. Candidate g1 instead concerns how material breach of that condition may be proved—by increased risk of loss without showing that the breach caused a HELOC default—so it identifies a different defect.
874FSupp2d328_mortgage_loan_purchase_agreement__c121__t1_1,874FSupp2d328_mortgage_loan_purchase_agreement,c121,874 F.Supp.2d 328,7. Breach notice and remedies,"1.1,2.2",model,1,0.58,"The trigger states two different thresholds in one sentence: a breach ""which materially and adversely affects the value of the interests of the Purchaser, the Noteholders, the Indenture Trustee or the Note Insurer ... or which adversely affects the interests of the Note Insurer."" Whether the Note Insurer must show materiality at all, having been named in both limbs, is squarely presented by the words.",,,,,0.0,True,"The proposed issue turns on the contrast between “materially and adversely affects the value of the interests of ... the Note Insurer” and “or which adversely affects the interests of the Note Insurer.” g1 turns on the meaning of “adversely affects the interests of the Note Insurer”—increased risk versus actual harm through default—while g2 turns on the provision’s silence about any requirement that a breach cause default, considered against the I&I and SSA provisions.",,"Neither candidate addresses whether the Note Insurer must satisfy materiality because it appears in both trigger limbs. Both instead concern whether an adverse effect requires an actual loan default or existing harm, so they identify a different defect."
874FSupp2d328_mortgage_loan_purchase_agreement__c121__t2_1,874FSupp2d328_mortgage_loan_purchase_agreement,c121,874 F.Supp.2d 328,7. Breach notice and remedies,"1.1,2.2",model,2,0.48,"Cure, repurchase or substitution is made ""the sole and exclusive remedy,"" yet Section 2.02(n) of the Insurance and Indemnity Agreement independently obliges the Sponsor to defend and indemnify the Insurer against all losses arising from the same breach of this Section 7. Whether the sole-remedy clause caps the Insurer's recovery under the Insurance Agreement is the central relational question of this transaction.",,,,,0.0,True,"The proposed issue turns on “sole and exclusive remedy under this Agreement or otherwise,” its Section 13 indemnity exception, and their relationship to I&I § 2.02(n). Candidate g1 turns on “adversely affects the interests of the Note Insurer”; candidate g2 turns on Section 7’s silence about any requirement that a breach cause a HELOC default, considered alongside the I&I Event-of-Default and SSA repurchase provisions.",,"The proposed issue concerns whether Section 7’s sole-and-exclusive-remedy sentence limits a separate I&I indemnity obligation. Neither candidate records that defect: g1 construes the adverse-effect trigger, while g2 addresses whether Section 7 silently requires a loan default before repurchase remedies become available."
874FSupp2d328_sale_and_servicing_agreement__c021__t1_1,874FSupp2d328_sale_and_servicing_agreement,c021,874 F.Supp.2d 328,Section 2.05(a). Opinion for substitutions and repurchases,2.2,model,1,0.28,"The Opinion of Counsel condition applies only to a HELOC ""that is not in default or as to which default is not reasonably foreseeable"", and neither ""default"" nor ""reasonably foreseeable"" is given any measure here. Whether a given delinquent HELOC falls inside or outside the condition is therefore contestable.",,,,,0.0,True,"The proposed issue turns on the undefined words “default” and “reasonably foreseeable” in “not in default or as to which default is not reasonably foreseeable.” Candidate g1 turns on the same conditional sentence, but specifically on its recognition of repurchase or substitution for a HELOC that is not yet in default, rather than on uncertainty over what counts as default or reasonable foreseeability.",,"Although both concern the nondefault language, they identify different issues. The proposed issue alleges uncertainty in deciding whether a delinquent HELOC is in default or foreseeably headed for default, while g1 construes the provision as confirming that repurchase may occur before any loan default; it does not identify ambiguity in those thresholds."
88FSupp3d1156_product_contamination_insurance_policy__c066__t1_1,88FSupp3d1156_product_contamination_insurance_policy,c066,88 F.Supp.3d 1156,5.14 Choice of Law and Forum,"1.1,2.2",model,1,0.16,"The condition is numbered 5.14, the same number carried later by the Self-Insured Retention condition, so the cross-reference in Condition 5.7 to ""Condition 5.14"" is ambiguous. The duplication is on the face of the numbering.",,,,,0.0,True,"The proposed issue turns on the heading number “5.14,” its duplication for the Self-Insured Retention condition, and Condition 5.7’s cross-reference to “Condition 5.14.” Candidate g1 concerns “all claims and disputes will be litigated” and whether it unambiguously selects New York; g2 concerns that New York forum requirement’s conflict with the Service of Suit Endorsement permitting the insured to choose a court.",,"Neither candidate addresses the duplicated condition number or the resulting ambiguity in Condition 5.7’s cross-reference. The candidates instead concern the substantive forum-selection language, either standing alone or in conflict with the Service of Suit Endorsement."
88FSupp3d1156_product_contamination_insurance_policy__c066__t2_1,88FSupp3d1156_product_contamination_insurance_policy,c066,88 F.Supp.3d 1156,5.14 Choice of Law and Forum,"1.1,2.2",model,2,0.6,"This condition requires that ""all claims and disputes will be litigated in the Supreme Court of the State of New York ... or in the U.S. District Court for the Southern District of New York,"" which cannot be squared with the Service of Suit endorsement, under which the Insurer agrees at the Insured's request to submit to the jurisdiction of any court of competent jurisdiction within the United States. Which controls the forum for a California insured is the plain point of conflict.",g2,88FSupp3d1156_product_contamination_insurance_policy__c066__i2,"The New York forum requirement was in whole-contract tension with the Service of Suit Endorsement’s promise to submit to a court chosen by the insured, requiring the court to determine whether the endorsement modified the original forum-selection clause.",2.2,0.99,True,"The proposed issue concerns “all claims and disputes will be litigated” in the specified New York courts as conflicting with the Service of Suit Endorsement’s submission to any competent U.S. court. Candidate g1 concerns only whether the New York designation is ambiguous in isolation, while g2 concerns that exact conflict and whether the endorsement modifies the New York forum requirement.","Accordingly, the Court finds that upon interpreting the Policy as a whole, the Service of Suit Endorsement modified the forum selection clause so that the plain language of the Policy unambiguously permits Plaintiff to bring suit in a forum of its choosing.","The proposed issue and g2 identify the same conflict between the mandatory New York forum language and the endorsement allowing the insured to choose any competent U.S. court. Both ask which provision controls, so g2 is a direct match."
88FSupp3d1156_product_contamination_insurance_policy__c108__t1_1,88FSupp3d1156_product_contamination_insurance_policy,c108,88 F.Supp.3d 1156,Service of Suit,"1.1,2.2",model,1,0.34,"The clause submits to the Insured's chosen court and then reserves the Insurer's rights ""to remove an action ... or to seek a transfer of a case to another court,"" so it is ambiguous whether it confers a forum choice at all or merely waives objections to personal jurisdiction. The two sentences point in opposite directions.",g2,88FSupp3d1156_product_contamination_insurance_policy__c108__i2,The reservation of Starr’s right “to seek a transfer” was susceptible to competing facial readings—whether it curtailed TriUnion’s initial forum choice or merely preserved Starr’s right to request transfer after suit was filed.,1.1,0.94,True,The proposed issue concerns the interaction between “at your request will submit to the jurisdiction” and the reservation “to remove an action” or “to seek a transfer.” g1 concerns the meaning of the submission promise alone; g2 concerns whether the transfer reservation curtails that initial choice or only applies after filing; g3 concerns the Service of Suit language’s conflict with the separate New York forum-selection clause.,"Here, the additional clause cited by Defendant does exactly that — it simply reserves Defendant’s right to seek removal or transfer of a case to a different forum after Plaintiff files suit in its chosen forum. It does not, however, alter or change Plaintiffs ability to choose the forum in the first place.","The proposed issue and g2 identify the same apparent conflict between the insured’s initial forum choice and the insurer’s reserved removal or transfer rights. The proposed issue is slightly broader because it includes removal and characterizes the alternative as merely consenting to personal jurisdiction, while g2 focuses on transfer and its timing."
88FSupp3d1156_product_contamination_insurance_policy__c108__t2_1,88FSupp3d1156_product_contamination_insurance_policy,c108,88 F.Supp.3d 1156,Service of Suit,"1.1,2.2",model,2,0.62,"The Insurer's agreement to ""submit to the jurisdiction of a court of competent jurisdiction within the United States"" at the Insured's request cannot be squared with Condition 5.10, which requires that all claims and disputes be litigated in the New York Supreme Court for New York County or the Southern District of New York. Whether the endorsement supersedes or merely supplements the forum clause is the central relational question.",g3,88FSupp3d1156_product_contamination_insurance_policy__c108__i3,"The Service of Suit promise was in whole-contract tension with the original New York forum-selection clause, requiring the court to decide whether the endorsement modified that clause to permit suit in TriUnion’s chosen forum.",2.2,0.99,True,The proposed issue concerns “at your request will submit to the jurisdiction of a court of competent jurisdiction within the United States” in conflict with Condition 5.10’s New York forum requirement. Candidate g1 concerns the meaning of that submission phrase by itself; g2 concerns the reservation “to seek a transfer”; and g3 concerns the same submission phrase in relation to the original New York forum-selection clause and whether the endorsement modified that clause.,"Accordingly, the Court finds that upon interpreting the Policy as a whole, the Service of Suit Endorsement modified the forum selection clause so that the plain language of the Policy unambiguously permits Plaintiff to bring suit in a forum of its choosing.","The proposed issue and g3 identify the same conflict between the Service of Suit promise allowing the insured to select a competent U.S. court and the original clause designating New York, and both ask whether the endorsement changed the original forum restriction. Their formulations differ only slightly: the proposal says “supersedes or merely supplements,” while g3 says “modified.”"
88FSupp3d1156_product_contamination_insurance_policy__c110__t2_1,88FSupp3d1156_product_contamination_insurance_policy,c110,88 F.Supp.3d 1156,Service Endorsement Other Terms Unchanged,2.2,model,2,0.27,"""All other terms and conditions of this Policy remain unchanged"" would preserve Condition 5.10's New York forum clause, which the body of this same Service of Suit endorsement contradicts. Which sentence yields — the saving clause or the undertaking above it — is exactly what a court would be asked to decide.",g1,88FSupp3d1156_product_contamination_insurance_policy__c110__i1,The statement that “[a]ll other terms and conditions” remained unchanged posed a whole-contract coherence question over whether the preceding Service of Suit terms changed the original forum-selection clause or left it intact.,2.2,0.98,True,"The proposed issue concerns “All other terms and conditions of this Policy remain unchanged,” especially “other” and “remain unchanged,” in relation to the preceding Service of Suit undertaking and Condition 5.10’s New York forum clause. Candidate g1 concerns the same saving-clause words and the same question whether the preceding endorsement terms changed that forum-selection clause or left it intact.","On the same page and immediately following the Service of Suit provision discussed above, the Endorsement further states: “All other terms and conditions of this Policy remain unchanged.” By specifying that “other terms and conditions ... remain unchanged,” the Endorsement further demonstrates that the terms and conditions listed directly above — including “we, at your request will submit to the jurisdiction of a court of competent jurisdiction within the United States” — in fact changed the original insurance agreement.","Both identify the same interpretive defect: whether the saving clause leaves the original New York forum-selection clause intact despite the preceding Service of Suit undertaking, or instead confirms that the undertaking modified it. The candidate frames this as whole-contract coherence, but it is the same conflict over which terms remain unchanged."
88FSupp3d27_e_mployment_b_inding__c006__t2_1,88FSupp3d27_e_mployment_b_inding,c006,88 F.Supp.3d 27,1. Final and Binding Arbitration,1.3,model,2,0.32,"Paragraph 1 commits ""any controversy or claim arising out of or relating to your employment relationship"" to binding arbitration, which cannot be reconciled with the Claims Not Covered clause (c008) excluding workers' compensation, unemployment, NLRA, EEOC, equitable-relief and benefit-plan claims. A court would have to decide how far ""any"" is cut back by that exclusion list.",,,,,0.0,True,"The proposed issue turns on “any controversy or claim” and its asserted conflict with the separate Claims Not Covered clause’s express exclusions. Candidate g1 turns on the same broad introductory phrase but alleges a different problem: the silence created by not expressly naming RICRA, FEPA, and CRPDA despite general references to discrimination and state-law claims.",,"The proposed issue concerns how an express exclusion clause limits the word “any,” whereas g1 concerns whether unlisted statutory claims nevertheless fall within the provision’s general inclusive language. Those are distinct defects involving different contractual text, even though both address claim scope."
88FSupp3d27_e_mployment_b_inding__c007__t1_1,88FSupp3d27_e_mployment_b_inding,c007,88 F.Supp.3d 27,a. Claims Covered,1.3,model,1,0.3,"The covered-claims list is introduced by ""Includes, but is not limited to"" and closed by the catch-all ""claims for violation of any federal, state, or other governmental law,"" so the enumerated specifics give no boundary to the class. The internal qualifier ""tort claims (not otherwise exluded)"" compounds this by referring outward without identifying what is excluded.",g1,88FSupp3d27_e_mployment_b_inding__c007__i1,"The combination of “including but not limited to” enumerated discrimination claims and the catch-all covering violations of “any ... state ... statute” presented a general-versus-specific/list-scope question whether the unenumerated RICRA, FEPA, and CRPDA claims were covered.",1.3,0.74,True,"The proposed issue turns on “Includes, but is not limited to,” the catch-all “claims for violation of any federal, state, or other governmental law,” and separately “tort claims (not otherwise exluded).” Candidate g1 turns on the first two features plus the provision’s silence as to RICRA, FEPA, and CRPDA; it does not address the tort-claim exclusion cross-reference.","“A party cannot avoid arbitration ... because the arbitration clause uses general, inclusive language, rather than listing every possible specific claim.”","Both identify the list-scope problem created by general inclusive language and the catch-all: whether claims omitted from the enumeration remain covered. Alignment is partial because g1 focuses specifically on omitted RICRA, FEPA, and CRPDA claims, while the proposed issue makes a broader boundarylessness complaint and adds a separate concern about the unidentified exclusions for tort claims."
88FSupp3d27_e_mployment_b_inding__c007__t2_1,88FSupp3d27_e_mployment_b_inding,c007,88 F.Supp.3d 27,a. Claims Covered,1.3,model,2,0.35,"This clause expressly covers ""violations of confidentiality or breaches of trade secrets,"" but c008 carves out claims for injunctive or equitable relief ""including without limitation claims for unfair competition and the use or unauthorized disclosure of trade secrets or confidential information."" The same trade-secret claim is thus both covered and not covered.",,,,,0.0,True,"The proposed issue turns on “violations of confidentiality or breaches of trade secrets” and its alleged conflict with c008’s carve-out for equitable relief involving trade secrets or confidential information. Candidate g1 turns on the discrimination list introduced by “including but not limited to,” the catch-all “any ... state ... statute,” and the omission of the names RICRA, FEPA, and CRPDA.",,"The proposed issue alleges an internal conflict between coverage of trade-secret/confidentiality claims and a separate equitable-relief carve-out. Candidate g1 instead concerns whether general discrimination and state-statute language covers claims under statutes not expressly named, so it identifies a different defect."
88FSupp3d27_e_mployment_b_inding__c008__t1_1,88FSupp3d27_e_mployment_b_inding,c008,88 F.Supp.3d 27,b. Claims Not Covered,1.1,model,1,0.4,"The equitable-relief carve-out opens mutually (""A claim by you or us for injunctive or other equitable relief"") but closes unilaterally (""for which we may seek and obtain relief from a court of competent jurisdiction""), so it is unclear whether the employee too may go to court. The surrounding list markers are also garbled (""L"", ""Iv."", ""_A claim""), leaving the enumeration's structure uncertain.",,,,,0.0,True,"The proposed issue turns on the contrast between “A claim by you or us” and “for which we may seek and obtain relief,” plus the list markers “L”, “Iv.”, and “_A claim.” Candidate g1 turns on whether “[a] claim before the Equal Employment Opportunity Commission” remains excluded after Commission proceedings terminate, while g2 turns on whether “[a] claim ... for injunctive or other equitable relief” excludes a whole mixed-remedy action or only its equitable-relief component.",,"Neither candidate records the proposed defect. Although g2 concerns the same equitable-relief carve-out, it addresses the division of mixed legal and equitable remedies between arbitration and court, not the pronoun mismatch allegedly making court access unilateral; neither candidate addresses the garbled enumeration."
88FSupp3d27_e_mployment_b_inding__c008__t2_1,88FSupp3d27_e_mployment_b_inding,c008,88 F.Supp.3d 27,b. Claims Not Covered,1.1,model,2,0.28,"The exclusion of ""a claim before the Equal Employment Opportunity Commission (or agency with concurrent jurisdiction)"" cannot be squared with c007, which commits discrimination claims and ""any claim that could be asserted ... before an administrative agency"" to arbitration. A court would be asked which governs a statutory discrimination claim.",g1,88FSupp3d27_e_mployment_b_inding__c008__i1,The lexical scope of “[a] claim before the Equal Employment Opportunity Commission (or agency with concurrent jurisdiction)” was disputed as to whether the exclusion continued after a right-to-sue letter terminated Commission proceedings or applied only while the claim remained before the Commission.,1.1,0.68,True,The proposed issue turns on “[a] claim before the Equal Employment Opportunity Commission (or agency with concurrent jurisdiction)” together with c007’s coverage of discrimination claims and claims assertable before an administrative agency. g1 turns specifically on the word “before” and whether that exclusion survives a right-to-sue letter; g2 instead concerns “[a] claim ... for injunctive or other equitable relief” and mixed remedies.,"Once Plaintiff received his right to sue letter, his claim before the Commission was voluntarily terminated, therefore Plaintiffs claim was no longer before the Commission.","Both identify uncertainty over whether an EEOC-filed discrimination claim is excluded from arbitration. The proposed issue frames this broadly as a conflict with c007’s arbitration coverage, while g1 identifies the narrower temporal question that resolves the overlap: whether the claim remains excluded after EEOC proceedings terminate."
894F3d509_delaware_river_basin_compact__c038__t1_1,894F3d509_delaware_river_basin_compact,c038,894 F.3d 509,Section 3.8 Referral and Review,1.1,westlaw,1,0.85,"""No project having a substantial effect on the water resources of the basin"" turns approval jurisdiction on an undefined threshold — ""substantial effect"" — with no measure supplied here or in Article 13. The same is true of the approval test, ""substantially impair or conflict with the comprehensive plan.""",,,,,0.0,True,"The proposed issue concerns “substantial effect” in the jurisdictional sentence and “substantially impair or conflict” in the approval standard, alleging that neither threshold has a supplied measure. Candidate g1 concerns the term “project” and which activities that noun encompasses for purposes of prior approval.",,"The proposed issue alleges undefined thresholds for substantial effects and substantial impairment or conflict. The candidate instead records ambiguity in the meaning and scope of “project,” so it concerns different words and a different specific defect."
894F3d509_delaware_river_basin_compact__c038__t2_1,894F3d509_delaware_river_basin_compact,c038,894 F.3d 509,Section 3.8 Referral and Review,1.1,westlaw,2,0.48,"Section 3.8 subjects projects undertaken ""by any person, corporation or governmental authority"" to review, but Section 1.2(g) defines ""project"" by reference to work ""separately planned, financed, or identified by the commission."" Whether private undertakings the commission never identified are within Section 3.8 is only resolvable by reading the two together.",g1,894F3d509_delaware_river_basin_compact__c038__i1,The term “project” in Section 3.8 was lexically ambiguous between Wayne’s and the Commission’s competing interpretations of which activities require prior Commission approval.,1.1,0.9,True,"The proposed issue concerns “project” and “by any person, corporation or governmental authority” in Section 3.8, read with Section 1.2(g)’s “separately planned, financed, or identified by the commission.” Candidate g1 concerns the same term, “project” in Section 3.8, and its disputed coverage of activities requiring prior approval.","I agree with my colleagues that the term ""project,"" as used in Section 3.8 of the Delaware River Basin Compact, is ambiguous, and that the matter should be remanded to the District Court for fact-finding respecting the Compact drafters' intent.",Both identify ambiguity in the scope of “project” and therefore which activities require prior Commission approval. The proposed issue specifies the ambiguity’s source—the interaction with Section 1.2(g) and whether the Commission must have identified a private undertaking—while g1 describes the competing interpretations more broadly.
940FSupp2d123_the_agreement__c073__t2_1,940FSupp2d123_the_agreement,c073,940 F.Supp.2d 123,7.02(a). Album Royalty,"1.1,2.2",model,2,0.36,"The eleven-percent rate applies to Albums ""sold by PRI for distribution through Normal Retail Channels in the United States,"" but paragraph 7.06(a) accrues fifty percent of net receipts on licenses of the Master Recordings to third parties. Which provision governs a given exploitation — a sale through a distributor or a license to a third party — is the contest the two provisions set up.",g2,940FSupp2d123_the_agreement__c073__i2,"The lower-rate treatment of sales through “Normal Retail Channels” had to be read against § 7.06(a)(ii)’s higher rate for unique and potentially less traceable distribution methods, which confirmed that retail digital downloads belonged in the former category.",2.2,0.78,True,"The proposed issue concerns the entire limitation “sold by PRI for distribution through Normal Retail Channels in the United States” and its asserted conflict or boundary with § 7.06(a)’s third-party-license language. Candidate g1 concerns specifically the meaning of “Normal Retail Channels” as applied to iTunes-like downloads, while g2 concerns that phrase and lower-rate sentence read against § 7.06(a)(ii)’s higher-rate distribution categories.","Applying the 8-15% royalty rate contained in §§ 7.01-7.03 to retail sales of digital downloads, rather than the 50% rate contained in § 7.06(a)(ii), also accords with the structure of the Agreement: For sales to consumers through normal retail channels that are reliably and readily measured, the contract provides for a lower rate; by contrast, as to the unique and, at least potentially, less traceable methods of distribution to consumers listed in § 7.06(a)(ii), the artist, Malmsteen, is assigned a higher rate of compensation.","The proposed issue and g2 both concern the boundary between the lower royalty for normal-retail sales and § 7.06(a)(ii)’s higher royalty for other exploitations, although g2 resolves that boundary specifically for retail digital downloads. The choice was close because g1 addresses the same dispute through the meaning of “Normal Retail Channels,” but g2 more directly records the inter-provision rate contest identified by the proposed issue."
940FSupp2d123_the_agreement__c090__t1_1,940FSupp2d123_the_agreement,c090,940 F.Supp.2d 123,7.06(a). Net-Receipts Royalty,2.2,model,1,0.28,"The fifty-percent net-receipts rate is tied to enumerated categories closing with ""or by any combination of the methods set forth above or other methods"" and ""licenses of Master Recordings on a flat-fee basis,"" so whether a modern third-party distribution licence falls inside the list is a general-versus-specific question. The catch-all sits directly against the enumerated channels.",g1,940FSupp2d123_the_agreement__c090__i1,Malmsteen’s essentially limitless reading of the residual phrase “or other methods” was incoherent with the specifically enumerated distribution methods and the separate record-club subsection because it would render both superfluous.,2.2,0.88,True,"The proposed issue turns principally on “or by any combination of the methods set forth above or other methods” in relation to the enumerated distribution channels, while also mentioning “licenses of Master Recordings on a flat-fee basis.” Candidate g1 turns on the same residual phrase “or other methods” in relation to the specifically enumerated methods and the separate record-club subsection.","Here, interpreting ""or other methods"" as Malmsteen does — to be essentially limitless — would render superfluous both the specifically enumerated list in that section and the separate sub-section addressing the sale of Records through record clubs. See Agreement § 7.06(a)(iii).","Both identify the general-versus-specific problem created by reading “or other methods” broadly despite the specifically enumerated distribution methods. The proposed issue broadens the framing by mentioning flat-fee licenses and modern third-party distribution generally, while g1 focuses on digital downloads and the superfluity of the enumerated methods and record-club subsection."
940FSupp2d123_the_agreement__c090__t2_1,940FSupp2d123_the_agreement,c090,940 F.Supp.2d 123,7.06(a). Net-Receipts Royalty,2.2,model,2,0.31,"If an exploitation is a ""license of Master Recordings"" under 7.06(a) it pays fifty percent of net receipts, but if it is a ""Net Sale"" it pays the far lower percentage rates in 7.02 and 7.05; the same transaction can be characterised either way. The two royalty regimes cannot both apply and the contract does not say which prevails.",,,,,0.0,True,"The proposed issue turns on “licenses of Master Recordings,” the separate “Net Sale” provisions in §§ 7.02 and 7.05, and the contract’s silence about which royalty regime prevails when both classifications apply. Candidate g1 turns on the residual phrase “or other methods,” its relationship to the specifically enumerated distribution methods, and the separate record-club subsection.",,The proposed issue alleges an unresolved overlap between the 50% licensing royalty and the lower “Net Sale” royalty regimes. Candidate g1 instead concerns the breadth of “or other methods” within § 7.06(a)(ii) and whether an unlimited reading would nullify the enumerated methods and record-club provision; it is a different defect.
976FSupp2d606_employment_contract__c054__t1_1,976FSupp2d606_employment_contract,c054,976 F.Supp.2d 606,14.1 Termination for just cause,"1.1,2.2",model,1,0.45,"The provision lets the University ""at any time, with just cause, terminate this Contract or suspend the Employee with or without pay"" and thereby be ""relieved of all further obligations,"" but the operative term ""just cause"" is left to the definition in the following paragraph and to its ""normally understood meaning."" Whether conduct short of the enumerated grounds supports termination is the central question the words leave open.",,,,,0.0,True,"The proposed issue turns on “just cause,” its definition in the following paragraph, and whether it reaches conduct short of enumerated grounds. Candidate g1 concerns whether “all further obligations” includes obligations under a separate buyout agreement; g2 concerns the same phrase and paragraph 14.1’s omission of limiting language comparable to “hereunder” in paragraphs 14.4 and 14.10.",,"The proposed issue concerns what conduct qualifies as “just cause,” particularly conduct outside enumerated grounds. Both recorded defects instead concern the breadth of “all further obligations,” so neither names the same defect."
976FSupp2d606_employment_contract__c054__t2_1,976FSupp2d606_employment_contract,c054,976 F.Supp.2d 606,14.1 Termination for just cause,"1.1,2.2",model,2,0.32,"The relationship with provision 14.2 is unstated: if a purported just-cause termination is found unjustified, nothing says whether it converts into a unilateral termination without just cause carrying $750,000 per Contract Year in liquidated damages, or leaves the Employee to ordinary breach damages. The two termination routes are drafted as alternatives with no bridge between them.",,,,,0.0,True,"The proposed issue turns on the silence between provision 14.1’s “with just cause” termination route and provision 14.2’s unilateral without-cause route, specifically the absence of a rule for a termination wrongly asserted to be for cause. Candidate g1 concerns the scope of “all further obligations” as between contractual and separate obligations; g2 concerns that same phrase and the absence of limiting language such as “hereunder,” contrasted with provisions 14.4 and 14.10.",,"The proposed issue concerns the unstated consequence of an unsuccessful just-cause termination and whether provision 14.2 then applies. Both candidates instead concern the substantive scope of “all further obligations,” so neither records the same defect."
97FSupp3d548_mortgage_loan_purchase_agreement__c107__t2_1,97FSupp3d548_mortgage_loan_purchase_agreement,c107,97 F.Supp.3d 548,SECTION 10. Accredited backstop,2.2,westlaw,2,0.38,"The backstop is triggered by breach of ""a representation or warranty set forth in this Section 10 made by Accredited,"" but Accredited makes no representation in Section 10 — its warranties live in the Accredited Assignment, Assumption and Recognition Agreement, which Exhibit 8 does not reproduce (""Please See Tab #13""). What breach triggers MSMCH's obligation cannot be determined from the instrument.",g1,97FSupp3d548_mortgage_loan_purchase_agreement__c107__i1,"The phrase “a representation or warranty set forth in this Section 10 made by Accredited” created a whole-contract coherence problem because MSMC read it as imposing no backstop obligation where Section 10 contained no express Accredited warranties, while the Trustee read it as incorporating Exhibit 8’s warranties because otherwise the Accredited cure-or-repurchase procedure would be a nullity.",2.2,0.93,True,"The proposed issue turns on “a representation or warranty set forth in this Section 10 made by Accredited,” Section 10’s silence as to any such warranties, and the reference to the Accredited Assignment, Assumption and Recognition Agreement in Exhibit 8. Candidate g1 concerns precisely that phrase and silence, asking whether the Exhibit 8 warranties are incorporated despite not being expressly set forth in Section 10.","MSMC argues that, because there are no explicit “representation[s] or warrantees] set forth in ... Section 10 made by Accredited with respect to an Accredited Mortgage Loan,” the language of the provision does not obligate MSMC to honor Accredited’s cure or repurchase obligations.
In response, Plaintiff asserts that the paragraph incorporates Accredited’s representations and warranties (set forth in exhibit 8 to the MLPA) by reference, and imposes upon MSMC the affirmative obligation to cure or repurchase defective Accredited loans.","Both identify the same drafting defect: the trigger refers to Accredited representations or warranties “set forth in this Section 10,” although Section 10 contains none, creating uncertainty over whether Exhibit 8’s warranties are incorporated. The proposed issue adds that the filed Exhibit 8 is not reproduced, but that additional fact does not change the core defect."
982FSupp2d518_2003_mta__c002__t1_1,982FSupp2d518_2003_mta,c002,982 F.Supp.2d 518,1. Material and intellectual property rights,1.1,westlaw,1,0.38,"""Material"" is defined to include ""any progeny, portions, unmodified derivatives and any accompanying know-how or data,"" but paragraph 3 authorizes the Recipient to create a modified lentiviral construct from it, so whether that construct and its progeny are themselves ""Material"" is unresolved by the definition. The ambiguity is in the words ""unmodified derivatives"" and ""know-how or data"" as against what the Recipient was licensed to make.",g1,982FSupp2d518_2003_mta__c002__i1,"The definition’s phrase “progeny, portions, unmodified derivatives and any accompanying know-how or data” was facially ambiguous as to whether a near-exact copy modified for a lentiviral vector was a “portion” of the Campana Construct or an excluded modified derivative requiring no physical part of the transferred construct.",1.1,0.91,True,"The proposed issue turns on “progeny, portions, unmodified derivatives and any accompanying know-how or data” in the definition of “Material,” read against paragraph three’s authorization to make a modified lentiviral construct. Candidate g1 concerns that same phrase and cross-reference, focusing on whether the resulting near-copy is a “portion” or instead an excluded modified derivative.","According to Penn, the phrase “progeny, portions, unmodified derivatives and any accompanying know-how or data” does not encompass the June Construct because the June Construct is a “modified derivative,” or “a substance created from all or part of another, but ... requir[ing] a change relative to the original substance during the creation process”, Penn Resp. in Opp. at 16. Penn contrasts this with an unmodified derivative, which the agreement specifically includes and which Penn describes as “a substance that can be formed directly from another without a change to the original substance”.","Both identify uncertainty over whether the lentiviral construct produced from the transferred construct falls within “Material,” particularly as a “portion” or “unmodified derivative,” despite being modified as contemplated by paragraph three. The candidate is slightly more specific about the competing “portion” theory and the requirement of a physical part, while the proposed issue additionally mentions the modified construct’s progeny."
982FSupp2d518_2003_mta__c009__t1_1,982FSupp2d518_2003_mta,c009,982 F.Supp.2d 518,8. Commercialization and inventions,1.1,westlaw,1,0.32,"The paragraph carries a garbled handwritten interlineation about inventorship ""according to US patent law"" and a mistyped grant of a ""raw-exclusive"" (non-exclusive) license, so both the ownership rule and the scope of St. Jude's license are uncertain on the face of the text. Whether the manuscript addition is part of the bargain at all is itself in doubt.",,,,,0.0,True,"The proposed issue turns on the garbled handwritten inventorship language, including “according to US patent law,” and on “raw-exclusive” in the license sentence. Candidate g1 turns on “product that contains Material,” particularly “contains Material” and whether that language includes copied and modified sequences or only a physical part of the transferred construct.",,"The proposed issue concerns the uncertain status and meaning of the garbled inventorship interlineation and the mistyped “raw-exclusive” license grant. Candidate g1 instead records ambiguity over whether “product that contains Material” reaches a modified sequence rather than a physical portion of the transferred construct, so it is a different defect."
982FSupp2d518_2003_mta__c009__t2_1,982FSupp2d518_2003_mta,c009,982 F.Supp.2d 518,8. Commercialization and inventions,1.1,westlaw,2,0.39,"Permitting the Recipient to commercialize with prior written approval and to patent inventions made through use of the Material conflicts with paragraph 4's absolute ""will not be used for any commercial purpose"" and with paragraph 1's statement that no express or implied licenses or other rights are provided. The three cannot all be given full effect.",,,,,0.0,True,"The proposed issue turns on “shall not commercialize ... without the prior written approval,” “free to file patent application(s),” and their alleged conflicts with paragraph 4’s absolute commercial-use prohibition and paragraph 1’s no-rights language. Candidate g1 turns on “product that contains Material,” particularly whether “contains Material” includes a copied and modified sequence or requires a physical portion of the transferred construct.",,"The proposed issue alleges irreconcilable conflicts between paragraph 8’s permission-based commercialization and patent language and paragraphs 4 and 1. Candidate g1 instead concerns whether “product that contains Material” reaches a modified or copied sequence lacking a physical part of the transferred construct, so it identifies a different defect."
982FSupp2d518_2007_mta__c003__t1_1,982FSupp2d518_2007_mta,c003,982 F.Supp.2d 518,1. Definition of Materials,1.1,westlaw,1,0.42,"The Materials are identified as the ""anti-CD19-138 chimeric receptor construct,"" a garbled designation that does not match the ""anti-CD19-BB-ζ chimeric T-cell receptor construct"" named in the parties' 2003 Collaboration and Materials Transfer Agreement. The identity of what was actually transferred under this 2007 letter is therefore uncertain on the face of the definition.",,,,,0.0,True,"The proposed issue turns on “anti-CD19-138; chimeric receptor construct” and its asserted conflict with “anti-CD19-BB-ζ chimeric T-cell receptor construct” in the 2003 agreement. Candidate g1 turns on “progeny, portions, unmodified derivatives and any accompanying know-how or data,” especially whether “portions” includes a near-copy and whether modified derivatives are excluded.",,"The proposed issue challenges the identity of the originally transferred construct because its designation appears garbled and conflicts with the designation in the 2003 agreement. Candidate g1 instead concerns whether a later lentiviral construct falls within the definition’s listed categories, particularly “portions” and “unmodified derivatives”; it does not address the apparent naming mismatch."
982FSupp2d518_2007_mta__c003__t2_1,982FSupp2d518_2007_mta,c003,982 F.Supp.2d 518,1. Definition of Materials,1.1,westlaw,2,0.3,"The definition sweeps in ""any progeny, portions, unmodified derivatives and any accompanying know-how or data"" but stops at ""unmodified"" derivatives, while Section 5 reaches products ""derived from the Materials"" or that ""could not have been produced but for"" them. Whether the lentiviral vector clone Recipient was authorized by Section 3 to make is itself a ""Material"" cannot be answered from the definition alone.",g1,982FSupp2d518_2007_mta__c003__i1,"The definition’s phrase “progeny, portions, unmodified derivatives and any accompanying know-how or data” was facially ambiguous as to whether a near-exact copy modified for a lentiviral vector was a “portion” of the Campana Construct or an excluded modified derivative requiring no physical part of the transferred construct.",1.1,0.93,True,"The proposed issue concerns “progeny, portions, unmodified derivatives,” especially the limitation “unmodified,” together with Section 3’s authorized lentiviral clone and Section 5’s broader “derived from” and but-for language. g1 concerns the same definitional phrase and asks whether the modified lentiviral construct is a “portion” or an excluded modified derivative.","According to Penn, the phrase “progeny, portions, unmodified derivatives and any accompanying know-how or data” does not encompass the June Construct because the June Construct is a “modified derivative,” or “a substance created from all or part of another, but ... requir[ing] a change relative to the original substance during the creation process”, Penn Resp. in Opp. at 16.","Both identify the ambiguity over whether the lentiviral construct falls within “Materials” as a “portion” despite being modified, or falls outside because the definition includes only “unmodified derivatives.” The proposed issue emphasizes the tension with Sections 3 and 5, while g1 states the competing interpretations more explicitly."
982FSupp2d518_2007_mta__c007__t1_1,982FSupp2d518_2007_mta,c007,982 F.Supp.2d 518,3. Permitted purpose,1.1,westlaw,1,0.55,"The ""sole purpose"" is stated as producing a GMP lentiviral vector clone ""in quantities sufficient to complete a Phase I clinical trial to be conducted at the Recipient's clinical facilities,"" leaving it ambiguous whether the permitted use is only manufacture of the clone or extends to conducting the trial itself, and what quantity is ""sufficient."" Neither ""Phase I clinical trial"" nor the point at which the purpose is exhausted is defined.",,,,,0.0,True,"The proposed issue turns on “sole purpose,” “to produce,” “in quantities sufficient to complete a Phase I clinical trial,” and “to be conducted at the Recipient's clinical facilities.” Candidate g1 turns on “a molecular lentiviral vector clone incorporating Materials,” particularly whether “incorporating Materials” makes the clone itself part of “Materials.”",,"The proposed issue concerns the scope and endpoint of the permitted purpose—whether it includes conducting the trial and how much production is sufficient. Candidate g1 instead concerns whether the resulting clone falls within the defined “Materials” or is a distinct modified product, so it identifies a different defect."
982FSupp2d518_2007_mta__c007__t2_1,982FSupp2d518_2007_mta,c007,982 F.Supp.2d 518,3. Permitted purpose,1.1,westlaw,2,0.3,"The single-purpose limitation cannot easily be squared with Section 5, which expressly contemplates that Recipient may file a patent application or commercialize a product derived from the Materials. If use is confined to the Phase I purpose, Section 5's commercialization machinery has nothing to operate on.",,,,,0.0,True,"The proposed issue turns on “provided for the sole purpose” and the specified Phase I clinical-trial purpose, read against Section 5’s patenting and commercialization provisions. Candidate g1 turns on “produce a molecular lentiviral vector clone incorporating Materials,” specifically whether that clone is itself “Materials” or a separate modified product.",,"The proposed issue alleges a conflict between the sole-purpose Phase I limitation and Section 5’s contemplated patenting or commercialization. Candidate g1 instead concerns whether a clone “incorporating Materials” falls within the defined “Materials” or is a distinct modified product, so it identifies a different defect despite the surrounding passage discussing Section 5."
982FSupp2d518_2007_mta__c012__t1_1,982FSupp2d518_2007_mta,c012,982 F.Supp.2d 518,5. Patent and commercialization notice,1.1,westlaw,1,0.38,"The obligation to ""contact St. Jude to determine ownership interests, if any"" prescribes no timing, no procedure and no consequence if the parties disagree, so it is unclear whether it is an enforceable covenant or an agreement to agree. ""[C]ommercializes a product"" and ""could not have been produced but for the use of the Materials"" are likewise undefined triggers.",g1,982FSupp2d518_2007_mta__c012__i1,"The alternatives “contains a portion of the Materials,” “is derived from the Materials,” and “could not have been produced but for” them were facially ambiguous in application to the June Construct, which copied and modified the sequence but contained no physical part of the construct St. Jude supplied.",1.1,0.56,True,"The proposed issue concerns the “contact St. Jude to determine ownership interests” sentence and its silence on timing, procedure, and disagreement, plus the triggers “commercializes a product” and “could not have been produced but for the use of the Materials.” Candidate g1 concerns the alternatives “contains a portion of the Materials,” “is derived from the Materials,” and “could not have been produced but for” their use, specifically whether they reach a copied and modified construct containing no physical part of the supplied construct.","the commercialization constraints in the 2003 MTA and 2007 MTA do not refer to products “incorporating Materials”, but those “con-tainting] materials” (2003 MTA) or “containing] a portion of the Materials, ... derived from the Materials, or which could not have been produced but for the use of the Materials.” (2007 MTA). Penn argues that the June Construct does not contain a “portion” of the materials because it does not contain “a physical part of the whole provided by St. Jude”, Penn Resp. in Opp. at 20, but instead contains a modified derivative.","Both identify uncertainty in the product-to-Materials trigger, particularly “could not have been produced but for the use of the Materials.” The match is partial because the proposed issue principally attacks the procedural silence in the “contact St. Jude” obligation and separately questions “commercializes,” whereas g1 concerns how all three Materials-related alternatives apply to the modified June Construct."
99FSupp3d585_asset_purchase_and_product__c094__t1_1,99FSupp3d585_asset_purchase_and_product,c094,99 F.Supp.3d 585,8.5(b)(iii) Transfer of Purchased Assets,1.1,westlaw,1,0.2,"The subsection speaks of Purchased Assets ""relating to such terminated Products,"" but paragraph (b) is triggered only by termination ""in whole"" under Section 8.2, so there is no antecedent set of terminated Products. Which assets must be transferred on a whole-agreement termination is left unstated.",,,,,0.0,True,The proposed issue turns on “Purchased Assets and Additional Records relating to such terminated Products” and its asserted lack of an antecedent set of terminated Products when termination is “in whole.” Candidate g1 instead turns on the absence of a transfer date or deadline after “shall transfer to Skold the Purchased Assets.”,,"The proposed issue concerns which Purchased Assets fall within the transfer obligation upon whole-agreement termination, whereas g1 concerns when the required transfer must occur. These are distinct defects despite arising from the same transfer command."
99FSupp3d585_asset_purchase_and_product__c100__t1_1,99FSupp3d585_asset_purchase_and_product,c100,99 F.Supp.3d 585,9.1 Dispute Resolution; Mediation,1.1,westlaw,1,0.35,"The clause declares the negotiation-and-mediation procedures ""the sole and exclusive means of resolving any and all Disputes"" immediately after providing that a Party may pursue ""any and all legal or equitable remedies"" if mediation fails. The exclusivity sentence and the remedies sentence cannot both be given full effect.",,,,,0.0,True,"The proposed issue turns on the interaction between “either Party may pursue any and all legal or equitable remedies” and “the procedures set forth in this paragraph shall be the sole and exclusive means of resolving any and all Disputes.” Candidate g1 turns on “either Party may, by written notice to the other, require” and whether that language mandates mediation before suit.",,"The proposed issue alleges an internal conflict between the post-mediation remedies sentence and the sole-and-exclusive-means sentence. Candidate g1 instead addresses whether “may ... require” makes mediation optional or a mandatory prerequisite to suit, so it is a different defect."
99FSupp3d585_asset_purchase_and_product__c109__t2_1,99FSupp3d585_asset_purchase_and_product,c109,99 F.Supp.3d 585,9.10 Governing Law,1.1,westlaw,2,0.2,"The submission to the exclusive jurisdiction of Pennsylvania courts sits against Section 9.1's statement that negotiation and mediation are ""the sole and exclusive means of resolving any and all Disputes."" Which provision governs access to the courts must be worked out between the two.",,,,,0.0,True,"The proposed issue turns on “exclusive jurisdiction of the state and federal courts located in the Commonwealth of Pennsylvania” as allegedly conflicting with Section 9.1’s statement that negotiation and mediation are the “sole and exclusive means” of resolving disputes. Candidate g1 turns on the scope of “any controversy arising hereunder,” specifically whether that phrase reaches noncontractual claims.",,"The proposed issue alleges a conflict between the forum-selection clause and Section 9.1’s exclusive negotiation-and-mediation requirement. Candidate g1 instead concerns whether the phrase “any controversy arising hereunder” encompasses noncontractual claims, so it identifies a different defect."
