contract_id,citation,clause_id,clause_name,label,taxonomy,taxonomy_provenance,gold,gold_type1,gold_type2,gold_subtype,pred,prob_type1,prob_type2,n_issues_type1,n_issues_type2,issues,ok
109FedCl1_agreement_for_purchase_and,109 Fed.Cl. 1,c001,Parties and defined terms,NEGATIVE,1.1,westlaw,not_risky,0,0,none,not_risky,0.0,0.0,0,0,[],1
109FedCl1_agreement_for_purchase_and,109 Fed.Cl. 1,c002,1. Purchase and Sale — Property,NEGATIVE,1.1,westlaw,not_risky,0,0,none,not_risky,0.0,0.0,0,0,[],1
109FedCl1_agreement_for_purchase_and,109 Fed.Cl. 1,c003,1. Purchase and Sale — Additional property rights,NEGATIVE,1.1,westlaw,not_risky,0,0,none,not_risky,0.0,0.0,0,0,[],1
109FedCl1_agreement_for_purchase_and,109 Fed.Cl. 1,c004,1. Purchase and Sale — Conveyance instruments,NEGATIVE,1.1,westlaw,not_risky,0,0,none,not_risky,0.0,0.0,0,0,[],1
109FedCl1_agreement_for_purchase_and,109 Fed.Cl. 1,c005,2. Purchase Price — Total price,NEGATIVE,1.1,westlaw,not_risky,0,0,none,not_risky,0.0,0.0,0,0,[],1
109FedCl1_agreement_for_purchase_and,109 Fed.Cl. 1,c006,2. Purchase Price — Closing payment,NEGATIVE,1.1,westlaw,not_risky,0,0,none,not_risky,0.0,0.0,0,0,[],1
109FedCl1_agreement_for_purchase_and,109 Fed.Cl. 1,c007,2. Purchase Price — Remaining balance payments,NEGATIVE,1.1,westlaw,not_risky,0,0,none,not_risky,0.0,0.0,0,0,[],1
109FedCl1_agreement_for_purchase_and,109 Fed.Cl. 1,c008,2. Purchase Price — Payment example and Outstanding Balance,NEGATIVE,1.1,westlaw,not_risky,0,0,none,risky_type1,1.0,0.0,1,0,"[{""issue"": ""Deferred Payment Lacks Cap on Duration. The deferred payment mechanism in Section 2   ties the Outstanding Balance repayment to 10% of annual TIF reimbursement received by Buyer. If TIF reimbursements are delayed, reduced, or never materialize, Buyer could owe the Outstanding Balance indefinitely with no outer time limit. From Buyer's perspective, there should be a maximum repayment period after which the Outstanding Balance is extinguished, and a clear statement that Buyer's obligation to pay is limited solely to TIF proceeds actually received."", ""type"": 0, ""prob"": 1.0, ""kind"": ""Important"", ""party"": ""buyer_united_states""}, {""issue"": ""Deferred Balance Lacks Payment Deadline. The deferred $1,000,000 \""Outstanding Balance\"" is payable solely from 10% of the Buyer's TIF reimbursement, with no outside date by which it must be fully paid  . If TIF funds are delayed, reduced, or never received, Seller has no guaranteed repayment timeline. This is a significant risk to Seller. Adding a hard maturity date protects Seller from indefinite non-payment."", ""type"": 0, ""prob"": 1.0, ""kind"": ""Important"", ""party"": ""seller_1200_sixth_street""}, {""issue"": ""The phrase “setoffs as described below” left open which deductions or setoffs could reduce the Outstanding Balance because no such setoffs were defined elsewhere in the Agreement."", ""type"": 1, ""prob"": 1.0, ""kind"": ""Important"", ""party"": ""seller_1200_sixth_street""}]",1
109FedCl1_agreement_for_purchase_and,109 Fed.Cl. 1,c009,2. Purchase Price — Interest,NEGATIVE,1.1,westlaw,not_risky,0,0,none,not_risky,0.0,0.0,0,0,[],1
109FedCl1_agreement_for_purchase_and,109 Fed.Cl. 1,c010,2. Purchase Price — Tax incremental reimbursement,NEGATIVE,1.1,westlaw,not_risky,0,0,none,not_risky,0.0,0.0,0,0,[],1
109FedCl1_agreement_for_purchase_and,109 Fed.Cl. 1,c011,3. Deed,NEGATIVE,1.1,westlaw,not_risky,0,0,none,not_risky,0.0,0.0,0,0,[],1
109FedCl1_agreement_for_purchase_and,109 Fed.Cl. 1,c012,4. Title — Title Commitment,NEGATIVE,1.1,westlaw,not_risky,0,0,none,risky_type1,1.0,0.0,1,0,"[{""issue"": ""The phrase “at Sellers sole cost and expanse” left open whether Seller’s title-insurance costs included extended coverage or additional endorsements elected or required by Buyer or its lender."", ""type"": 1, ""prob"": 1.0, ""kind"": ""Minor"", ""party"": ""seller_1200_sixth_street""}]",1
109FedCl1_agreement_for_purchase_and,109 Fed.Cl. 1,c013,4. Title — Removal of exceptions,NEGATIVE,1.1,westlaw,not_risky,0,0,none,not_risky,0.0,0.0,0,0,"[{""issue"": ""Short Cure Period for Title Defects. Section 4  gives Seller only ten (10) business days prior to Closing to cure unpermitted title exceptions. Given the complexity of this transaction — involving street vacations, plat approvals, and a contaminated site — this cure period may be too short. If Seller cannot cure, Buyer's only options are to terminate or accept the defects . Buyer should negotiate a longer cure period (e.g., 30 business days) and the right to extend the Closing Date accordingly."", ""type"": 0, ""prob"": 1.0, ""kind"": ""Notable"", ""party"": ""buyer_united_states""}, {""issue"": ""Seller's Title Cure Period May Be Insufficient. Section 4 gives Seller only ten (10) business days before Closing to cure unpermitted title exceptions . Depending on the nature of the exception (e.g., old liens, judgment liens, boundary disputes), ten business days may be insufficient to resolve the issue. This could force Buyer into a termination or waiver scenario. Seller should negotiate for at least thirty (30) business days or a reasonable extension right to cure title defects."", ""type"": 0, ""prob"": 1.0, ""kind"": ""Minor"", ""party"": ""seller_1200_sixth_street""}]",1
109FedCl1_agreement_for_purchase_and,109 Fed.Cl. 1,c014,4. Title — Buyer's election,NEGATIVE,1.1,westlaw,not_risky,0,0,none,not_risky,0.0,0.0,0,0,[],1
109FedCl1_agreement_for_purchase_and,109 Fed.Cl. 1,c015,4. Title — Owner's title policy,NEGATIVE,1.1,westlaw,not_risky,0,0,none,not_risky,0.0,0.0,0,0,[],1
109FedCl1_agreement_for_purchase_and,109 Fed.Cl. 1,c016,"5, Survey",NEGATIVE,1.1,westlaw,not_risky,0,0,none,not_risky,0.0,0.0,0,0,"[{""issue"": ""Outdated ALTA Survey Standards. Section 5  requires the survey to be prepared in accordance with \""2005 ALTA standards.\"" The current ALTA/NSPS survey standards were updated in 2021. Using outdated standards may result in an inadequate survey that fails to identify issues relevant to the transaction. The reference should be updated to the most current ALTA/NSPS standards."", ""type"": 0, ""prob"": 1.0, ""kind"": ""Notable"", ""party"": ""buyer_united_states""}, {""issue"": ""Seller Obligation to Deliver Survey at Seller's Cost. Section 5 requires Seller to deliver an updated ALTA survey to Buyer , but does not specify who bears the cost. Combined with the certification requirements to Buyer, its lender, and the Title Company, this could be a significant expense. Seller should clarify that the survey cost is borne by Buyer, or at minimum is shared."", ""type"": 0, ""prob"": 1.0, ""kind"": ""Minor"", ""party"": ""seller_1200_sixth_street""}, {""issue"": ""Outdated ALTA Survey Standards Reference. Section 5 references \""2005 ALTA standards\"" for the survey . The current ALTA/NSPS survey standards were updated in 2021. Using outdated standards could result in a survey that does not meet current title insurance requirements, potentially creating issues at closing that Seller would need to address."", ""type"": 0, ""prob"": 1.0, ""kind"": ""Minor"", ""party"": ""seller_1200_sixth_street""}]",1
109FedCl1_agreement_for_purchase_and,109 Fed.Cl. 1,c017,"6, Condition of Property — Investigation and acceptance",NEGATIVE,1.1,westlaw,not_risky,0,0,none,not_risky,0.0,0.0,0,0,[],1
109FedCl1_agreement_for_purchase_and,109 Fed.Cl. 1,c018,"6, Condition of Property — Inspection",NEGATIVE,1.1,westlaw,not_risky,0,0,none,not_risky,0.0,0.0,0,0,[],1
109FedCl1_agreement_for_purchase_and,109 Fed.Cl. 1,c019,"6, Condition of Property — As-is acceptance",NEGATIVE,1.1,westlaw,not_risky,0,0,none,not_risky,0.0,0.0,0,0,[],1
109FedCl1_agreement_for_purchase_and,109 Fed.Cl. 1,c020,7(a). Seller's authority and ownership,NEGATIVE,1.1,westlaw,not_risky,0,0,none,not_risky,0.0,0.0,0,0,[],1
109FedCl1_agreement_for_purchase_and,109 Fed.Cl. 1,c021,7(b). Development and title representations,NEGATIVE,1.1,westlaw,not_risky,0,0,none,risky_type2,0.0,1.0,0,1,"[{""issue"": ""Section 6’s acceptance of the Property with “all faults of every kind and nature whatsoever whether latent or patent” could not be squared with Section 7’s express representations and warranties on whether the acceptance waived claims for undisclosed defects covered by those representations."", ""type"": 2, ""prob"": 1.0, ""kind"": ""Important"", ""party"": ""buyer_united_states""}]",1
109FedCl1_agreement_for_purchase_and,109 Fed.Cl. 1,c022,7(c). Utilities representation,NEGATIVE,1.1,westlaw,not_risky,0,0,none,risky_type2,0.0,1.0,0,1,"[{""issue"": ""Section 7(c)’s qualifier “for its current use” could not be squared with Section 26’s unqualified utility representation on whether utility capacity and availability were represented only for current use or also for the contemplated Federal Office facilities."", ""type"": 2, ""prob"": 1.0, ""kind"": ""Notable"", ""party"": ""buyer_united_states""}]",1
109FedCl1_agreement_for_purchase_and,109 Fed.Cl. 1,c023,7(d). Environmental disclosures,NEGATIVE,1.1,westlaw,not_risky,0,0,none,risky_type2,0.0,1.0,0,1,"[{""issue"": ""Section 7(c)’s utility representation, qualified by “for its current use,” could not be squared with Section 26’s nearly identical but unqualified representation on whether the warranty was limited to current use or extended to future uses."", ""type"": 2, ""prob"": 1.0, ""kind"": ""Minor"", ""party"": ""seller_1200_sixth_street""}]",1
109FedCl1_agreement_for_purchase_and,109 Fed.Cl. 1,c024,7(e). Environmental representations,NEGATIVE,1.1,westlaw,not_risky,0,0,none,risky_type1,1.0,0.0,1,0,"[{""issue"": ""The phrase “the best of Seller’s actual knowledge” left open whether the representations included information Seller should have known through reasonable inquiry."", ""type"": 1, ""prob"": 1.0, ""kind"": ""Important"", ""party"": ""buyer_united_states""}]",1
109FedCl1_agreement_for_purchase_and,109 Fed.Cl. 1,c025,7. Continuing representations and warranties,NEGATIVE,1.1,westlaw,not_risky,0,0,none,not_risky,0.0,0.0,0,0,[],1
109FedCl1_agreement_for_purchase_and,109 Fed.Cl. 1,c026,8(a). Closing date and place,NEGATIVE,1.1,westlaw,not_risky,0,0,none,risky_type1,1.0,0.0,1,0,"[{""issue"": ""The phrase “will continue to be true and correct on each day hereafter” left open whether Seller’s representations continued in perpetuity."", ""type"": 1, ""prob"": 1.0, ""kind"": ""Important"", ""party"": ""seller_1200_sixth_street""}]",1
109FedCl1_agreement_for_purchase_and,109 Fed.Cl. 1,c027,8(a)(i). Purchase Price payment,NEGATIVE,1.1,westlaw,not_risky,0,0,none,not_risky,0.0,0.0,0,0,[],1
109FedCl1_agreement_for_purchase_and,109 Fed.Cl. 1,c028,8(a)(ii). Warranty Deed,NEGATIVE,1.1,westlaw,not_risky,0,0,none,not_risky,0.0,0.0,0,0,[],1
109FedCl1_agreement_for_purchase_and,109 Fed.Cl. 1,c029,8(a)(iii). Transferor's certification,NEGATIVE,1.1,westlaw,not_risky,0,0,none,not_risky,0.0,0.0,0,0,[],1
109FedCl1_agreement_for_purchase_and,109 Fed.Cl. 1,c030,8(a)(iv). Other closing documentation,NEGATIVE,1.1,westlaw,not_risky,0,0,none,not_risky,0.0,0.0,0,0,[],1
109FedCl1_agreement_for_purchase_and,109 Fed.Cl. 1,c031,8(a)(v). Possession,NEGATIVE,1.1,westlaw,not_risky,0,0,none,not_risky,0.0,0.0,0,0,[],1
109FedCl1_agreement_for_purchase_and,109 Fed.Cl. 1,c032,8(b). Escrow closing,NEGATIVE,1.1,westlaw,not_risky,0,0,none,not_risky,0.0,0.0,0,0,[],1
109FedCl1_agreement_for_purchase_and,109 Fed.Cl. 1,c033,8(b). Escrow undertakings,NEGATIVE,1.1,westlaw,not_risky,0,0,none,not_risky,0.0,0.0,0,0,[],1
109FedCl1_agreement_for_purchase_and,109 Fed.Cl. 1,c034,8(b). Escrow fees,NEGATIVE,1.1,westlaw,not_risky,0,0,none,not_risky,0.0,0.0,0,0,[],1
109FedCl1_agreement_for_purchase_and,109 Fed.Cl. 1,c035,"9, Prorations — Closing prorations",NEGATIVE,1.1,westlaw,not_risky,0,0,none,not_risky,0.0,0.0,0,0,[],1
109FedCl1_agreement_for_purchase_and,109 Fed.Cl. 1,c036,"9, Prorations — Post-closing adjustment",NEGATIVE,1.1,westlaw,not_risky,0,0,none,risky_type2,0.0,1.0,0,1,"[{""issue"": ""Section 8(b)’s allocation of 50% of “the charges of the Title Company for such closing” could not be squared with Section 4’s allocation of the owner’s title insurance cost to Seller on whether that cost was split or borne solely by Seller."", ""type"": 2, ""prob"": 1.0, ""kind"": ""Minor"", ""party"": ""buyer_united_states""}]",1
109FedCl1_agreement_for_purchase_and,109 Fed.Cl. 1,c037,10. Default — Seller default,NEGATIVE,1.1,westlaw,not_risky,0,0,none,not_risky,0.0,0.0,0,0,"[{""issue"": ""Specific Performance Deadline Limits Buyer's Remedy. Section 10  requires Buyer to commence a suit for specific performance within ninety (90) days of Seller's default. This is a very short window that could expire before Buyer even discovers the full extent of Seller's non-compliance, particularly in complex transactions involving government approvals, street vacations, and environmental issues. The standard statute of limitations should apply, or at minimum this should be extended to one year."", ""type"": 0, ""prob"": 1.0, ""kind"": ""Notable"", ""party"": ""buyer_united_states""}, {""issue"": ""Seller Only Gets 5 Days to Cure Default. Section 10 gives Seller only five (5) days to cure a default after written notice . This is an extremely short cure period for a commercial real estate transaction, especially given the complexity of the obligations (title clearance, survey delivery, plat approvals, etc.). A 30-day cure period is more market-standard and would better protect Seller from losing rights due to minor or curable defaults."", ""type"": 0, ""prob"": 1.0, ""kind"": ""Notable"", ""party"": ""seller_1200_sixth_street""}, {""issue"": ""Uncapped Actual Damages Against Seller. Section 10 allows Buyer to sue Seller for uncapped \""actual damages\"" upon Seller's default  , while Seller's remedy for Buyer's default is limited to $50,000 liquidated damages. This asymmetry is heavily unfavorable to Seller. Seller should negotiate either a cap on Buyer's damages or parity in available remedies."", ""type"": 0, ""prob"": 1.0, ""kind"": ""Important"", ""party"": ""seller_1200_sixth_street""}]",1
109FedCl1_agreement_for_purchase_and,109 Fed.Cl. 1,c038,10. Default — Buyer default,NEGATIVE,1.1,westlaw,not_risky,0,0,none,not_risky,0.0,0.0,0,0,"[{""issue"": ""Buyer's Default Cure Period Too Short. Section 10  gives Buyer only five (5) days to cure a default after receiving written notice. For a complex $9M transaction involving government approvals and environmental issues, this cure period is unreasonably short. A 30-day cure period would be more appropriate and is market-standard for commercial real estate transactions."", ""type"": 0, ""prob"": 1.0, ""kind"": ""Notable"", ""party"": ""buyer_united_states""}, {""issue"": ""Buyer's Default Remedy Allows Suit Beyond Liquidated Damages. Section 10 provides that Seller's remedy for Buyer's default is liquidated damages capped at $50,000 , but the final sentence states \""the parties may seek any other remedy available at law or in equity\"" . While the \""other remedy\"" carve-out theoretically helps Seller, the liquidated damages provision at only $50,000 on a $9M transaction is extremely low (typically 5-10% of purchase price is market). This $50,000 cap may be viewed as a penalty or, conversely, as an inadequate deterrent for Buyer breach. Seller should negotiate a substantially higher liquidated damages amount."", ""type"": 0, ""prob"": 1.0, ""kind"": ""Important"", ""party"": ""seller_1200_sixth_street""}, {""issue"": ""No Buyer Obligation to Pursue TIF Financing. Section 28 requires Seller to cooperate with Buyer on Brownfield Plan approvals  , but there is no corresponding obligation on Buyer to diligently pursue or maintain TIF financing. Since the Outstanding Balance is payable solely from TIF reimbursements, Buyer could effectively avoid paying the remaining $1M by not pursuing TIF approval. Seller should require Buyer to use commercially reasonable efforts to obtain and maintain TIF financing."", ""type"": 0, ""prob"": 1.0, ""kind"": ""Important"", ""party"": ""seller_1200_sixth_street""}]",1
109FedCl1_agreement_for_purchase_and,109 Fed.Cl. 1,c039,10. Default — Revoked Assignment,NEGATIVE,1.1,westlaw,not_risky,0,0,none,not_risky,0.0,0.0,0,0,[],1
109FedCl1_agreement_for_purchase_and,109 Fed.Cl. 1,c040,10. Default — Subsequent Buyer security,NEGATIVE,1.1,westlaw,not_risky,0,0,none,not_risky,0.0,0.0,0,0,[],1
109FedCl1_agreement_for_purchase_and,109 Fed.Cl. 1,c041,10. Default — Other remedies,NEGATIVE,1.1,westlaw,not_risky,0,0,none,not_risky,0.0,0.0,0,0,[],1
109FedCl1_agreement_for_purchase_and,109 Fed.Cl. 1,c042,11. Risk of Loss — Allocation,NEGATIVE,1.1,westlaw,not_risky,0,0,none,risky_type1,1.0,0.0,1,0,"[{""issue"": ""The catch-all phrase “any other remedy available at law or in equity” left open whether remedies for Buyer’s default extended beyond the specific $50,000 liquidated-damages cap."", ""type"": 1, ""prob"": 1.0, ""kind"": ""Important"", ""party"": ""buyer_united_states""}]",1
109FedCl1_agreement_for_purchase_and,109 Fed.Cl. 1,c043,11. Risk of Loss — Repair or deduction,NEGATIVE,1.1,westlaw,not_risky,0,0,none,not_risky,0.0,0.0,0,0,[],1
109FedCl1_agreement_for_purchase_and,109 Fed.Cl. 1,c044,12. Condemnation — Substantial taking,NEGATIVE,1.1,westlaw,not_risky,0,0,none,risky_type1,1.0,0.0,1,0,"[{""issue"": ""The phrase “an appropriate deduction from the purchase price” left open how the deduction was to be determined and whether it adequately reflected the damage to the Property."", ""type"": 1, ""prob"": 1.0, ""kind"": ""Important"", ""party"": ""buyer_united_states""}, {""issue"": ""Risk of Loss — No Seller Termination Right or Repair Cap. Section 11 requires Seller to either repair damage beyond ordinary wear and tear or make an \""appropriate deduction\"" from the purchase price  . Seller has no right to terminate if the damage is substantial, and the repair obligation is uncapped. Seller should have the option to terminate if damage exceeds a material threshold (e.g., exceeds a stated dollar amount or insurance proceeds)."", ""type"": 0, ""prob"": 1.0, ""kind"": ""Notable"", ""party"": ""seller_1200_sixth_street""}]",1
109FedCl1_agreement_for_purchase_and,109 Fed.Cl. 1,c045,12. Condemnation — Termination awards,NEGATIVE,1.1,westlaw,not_risky,0,0,none,not_risky,0.0,0.0,0,0,[],1
109FedCl1_agreement_for_purchase_and,109 Fed.Cl. 1,c046,12. Condemnation — Waiver of termination,NEGATIVE,1.1,westlaw,not_risky,0,0,none,not_risky,0.0,0.0,0,0,"[{""issue"": ""Condemnation — No Price Reduction if Buyer Doesn't Terminate. Section 12  provides that if a substantial portion of the Property is condemned and Buyer does not terminate within 10 days, Buyer \""shall remain obligated to purchase the Property with no reduction in the Purchase Price.\"" While Buyer receives the condemnation award, this provision is unfavorable because the condemnation award may not fully compensate Buyer for the diminished value or usability of the Property. Buyer should receive a reduction in the Purchase Price equal to the diminution in value not covered by the condemnation award."", ""type"": 0, ""prob"": 1.0, ""kind"": ""Notable"", ""party"": ""buyer_united_states""}]",1
109FedCl1_agreement_for_purchase_and,109 Fed.Cl. 1,c047,12. Condemnation — Insubstantial taking,NEGATIVE,1.1,westlaw,not_risky,0,0,none,not_risky,0.0,0.0,0,0,[],1
109FedCl1_agreement_for_purchase_and,109 Fed.Cl. 1,c048,13. Buyer's inspection right,NEGATIVE,1.1,westlaw,not_risky,0,0,none,not_risky,0.0,0.0,0,0,[],1
109FedCl1_agreement_for_purchase_and,109 Fed.Cl. 1,c049,13. Inspection insurance,NEGATIVE,1.1,westlaw,not_risky,0,0,none,not_risky,0.0,0.0,0,0,[],1
109FedCl1_agreement_for_purchase_and,109 Fed.Cl. 1,c050,13. Repair and restoration,NEGATIVE,1.1,westlaw,not_risky,0,0,none,not_risky,0.0,0.0,0,0,"[{""issue"": ""Missing Indemnification for Property Entry. Section 13 allows Buyer and its agents to enter the Property for inspections , and requires repair of damage , but does not include an indemnification obligation from Buyer to Seller for claims arising from such entry. Seller should require Buyer to indemnify and hold Seller harmless for all claims arising from Buyer's access to the Property."", ""type"": 0, ""prob"": 1.0, ""kind"": ""Notable"", ""party"": ""seller_1200_sixth_street""}]",1
109FedCl1_agreement_for_purchase_and,109 Fed.Cl. 1,c051,13. Entry notice,NEGATIVE,1.1,westlaw,not_risky,0,0,none,risky_type1,1.0,0.0,1,0,"[{""issue"": ""The use of “Optionee” and “Optionor” instead of the Agreement’s defined terms “Buyer” and “Seller” left unclear whether the entry-notice obligation applied between Buyer and Seller."", ""type"": 1, ""prob"": 1.0, ""kind"": ""Notable"", ""party"": ""buyer_united_states""}]",1
109FedCl1_agreement_for_purchase_and,109 Fed.Cl. 1,c052,"14, Notices — Delivery methods and addresses",NEGATIVE,1.1,westlaw,not_risky,0,0,none,not_risky,0.0,0.0,0,0,[],1
109FedCl1_agreement_for_purchase_and,109 Fed.Cl. 1,c053,"14, Notices — Deemed receipt",NEGATIVE,1.1,westlaw,not_risky,0,0,none,not_risky,0.0,0.0,0,0,[],1
109FedCl1_agreement_for_purchase_and,109 Fed.Cl. 1,c054,15. Brokerage,NEGATIVE,1.1,westlaw,not_risky,0,0,none,not_risky,0.0,0.0,0,0,[],1
109FedCl1_agreement_for_purchase_and,109 Fed.Cl. 1,c055,"16, Other Acts",NEGATIVE,1.1,westlaw,not_risky,0,0,none,not_risky,0.0,0.0,0,0,"[{""issue"": ""Brokerage Representation Lacks Indemnification. Section 15  contains mutual representations that no brokerage commissions are payable, but lacks a mutual indemnification obligation. If a broker surfaces claiming a commission based on one party's actions, the other party would have no contractual right to be held harmless. An indemnification provision should be added to protect Buyer against any brokerage claims arising from Seller's dealings."", ""type"": 0, ""prob"": 1.0, ""kind"": ""Minor"", ""party"": ""buyer_united_states""}]",1
109FedCl1_agreement_for_purchase_and,109 Fed.Cl. 1,c056,17. Time is of the Essence,NEGATIVE,1.1,westlaw,not_risky,0,0,none,not_risky,0.0,0.0,0,0,[],1
109FedCl1_agreement_for_purchase_and,109 Fed.Cl. 1,c057,17. No extension of other obligations,NEGATIVE,1.1,westlaw,not_risky,0,0,none,not_risky,0.0,0.0,0,0,[],1
109FedCl1_agreement_for_purchase_and,109 Fed.Cl. 1,c058,17. Non-business-day performance,NEGATIVE,1.1,westlaw,not_risky,0,0,none,not_risky,0.0,0.0,0,0,[],1
109FedCl1_agreement_for_purchase_and,109 Fed.Cl. 1,c059,18. Paragraph or Section Headings,NEGATIVE,1.1,westlaw,not_risky,0,0,none,not_risky,0.0,0.0,0,0,[],1
109FedCl1_agreement_for_purchase_and,109 Fed.Cl. 1,c060,19. Interpretation,NEGATIVE,1.1,westlaw,not_risky,0,0,none,not_risky,0.0,0.0,0,0,[],1
109FedCl1_agreement_for_purchase_and,109 Fed.Cl. 1,c061,20. Applicable Law and Parties Bound,NEGATIVE,1.1,westlaw,not_risky,0,0,none,risky_type2,0.0,1.0,0,1,"[{""issue"": ""The phrase “the laws of the state in which the Property is located” had to be read against the provision describing the Property as located in Detroit, Michigan, to determine whether Michigan law applied."", ""type"": 2, ""prob"": 1.0, ""kind"": ""Minor"", ""party"": ""buyer_united_states""}]",1
109FedCl1_agreement_for_purchase_and,109 Fed.Cl. 1,c062,21. Attorney's Fees,NEGATIVE,1.1,westlaw,not_risky,0,0,none,risky_type1,1.0,0.0,1,0,"[{""issue"": ""The phrase “permitted assigns” left open whether Buyer could make an unrestricted assignment without Seller’s prior written consent."", ""type"": 1, ""prob"": 1.0, ""kind"": ""Important"", ""party"": ""seller_1200_sixth_street""}]",1
109FedCl1_agreement_for_purchase_and,109 Fed.Cl. 1,c063,22. Amendments — Writing requirement,NEGATIVE,1.1,westlaw,not_risky,0,0,none,not_risky,0.0,0.0,0,0,[],1
109FedCl1_agreement_for_purchase_and,109 Fed.Cl. 1,c064,22. Amendments — Counterparts,NEGATIVE,1.1,westlaw,not_risky,0,0,none,not_risky,0.0,0.0,0,0,[],1
109FedCl1_agreement_for_purchase_and,109 Fed.Cl. 1,c065,23. No Merger,NEGATIVE,1.1,westlaw,not_risky,0,0,none,risky_type1,1.0,0.0,2,0,"[{""issue"": ""The phrase “until fulfilled, up to and including the time of completion of any improvements to be built thereon and the written acceptance of occupancy” left open whether survival ended quickly upon completion and acceptance or continued indefinitely if improvements were never built."", ""type"": 1, ""prob"": 1.0, ""kind"": ""Notable"", ""party"": ""buyer_united_states""}, {""issue"": ""The phrase “until fulfilled, up to and including the time of completion of any improvements to be built thereon and the written acceptance of occupancy” left open whether the obligations survived for years or decades or indefinitely if the project was never completed."", ""type"": 1, ""prob"": 1.0, ""kind"": ""Notable"", ""party"": ""seller_1200_sixth_street""}]",1
109FedCl1_agreement_for_purchase_and,109 Fed.Cl. 1,c066,24. Prior Agreements — Entire agreement,NEGATIVE,1.1,westlaw,not_risky,0,0,none,not_risky,0.0,0.0,0,0,[],1
109FedCl1_agreement_for_purchase_and,109 Fed.Cl. 1,c067,24. Prior Agreements — No other inducements,NEGATIVE,1.1,westlaw,not_risky,0,0,none,not_risky,0.0,0.0,0,0,[],1
109FedCl1_agreement_for_purchase_and,109 Fed.Cl. 1,c068,24. Prior Agreements — Amendment approval,NEGATIVE,1.1,westlaw,not_risky,0,0,none,risky_type1,1.0,0.0,2,0,"[{""issue"": ""The requirement that an amendment be “executed by the Buyer, Seller and the Government, acting by GSA” left open whether it reached amendments that did not affect the Government’s rights under the Option Agreement."", ""type"": 1, ""prob"": 1.0, ""kind"": ""Important"", ""party"": ""buyer_united_states""}, {""issue"": ""The requirement that an amendment be “executed by the Buyer, Seller and the Government, acting by GSA” left open whether it reached amendments that did not materially affect GSA’s interests under the Option."", ""type"": 1, ""prob"": 1.0, ""kind"": ""Notable"", ""party"": ""seller_1200_sixth_street""}]",1
109FedCl1_agreement_for_purchase_and,109 Fed.Cl. 1,c069,25. No Recording,NEGATIVE,1.1,westlaw,not_risky,0,0,none,not_risky,0.0,0.0,0,0,[],1
109FedCl1_agreement_for_purchase_and,109 Fed.Cl. 1,c070,26. Utilities/Utilities Relocations and Costs — Availability,NEGATIVE,1.1,westlaw,not_risky,0,0,none,not_risky,0.0,0.0,0,0,"[{""issue"": ""No Recording Restriction Disadvantages Buyer. Section 25  prohibits Buyer from recording this Agreement or any memorandum thereof. This is entirely one-sided against Buyer. Recording a memorandum of agreement is a standard protective measure that puts third parties on notice of Buyer's equitable interest in the Property and prevents Seller from conveying to another party. This prohibition should be deleted or at minimum modified to allow Buyer to record a memorandum."", ""type"": 0, ""prob"": 1.0, ""kind"": ""Notable"", ""party"": ""buyer_united_states""}, {""issue"": ""No Recording Restriction Lacks Remedies. Section 25 prohibits Buyer from recording the Agreement or any memorandum thereof , but provides no remedy if Buyer violates this prohibition. Adding a consequence (e.g., constituting a default, entitling Seller to damages, or providing automatic termination right) would give the provision teeth."", ""type"": 0, ""prob"": 1.0, ""kind"": ""Minor"", ""party"": ""seller_1200_sixth_street""}]",1
109FedCl1_agreement_for_purchase_and,109 Fed.Cl. 1,c071,26. Utilities/Utilities Relocations and Costs — Buyer responsibility,NEGATIVE,1.1,westlaw,not_risky,0,0,none,not_risky,0.0,0.0,0,0,[],1
109FedCl1_agreement_for_purchase_and,109 Fed.Cl. 1,c072,27 Counterparts,NEGATIVE,1.1,westlaw,not_risky,0,0,none,not_risky,0.0,0.0,0,0,[],1
109FedCl1_agreement_for_purchase_and,109 Fed.Cl. 1,c073,28. Tax Incentive Financing — Cooperation,NEGATIVE,1.1,westlaw,not_risky,0,0,none,risky_type1,1.0,0.0,2,0,"[{""issue"": ""The phrase making “All public and quasi-public and private utilities terminations, and relocations” the sole responsibility of Buyer left open whether it reached relocation expenses attributable to Seller’s pre-Closing acts or omissions."", ""type"": 1, ""prob"": 1.0, ""kind"": ""Notable"", ""party"": ""buyer_united_states""}, {""issue"": ""The phrase “will cooperate with the Buyer to secure all necessary government approvals” left open the scope and timing of Seller’s required cooperation."", ""type"": 1, ""prob"": 1.0, ""kind"": ""Notable"", ""party"": ""buyer_united_states""}]",1
109FedCl1_agreement_for_purchase_and,109 Fed.Cl. 1,c074,28. Tax Incentive Financing — Reimbursement,NEGATIVE,1.1,westlaw,not_risky,0,0,none,not_risky,0.0,0.0,0,0,[],1
118FSupp3d802_membership_agreement,118 F.Supp.3d 802,c001,Service definitions and agreement scope,NEGATIVE,2.2,westlaw,not_risky,0,0,none,risky_type1,1.0,0.0,1,0,"[{""issue"": ""The product names `Angle's SnapFix`, `Angle's Big Deal`, `Angle's List Storefront`, and `Angle's List Buy It Here` were misspelled, leaving open whether they were Angie's List products."", ""type"": 1, ""prob"": 1.0, ""kind"": ""Important"", ""party"": ""angies_list""}]",1
118FSupp3d802_membership_agreement,118 F.Supp.3d 802,c002,Acceptance required to use Service,NEGATIVE,2.2,westlaw,not_risky,0,0,none,not_risky,0.0,0.0,0,0,[],1
118FSupp3d802_membership_agreement,118 F.Supp.3d 802,c003,Agreement modification and notice,NEGATIVE,2.2,westlaw,not_risky,0,0,none,not_risky,0.0,0.0,0,0,[],1
118FSupp3d802_membership_agreement,118 F.Supp.3d 802,c004,Separate website terms,NEGATIVE,2.2,westlaw,not_risky,0,0,none,not_risky,0.0,0.0,0,0,[],1
118FSupp3d802_membership_agreement,118 F.Supp.3d 802,c005,Acknowledgment of Agreement,NEGATIVE,2.2,westlaw,not_risky,0,0,none,not_risky,0.0,0.0,0,0,[],1
118FSupp3d802_membership_agreement,118 F.Supp.3d 802,c006,1. Grandfathered subscriptions,NEGATIVE,2.2,westlaw,not_risky,0,0,none,not_risky,0.0,0.0,0,0,[],1
118FSupp3d802_membership_agreement,118 F.Supp.3d 802,c007,1. Basic Plan,NEGATIVE,2.2,westlaw,not_risky,0,0,none,not_risky,0.0,0.0,0,0,[],1
118FSupp3d802_membership_agreement,118 F.Supp.3d 802,c008,1. Plus Plan,NEGATIVE,2.2,westlaw,not_risky,0,0,none,not_risky,0.0,0.0,0,0,[],1
118FSupp3d802_membership_agreement,118 F.Supp.3d 802,c009,1. Premium Plan,NEGATIVE,2.2,westlaw,not_risky,0,0,none,not_risky,0.0,0.0,0,0,[],1
118FSupp3d802_membership_agreement,118 F.Supp.3d 802,c010,1. Membership Benefits,NEGATIVE,2.2,westlaw,not_risky,0,0,none,not_risky,0.0,0.0,0,0,[],1
118FSupp3d802_membership_agreement,118 F.Supp.3d 802,c011,1. Rebate restrictions,NEGATIVE,2.2,westlaw,not_risky,0,0,none,not_risky,0.0,0.0,0,0,[],1
118FSupp3d802_membership_agreement,118 F.Supp.3d 802,c012,1. Existing subscription renewal,NEGATIVE,2.2,westlaw,not_risky,0,0,none,not_risky,0.0,0.0,0,0,[],1
118FSupp3d802_membership_agreement,118 F.Supp.3d 802,c013,1. Plan modification,NEGATIVE,2.2,westlaw,not_risky,0,0,none,not_risky,0.0,0.0,0,0,"[{""issue"": ""Unilateral Right to Modify Plans, Prices, and Benefits. Section 1 reserves Angie's List's right to \""modify the Plans at any time and in its sole discretion\"" , and Section 6 reserves the right to modify Membership Fees and billing methods at any time . These provisions together allow Angie's List to change both what You receive and what You pay during a subscription term, with no limitation. Changes to pricing should at minimum take effect only at the next renewal period, not mid-term."", ""type"": 0, ""prob"": 1.0, ""kind"": ""Important"", ""party"": ""member_user""}]",1
118FSupp3d802_membership_agreement,118 F.Supp.3d 802,c014,1. Account and call-center inquiries,NEGATIVE,2.2,westlaw,not_risky,0,0,none,not_risky,0.0,0.0,0,0,[],1
118FSupp3d802_membership_agreement,118 F.Supp.3d 802,c015,2. Registration Information,NEGATIVE,2.2,westlaw,not_risky,0,0,none,not_risky,0.0,0.0,0,0,[],1
118FSupp3d802_membership_agreement,118 F.Supp.3d 802,c016,3. Minimum Age,NEGATIVE,2.2,westlaw,not_risky,0,0,none,not_risky,0.0,0.0,0,0,[],1
118FSupp3d802_membership_agreement,118 F.Supp.3d 802,c017,4. Use Void Where Prohibited,NEGATIVE,2.2,westlaw,not_risky,0,0,none,not_risky,0.0,0.0,0,0,[],1
118FSupp3d802_membership_agreement,118 F.Supp.3d 802,c018,5. Privacy Policy,NEGATIVE,2.2,westlaw,not_risky,0,0,none,not_risky,0.0,0.0,0,0,[],1
118FSupp3d802_membership_agreement,118 F.Supp.3d 802,c019,6. Service Fees and Billing Methods; Automatic Renewal,NEGATIVE,2.2,westlaw,not_risky,0,0,none,risky_type1,1.0,0.0,1,0,"[{""issue"": ""The phrase `the amount You were charged for Your subscription or Plan, not including any promotions or discounts` was open to reading the renewal Membership Fee as the promotional rate or as the higher list price before discounts."", ""type"": 1, ""prob"": 1.0, ""kind"": ""Important"", ""party"": ""angies_list""}]",1
118FSupp3d802_membership_agreement,118 F.Supp.3d 802,c020,6. Monthly Payment Subscriptions,NEGATIVE,2.2,westlaw,not_risky,0,0,none,not_risky,0.0,0.0,0,0,"[{""issue"": ""180-Day Retry Period for Failed Renewals May Be Excessive. Section 6  provides that if a monthly renewal payment fails, Angie's List will attempt to process the renewal \""for a period up to one hundred eighty (180) days.\"" A 180-day retry window for a monthly subscription is unusually long and could expose Angie's List to consumer complaints and potential regulatory scrutiny, particularly under state automatic renewal laws. Consider reducing this window to a more reasonable period (e.g., 30–60 days) or aligning it with the subscription period length."", ""type"": 0, ""prob"": 1.0, ""kind"": ""Notable"", ""party"": ""angies_list""}, {""issue"": ""No Pre-Renewal Notice for Monthly Subscriptions. Section 6  disclaims any obligation to provide notice before monthly renewals. Many states have enacted automatic renewal laws requiring clear disclosure and pre-renewal reminders. While the \""except as otherwise required by applicable law\"" carve-out provides some protection, affirmatively disclaiming notice could invite regulatory scrutiny. Consider softening to say Angie's List is not obligated but may provide notice at its discretion."", ""type"": 0, ""prob"": 1.0, ""kind"": ""Notable"", ""party"": ""angies_list""}, {""issue"": ""180-Day Renewal Retry Period Is Excessive. For both monthly  and annual  subscriptions, if a renewal payment fails, Angie's List will continue attempting to process the payment for up to 180 days. Six months of repeated billing attempts is excessive and could result in unexpected charges long after You believed the subscription had lapsed. A more reasonable retry period would be 30 days."", ""type"": 0, ""prob"": 1.0, ""kind"": ""Notable"", ""party"": ""member_user""}, {""issue"": ""No Pre-Renewal Notice for Monthly Subscriptions. The monthly subscription provision states that You agree Angie's List will not provide any notices prior to each monthly renewal payment . Many state consumer protection laws, including Indiana's automatic renewal statute (Ind. Code § 24-5-19), require clear disclosure and affirmative consent for auto-renewal terms. The blanket waiver of pre-renewal notices is aggressive and potentially unenforceable. You should receive reasonable advance notice before each renewal charge."", ""type"": 0, ""prob"": 1.0, ""kind"": ""Important"", ""party"": ""member_user""}, {""issue"": ""180-Day Renewal Retry Period for Annual Subscriptions. Same issue as the monthly subscription provision — the annual subscription retry period of 180 days  is excessive. This should also be shortened to 30 days to align with reasonable consumer expectations."", ""type"": 0, ""prob"": 1.0, ""kind"": ""Notable"", ""party"": ""member_user""}]",1
118FSupp3d802_membership_agreement,118 F.Supp.3d 802,c021,6. Annual Payment Subscriptions,NEGATIVE,2.2,westlaw,not_risky,0,0,none,not_risky,0.0,0.0,0,0,"[{""issue"": ""No Pre-Renewal Notice for Annual Subscriptions. Similarly to the monthly provision, the annual subscription section waives any notice requirement before annual renewal charges . For an annual subscription — which could involve a significant charge — the lack of any pre-renewal notice is particularly problematic and consumer-unfriendly. You should receive advance notice of at least 30 days before an annual renewal charge."", ""type"": 0, ""prob"": 1.0, ""kind"": ""Important"", ""party"": ""member_user""}]",1
118FSupp3d802_membership_agreement,118 F.Supp.3d 802,c022,6. Additional List Subscription,NEGATIVE,2.2,westlaw,not_risky,0,0,none,not_risky,0.0,0.0,0,0,[],1
118FSupp3d802_membership_agreement,118 F.Supp.3d 802,c023,6. Membership Renewals,NEGATIVE,2.2,westlaw,not_risky,0,0,none,not_risky,0.0,0.0,0,0,[],1
118FSupp3d802_membership_agreement,118 F.Supp.3d 802,c024,6. Additional List renewal notice,NEGATIVE,2.2,westlaw,not_risky,0,0,none,not_risky,0.0,0.0,0,0,[],1
118FSupp3d802_membership_agreement,118 F.Supp.3d 802,c025,6. Upgrading Plans,NEGATIVE,2.2,westlaw,not_risky,0,0,none,not_risky,0.0,0.0,0,0,"[{""issue"": ""Upgrade Provision Creates Double-Payment Obligation. Section 6's upgrade provision  states upgrading means \""purchasing an additional annual subscription\"" , requiring the user to pay for the full new Plan immediately and receive a second subscription starting at expiration. This double-payment structure is aggressive and could generate chargebacks and consumer protection complaints. Consider instead charging only the prorated difference for the current term remainder plus the new Plan price for the next annual term."", ""type"": 0, ""prob"": 1.0, ""kind"": ""Notable"", ""party"": ""angies_list""}]",1
118FSupp3d802_membership_agreement,118 F.Supp.3d 802,c026,6. Downgrading Plans,NEGATIVE,2.2,westlaw,not_risky,0,0,none,not_risky,0.0,0.0,0,0,[],1
118FSupp3d802_membership_agreement,118 F.Supp.3d 802,c027,6. Canceling Your Subscription,NEGATIVE,2.2,westlaw,not_risky,0,0,none,not_risky,0.0,0.0,0,0,"[{""issue"": ""Cancellation Requires Certified Mail — Unnecessarily Burdensome. Section 6 requires cancellation by \""first class certified mail\"" as one of the options . The requirement for certified mail is unnecessarily burdensome for a consumer subscription. While email and telephone options are also provided, the certified mail requirement is outdated. More importantly, the cancellation deadline of 5:00 p.m. Eastern Time on the business day *prior* to renewal  provides an extremely narrow window, especially without pre-renewal notice. Consider extending the cancellation deadline."", ""type"": 0, ""prob"": 1.0, ""kind"": ""Notable"", ""party"": ""member_user""}]",1
118FSupp3d802_membership_agreement,118 F.Supp.3d 802,c028,6. Angie's List Magazine Subscription Fee,NEGATIVE,2.2,westlaw,not_risky,0,0,none,not_risky,0.0,0.0,0,0,[],1
118FSupp3d802_membership_agreement,118 F.Supp.3d 802,c029,6. Authorization to Update Credit Card Account Information; Account Updater,NEGATIVE,2.2,westlaw,not_risky,0,0,none,not_risky,0.0,0.0,0,0,"[{""issue"": ""Account Updater Authorization May Need Opt-Out Mechanism. Section 6  states that \""by registering for the Service and receiving a membership, You consent to and authorize Angie's List's disclosure of Your credit or debit card information to Account Updater.\"" This is a blanket consent with no described opt-out mechanism. Several states require that consumers be informed of their right to opt out of automatic card-updating services. Consider adding language noting that users may opt out by contacting member services, which would strengthen enforceability and reduce regulatory risk."", ""type"": 0, ""prob"": 1.0, ""kind"": ""Minor"", ""party"": ""angies_list""}, {""issue"": ""Account Updater Authorization — No Opt-Out Mechanism. The \""Account Updater\"" provision  automatically shares Your credit card information with a third-party service to refresh expired or replaced card numbers, and You consent simply by registering. There is no opt-out mechanism described. You should have the right to opt out of Account Updater and manage Your own payment information updates."", ""type"": 0, ""prob"": 1.0, ""kind"": ""Minor"", ""party"": ""member_user""}]",1
118FSupp3d802_membership_agreement,118 F.Supp.3d 802,c030,7. Incentives,NEGATIVE,2.2,westlaw,not_risky,0,0,none,risky_type1,1.0,0.0,2,0,"[{""issue"": ""The phrase `any action against Angie's List relating in any way to the Incentives` left open whether it reached fraud or statutory claims."", ""type"": 1, ""prob"": 1.0, ""kind"": ""Notable"", ""party"": ""angies_list""}, {""issue"": ""The phrase `any action against Angie's List relating in any way to the Incentives` left open whether it reached claims for fraud or willful misconduct."", ""type"": 1, ""prob"": 1.0, ""kind"": ""Minor"", ""party"": ""member_user""}]",1
118FSupp3d802_membership_agreement,118 F.Supp.3d 802,c031,8. Account Security,NEGATIVE,2.2,westlaw,not_risky,0,0,none,not_risky,0.0,0.0,0,0,[],1
118FSupp3d802_membership_agreement,118 F.Supp.3d 802,c032,9. Limited License to Website and Magazine,NEGATIVE,2.2,westlaw,not_risky,0,0,none,not_risky,0.0,0.0,0,0,[],1
118FSupp3d802_membership_agreement,118 F.Supp.3d 802,c033,10(B). Accurate reviews and ratings,NEGATIVE,2.2,westlaw,not_risky,0,0,none,not_risky,0.0,0.0,0,0,[],1
118FSupp3d802_membership_agreement,118 F.Supp.3d 802,c034,10(C). No interest in reviewed providers,NEGATIVE,2.2,westlaw,not_risky,0,0,none,not_risky,0.0,0.0,0,0,[],1
118FSupp3d802_membership_agreement,118 F.Supp.3d 802,c035,10(D). No interest in competitors,NEGATIVE,2.2,westlaw,not_risky,0,0,none,not_risky,0.0,0.0,0,0,[],1
118FSupp3d802_membership_agreement,118 F.Supp.3d 802,c036,10(E). No relationship to reviewed providers,NEGATIVE,2.2,westlaw,not_risky,0,0,none,not_risky,0.0,0.0,0,0,[],1
118FSupp3d802_membership_agreement,118 F.Supp.3d 802,c037,10(F). Disclosure to reviewed providers,NEGATIVE,2.2,westlaw,not_risky,0,0,none,not_risky,0.0,0.0,0,0,[],1
118FSupp3d802_membership_agreement,118 F.Supp.3d 802,c038,11. Complaint Resolution Process eligibility,NEGATIVE,2.2,westlaw,not_risky,0,0,none,not_risky,0.0,0.0,0,0,[],1
118FSupp3d802_membership_agreement,118 F.Supp.3d 802,c039,11. Complaint Resolution Process procedure,NEGATIVE,2.2,westlaw,not_risky,0,0,none,not_risky,0.0,0.0,0,0,[],1
118FSupp3d802_membership_agreement,118 F.Supp.3d 802,c040,11. Resolution and updated feedback,NEGATIVE,2.2,westlaw,not_risky,0,0,none,not_risky,0.0,0.0,0,0,[],1
118FSupp3d802_membership_agreement,118 F.Supp.3d 802,c041,11. Participation discretion and publication,NEGATIVE,2.2,westlaw,not_risky,0,0,none,risky_type1,1.0,0.0,1,0,"[{""issue"": ""The phrase `Your complaint and a story about the circumstances relating to the CRP` left open the duration and scope of the consent to publication."", ""type"": 1, ""prob"": 1.0, ""kind"": ""Minor"", ""party"": ""angies_list""}]",1
118FSupp3d802_membership_agreement,118 F.Supp.3d 802,c042,11. Complaint Resolution Process disclaimers,NEGATIVE,2.2,westlaw,not_risky,0,0,none,not_risky,0.0,0.0,0,0,[],1
118FSupp3d802_membership_agreement,118 F.Supp.3d 802,c043,12. Content License,NEGATIVE,2.2,westlaw,not_risky,0,0,none,risky_type1,1.0,0.0,2,0,"[{""issue"": ""The phrase `fully paid` left open whether any additional royalties could be owed under the Content license."", ""type"": 1, ""prob"": 1.0, ""kind"": ""Minor"", ""party"": ""angies_list""}, {""issue"": ""The phrase `an irrevocable, perpetual, non-exclusive, fully paid, worldwide license` left open whether the Content license reached uses beyond operating the Service and survived termination indefinitely."", ""type"": 1, ""prob"": 1.0, ""kind"": ""Notable"", ""party"": ""member_user""}]",1
118FSupp3d802_membership_agreement,118 F.Supp.3d 802,c044,13. Publication and Distribution of Content,POSITIVE,2.2,westlaw,risky,0,1,2.2,not_risky,0.0,0.0,0,0,[],1
118FSupp3d802_membership_agreement,118 F.Supp.3d 802,c045,"13. Content screening, liability, waiver and release",NEGATIVE,2.2,westlaw,not_risky,0,0,none,not_risky,0.0,0.0,0,0,[],1
118FSupp3d802_membership_agreement,118 F.Supp.3d 802,c046,14. Service Providers,POSITIVE,2.2,westlaw,risky,0,1,2.2,risky_type1,1.0,0.0,1,0,"[{""issue"": ""The phrase `any and all liability for or relating to any Content or Service Provider Content` left open whether it reached Angie's List's own negligence or willful misconduct."", ""type"": 1, ""prob"": 1.0, ""kind"": ""Notable"", ""party"": ""member_user""}]",1
118FSupp3d802_membership_agreement,118 F.Supp.3d 802,c047,14. Service Provider interactions waiver and release,NEGATIVE,2.2,westlaw,not_risky,0,0,none,not_risky,0.0,0.0,0,0,[],1
118FSupp3d802_membership_agreement,118 F.Supp.3d 802,c048,14. Service Provider background checks,NEGATIVE,2.2,westlaw,not_risky,0,0,none,not_risky,0.0,0.0,0,0,[],1
118FSupp3d802_membership_agreement,118 F.Supp.3d 802,c049,15. Health Related Providers—informational content,NEGATIVE,2.2,westlaw,not_risky,0,0,none,not_risky,0.0,0.0,0,0,[],1
118FSupp3d802_membership_agreement,118 F.Supp.3d 802,c050,15. Medical emergencies and reliance,NEGATIVE,2.2,westlaw,not_risky,0,0,none,not_risky,0.0,0.0,0,0,[],1
118FSupp3d802_membership_agreement,118 F.Supp.3d 802,c051,15. Sexually explicit health materials,NEGATIVE,2.2,westlaw,not_risky,0,0,none,not_risky,0.0,0.0,0,0,[],1
118FSupp3d802_membership_agreement,118 F.Supp.3d 802,c052,15. Posting health-related information,NEGATIVE,2.2,westlaw,not_risky,0,0,none,not_risky,0.0,0.0,0,0,[],1
118FSupp3d802_membership_agreement,118 F.Supp.3d 802,c053,16. Your Conduct,NEGATIVE,2.2,westlaw,not_risky,0,0,none,not_risky,0.0,0.0,0,0,[],1
118FSupp3d802_membership_agreement,118 F.Supp.3d 802,c054,16. Enforcement and remedies,NEGATIVE,2.2,westlaw,not_risky,0,0,none,not_risky,0.0,0.0,0,0,[],1
118FSupp3d802_membership_agreement,118 F.Supp.3d 802,c055,17. Disclosure of Information,NEGATIVE,2.2,westlaw,not_risky,0,0,none,risky_type1,1.0,0.0,1,0,"[{""issue"": ""The phrase `to be used for any purpose allowed under this Agreement` left open which purposes and data uses were permitted after a business transfer."", ""type"": 1, ""prob"": 1.0, ""kind"": ""Notable"", ""party"": ""member_user""}]",1
118FSupp3d802_membership_agreement,118 F.Supp.3d 802,c056,18. Term,NEGATIVE,2.2,westlaw,not_risky,0,0,none,risky_type1,1.0,0.0,1,0,"[{""issue"": ""The phrase `for any purpose allowed under this Agreement` left open which data uses were allowed under the Agreement."", ""type"": 1, ""prob"": 1.0, ""kind"": ""Minor"", ""party"": ""angies_list""}]",1
118FSupp3d802_membership_agreement,118 F.Supp.3d 802,c057,18. Termination by Angie's List,NEGATIVE,2.2,westlaw,not_risky,0,0,none,not_risky,0.0,0.0,0,0,"[{""issue"": ""No Express \""No Refund\"" for Breach-Based Termination. Section 18  states that if Angie's List \""merely terminates Your account for its convenience and You are not in breach,\"" a pro rata refund is given . However, the Agreement does not expressly state that no refund is owed when Angie's List terminates for user breach. Adding this clarification would strengthen Angie's List's position and reduce dispute risk."", ""type"": 0, ""prob"": 1.0, ""kind"": ""Notable"", ""party"": ""angies_list""}, {""issue"": ""Angie's List Can Terminate for Any Reason in Sole Discretion. Section 18 allows Angie's List to \""immediately terminate this Agreement, Your account and Your access to the Service\"" for any reason in its sole discretion . While the Agreement provides for a pro rata refund if termination is for convenience , the immediate termination right with no notice and no cure period is aggressive. Consider requiring at least 30 days' written notice for convenience terminations."", ""type"": 0, ""prob"": 1.0, ""kind"": ""Notable"", ""party"": ""member_user""}]",1
118FSupp3d802_membership_agreement,118 F.Supp.3d 802,c058,18. Effects of termination,NEGATIVE,2.2,westlaw,not_risky,0,0,none,not_risky,0.0,0.0,0,0,"[{""issue"": ""Termination May Delete Your Content Without Preservation Right. Section 18 states that termination \""may include the deletion of the Content associated with Your account\"" . You have no right to export or preserve Your content before or after termination. Since You submitted reviews and ratings that have value, You should have a reasonable period to download or export Your Content before it is deleted."", ""type"": 0, ""prob"": 1.0, ""kind"": ""Minor"", ""party"": ""member_user""}]",1
118FSupp3d802_membership_agreement,118 F.Supp.3d 802,c059,19. Modification of Terms and Conditions,NEGATIVE,2.2,westlaw,not_risky,0,0,none,risky_type1,1.0,0.0,2,0,"[{""issue"": ""The phrase `You will receive notice if modifications to the Agreement are made` left open whether posting the modifications on the Website constituted sufficient notice."", ""type"": 1, ""prob"": 1.0, ""kind"": ""Notable"", ""party"": ""angies_list""}, {""issue"": ""The phrase `You will receive notice if modifications to the Agreement are made` left open when and how notice would be given relative to modifications becoming effective immediately upon posting."", ""type"": 1, ""prob"": 1.0, ""kind"": ""Important"", ""party"": ""member_user""}]",1
118FSupp3d802_membership_agreement,118 F.Supp.3d 802,c060,"20. Modification, Limitation and Discontinuance of Service",NEGATIVE,2.2,westlaw,not_risky,0,0,none,not_risky,0.0,0.0,0,0,"[{""issue"": ""Angie's List Can Modify or Discontinue Service Without Liability. Section 20 gives Angie's List the right to \""limit access to, modify, change or discontinue the Service with or without notice\""  and disclaims all liability for doing so . Combined with the right to modify plans and fees, Angie's List could materially degrade the service You are paying for with no recourse. At minimum, if service is materially modified or discontinued, You should be entitled to a pro rata refund of prepaid fees."", ""type"": 0, ""prob"": 1.0, ""kind"": ""Notable"", ""party"": ""member_user""}]",1
118FSupp3d802_membership_agreement,118 F.Supp.3d 802,c061,21. Delays,NEGATIVE,2.2,westlaw,not_risky,0,0,none,not_risky,0.0,0.0,0,0,[],1
118FSupp3d802_membership_agreement,118 F.Supp.3d 802,c062,22. User Feedback,NEGATIVE,2.2,westlaw,not_risky,0,0,none,risky_type1,1.0,0.0,2,0,"[{""issue"": ""The phrase `the property of Angle's List` contained a misspelled entity name, leaving open whether Angie's List was the owner of the Submissions."", ""type"": 1, ""prob"": 1.0, ""kind"": ""Notable"", ""party"": ""angies_list""}, {""issue"": ""The catch-all `creative suggestions, ideas, drawings, concepts or other information` left open whether `Submissions` included solicited business communications as well as unsolicited creative submissions."", ""type"": 1, ""prob"": 1.0, ""kind"": ""Minor"", ""party"": ""member_user""}]",1
118FSupp3d802_membership_agreement,118 F.Supp.3d 802,c063,23. Copyright Materials,NEGATIVE,2.2,westlaw,not_risky,0,0,none,risky_type1,1.0,0.0,1,0,"[{""issue"": ""The phrase `the exclusive property of Angle's List and/or its licensors` contained a misspelled entity name, leaving open whether Angie's List was the copyright owner."", ""type"": 1, ""prob"": 1.0, ""kind"": ""Notable"", ""party"": ""angies_list""}]",1
118FSupp3d802_membership_agreement,118 F.Supp.3d 802,c064,24. Warranty Disclaimer,NEGATIVE,2.2,westlaw,not_risky,0,0,none,risky_type1,1.0,0.0,1,0,"[{""issue"": ""The word `EXPRESSED` left open whether the disclaimer referred to `EXPRESS` warranties."", ""type"": 1, ""prob"": 1.0, ""kind"": ""Minor"", ""party"": ""angies_list""}]",1
118FSupp3d802_membership_agreement,118 F.Supp.3d 802,c065,25. Limitation of Liability—excluded damages,NEGATIVE,2.2,westlaw,not_risky,0,0,none,risky_type2,0.0,1.0,0,1,"[{""issue"": ""Limitation of Liability Excludes Direct Damages. Section 25  excludes \""DIRECT\"" damages along with indirect, incidental, special, punitive, and consequential damages. Excluding direct damages entirely is highly unusual and may be unenforceable, as it effectively eliminates all liability. If a court finds this overbroad, the entire limitation clause could fail. Angie's List's interests are better served by removing \""DIRECT\"" from the exclusion and relying on the separate damages cap of one month of membership fees  to limit direct damage exposure."", ""type"": 0, ""prob"": 1.0, ""kind"": ""Important"", ""party"": ""angies_list""}, {""issue"": ""Shortened Statute of Limitations May Be Unenforceable for Certain Claims. Section 30  imposes a one-year statute of limitations on any claim arising from the Service or Agreement. While shortened limitations periods are generally enforceable in Indiana for contract claims, they may be unenforceable for certain statutory claims. Adding a \""to the fullest extent permitted by law\"" qualifier would protect the provision's enforceability."", ""type"": 0, ""prob"": 1.0, ""kind"": ""Minor"", ""party"": ""angies_list""}, {""issue"": ""Section 25's exclusion of `DIRECT` and `COMPENSATORY` damages could not be squared with Section 25's later one-month liability cap on whether direct damages remained recoverable up to the cap."", ""type"": 2, ""prob"": 1.0, ""kind"": ""Important"", ""party"": ""member_user""}]",1
118FSupp3d802_membership_agreement,118 F.Supp.3d 802,c066,25. Liability cap,NEGATIVE,2.2,westlaw,not_risky,0,0,none,not_risky,0.0,0.0,0,0,[],1
118FSupp3d802_membership_agreement,118 F.Supp.3d 802,c067,25. Credit card processor release and indemnity,NEGATIVE,2.2,westlaw,not_risky,0,0,none,not_risky,0.0,0.0,0,0,"[{""issue"": ""Liability Cap Limited to One Month of Fees — Unreasonably Low. Section 25 caps Angie's List's total liability at one (1) month of membership fees . For an annual subscriber, this could mean liability is capped at a trivially small amount, even if Angie's List's breach causes significant harm (e.g., disclosure of private health information). A more reasonable cap would be the total fees paid during the prior 12-month period."", ""type"": 0, ""prob"": 1.0, ""kind"": ""Important"", ""party"": ""member_user""}, {""issue"": ""Required Release of Credit Card Processors for Angie's List's Own Breach. Section 25 requires You to release credit card processors, issuing banks, and merchant banks from damages caused by Angie's List's own failure to provide services or breach of the Agreement . It further requires You to *indemnify* these Released Parties for damages arising from Your breach of this release provision . This creates an unusual obligation where You must both waive claims against uninvolved third parties and indemnify them — which is non-standard and unfairly expands Your exposure."", ""type"": 0, ""prob"": 1.0, ""kind"": ""Notable"", ""party"": ""member_user""}]",1
118FSupp3d802_membership_agreement,118 F.Supp.3d 802,c068,26. Indemnification,NEGATIVE,2.2,westlaw,not_risky,0,0,none,not_risky,0.0,0.0,0,0,[],1
118FSupp3d802_membership_agreement,118 F.Supp.3d 802,c069,27(A). Liquidated damages for prohibited Content,NEGATIVE,2.2,westlaw,not_risky,0,0,none,not_risky,0.0,0.0,0,0,"[{""issue"": ""Indemnification Defense Control Lacks Standard Guardrails. Section 26  grants Angie's List \""sole control of the defense\"" of indemnified claims but does not include the market-standard proviso that Angie's List will not consent to settlements imposing non-monetary obligations on the indemnifying user. Adding this guardrail makes the sole-control provision more likely to be enforced as reasonable."", ""type"": 0, ""prob"": 1.0, ""kind"": ""Minor"", ""party"": ""angies_list""}, {""issue"": ""Liquidated Damages May Be Unenforceable as Penalties. Section 27  imposes a flat $1,000 liquidated damages amount \""for each item of Content posted in violation of this Agreement.\"" Under Indiana law, liquidated damages must be a reasonable estimate of actual damages and not a penalty. A flat $1,000 per-item amount regardless of the nature or impact of the violation may be struck down as an unenforceable penalty, particularly for minor or technical violations. Consider tying the amount to \""reasonably estimated actual damages\"" or adding language explaining why $1,000 is a reasonable pre-estimate."", ""type"": 0, ""prob"": 1.0, ""kind"": ""Notable"", ""party"": ""angies_list""}, {""issue"": ""One-Sided Indemnification with No Control Over Defense. Section 26 requires You to indemnify Angie's List broadly , but the last sentence gives Angie's List \""sole control of the defense of any such damage or claim\"" . This means You pay for the defense and indemnification, but have no say in how the defense is conducted, including whether to settle and for how much. At minimum, You should have the right to participate in the defense and approve any settlement that imposes obligations on You or requires payment from You."", ""type"": 0, ""prob"": 1.0, ""kind"": ""Important"", ""party"": ""member_user""}, {""issue"": ""Liquidated Damages of $1,000 Per Violation May Be an Unenforceable Penalty. Section 27(A) imposes a $1,000 liquidated damage per item of Content posted in violation of the Agreement . Indiana courts enforce liquidated damages only if the amount is a reasonable estimate of anticipated harm. A flat $1,000 per post — regardless of the nature or impact of the violation — risks being deemed a penalty. The provision should be revised to tie the amount more closely to actual harm or cap it at actual damages."", ""type"": 0, ""prob"": 1.0, ""kind"": ""Notable"", ""party"": ""member_user""}]",1
118FSupp3d802_membership_agreement,118 F.Supp.3d 802,c070,27(B). Liquidated damages for exploiting Content,NEGATIVE,2.2,westlaw,not_risky,0,0,none,not_risky,0.0,0.0,0,0,[],1
118FSupp3d802_membership_agreement,118 F.Supp.3d 802,c071,27(C). Liquidated damages for programming routines,NEGATIVE,2.2,westlaw,not_risky,0,0,none,not_risky,0.0,0.0,0,0,[],1
118FSupp3d802_membership_agreement,118 F.Supp.3d 802,c072,27(d). Actual damages and equitable remedies,NEGATIVE,2.2,westlaw,not_risky,0,0,none,not_risky,0.0,0.0,0,0,[],1
118FSupp3d802_membership_agreement,118 F.Supp.3d 802,c073,28. Notice,NEGATIVE,2.2,westlaw,not_risky,0,0,none,not_risky,0.0,0.0,0,0,[],1
118FSupp3d802_membership_agreement,118 F.Supp.3d 802,c074,28. Copyright and trademark infringement notices,NEGATIVE,2.2,westlaw,not_risky,0,0,none,not_risky,0.0,0.0,0,0,[],1
118FSupp3d802_membership_agreement,118 F.Supp.3d 802,c075,29. Entire Agreement,NEGATIVE,2.2,westlaw,not_risky,0,0,none,risky_type1,1.0,0.0,1,0,"[{""issue"": ""The references to `Angle's List` in the entire-agreement provision contained a misspelled entity name, leaving open whether the provision governed the agreement between the user and Angie's List."", ""type"": 1, ""prob"": 1.0, ""kind"": ""Notable"", ""party"": ""angies_list""}]",1
118FSupp3d802_membership_agreement,118 F.Supp.3d 802,c076,29. Third-party agreements,NEGATIVE,2.2,westlaw,not_risky,0,0,none,not_risky,0.0,0.0,0,0,[],1
118FSupp3d802_membership_agreement,118 F.Supp.3d 802,c077,30. Governing Law,NEGATIVE,2.2,westlaw,not_risky,0,0,none,risky_type1,1.0,0.0,1,0,"[{""issue"": ""The phrase `the relationship between You and Angle's List` contained a misspelled entity name, leaving open whether the governing-law provision applied to the relationship with Angie's List."", ""type"": 1, ""prob"": 1.0, ""kind"": ""Notable"", ""party"": ""angies_list""}]",1
118FSupp3d802_membership_agreement,118 F.Supp.3d 802,c078,30. Exclusive jurisdiction and venue,NEGATIVE,2.2,westlaw,not_risky,0,0,none,risky_type1,1.0,0.0,1,0,"[{""issue"": ""The phrase `exclusive jurisdiction` was open to reading the Marion County forum as truly exclusive or as permitting Angie's List to litigate in the county or state where a breach occurred or the user could be found."", ""type"": 1, ""prob"": 1.0, ""kind"": ""Minor"", ""party"": ""angies_list""}]",1
118FSupp3d802_membership_agreement,118 F.Supp.3d 802,c079,30. One-year claim limitation,NEGATIVE,2.2,westlaw,not_risky,0,0,none,not_risky,0.0,0.0,0,0,"[{""issue"": ""Non-Mutual Forum Selection — Angie's List Can Choose Any Venue. Section 30 requires You to consent to exclusive jurisdiction in Marion County, Indiana , but gives Angie's List the unilateral right to litigate in any county or state where You can be found or where a breach occurred . This non-mutual forum selection clause disadvantages You. Consider deleting the carve-out so both parties must litigate in the same forum."", ""type"": 0, ""prob"": 1.0, ""kind"": ""Notable"", ""party"": ""member_user""}, {""issue"": ""Shortened Statute of Limitations to One Year. Section 30 requires any claim or cause of action to be filed within one (1) year after it arose . This is significantly shorter than Indiana's standard statutes of limitations (e.g., 6 years for written contracts, 2 years for personal injury). While Indiana courts may uphold contractual shortening of limitations periods, a one-year window is aggressive and could bar legitimate claims before a user even discovers the harm. Consider extending to at least two years."", ""type"": 0, ""prob"": 1.0, ""kind"": ""Notable"", ""party"": ""member_user""}]",1
118FSupp3d802_membership_agreement,118 F.Supp.3d 802,c080,31. Provisions Remaining in Effect,NEGATIVE,2.2,westlaw,not_risky,0,0,none,not_risky,0.0,0.0,0,0,[],1
118FSupp3d802_membership_agreement,118 F.Supp.3d 802,c081,32. Assignment,NEGATIVE,2.2,westlaw,not_risky,0,0,none,not_risky,0.0,0.0,0,0,[],1
118FSupp3d802_membership_agreement,118 F.Supp.3d 802,c082,32. No waiver,NEGATIVE,2.2,westlaw,not_risky,0,0,none,not_risky,0.0,0.0,0,0,[],1
118FSupp3d802_membership_agreement,118 F.Supp.3d 802,c083,32. Severability,NEGATIVE,2.2,westlaw,not_risky,0,0,none,not_risky,0.0,0.0,0,0,[],1
118FSupp3d802_membership_agreement,118 F.Supp.3d 802,c084,32. No joint venture or agency,NEGATIVE,2.2,westlaw,not_risky,0,0,none,not_risky,0.0,0.0,0,0,"[{""issue"": ""Severability Clause Directs Court to Rewrite Contract. Section 32  directs a court to \""incorporate a similar provision that would be considered valid.\"" Courts generally disfavor being directed to rewrite contracts. A more enforceable approach is reformation to the minimum extent necessary, or severance if reformation fails."", ""type"": 0, ""prob"": 1.0, ""kind"": ""Notable"", ""party"": ""angies_list""}]",1
118FSupp3d802_membership_agreement,118 F.Supp.3d 802,c085,32. Third-party beneficiaries,NEGATIVE,2.2,westlaw,not_risky,0,0,none,not_risky,0.0,0.0,0,0,[],1
118FSupp3d802_membership_agreement,118 F.Supp.3d 802,c086,Concluding acceptance condition,NEGATIVE,2.2,westlaw,not_risky,0,0,none,risky_type1,1.0,0.0,1,0,"[{""issue"": ""The phrase `an intended third party beneficiary of this Agreement` left open whether the Released Parties could enforce provisions outside Section 25, including the Agreement's indemnification and limitation-of-liability provisions."", ""type"": 1, ""prob"": 1.0, ""kind"": ""Minor"", ""party"": ""member_user""}]",1
122FSupp3d1157_broker_dealer_agreement,122 F.Supp.3d 1157,c001,Preamble; Parties and Defined Terms,NEGATIVE,1.1,westlaw,not_risky,0,0,none,not_risky,0.0,0.0,0,0,[],1
122FSupp3d1157_broker_dealer_agreement,122 F.Supp.3d 1157,c002,Recital—Series 2004 Auction Bonds,NEGATIVE,1.1,westlaw,not_risky,0,0,none,risky_type1,1.0,0.0,1,0,"[{""issue"": ""The phrase “achieving the lowest possible interest rate” was open to reading as aspirational or as a binding obligation."", ""type"": 1, ""prob"": 1.0, ""kind"": ""Notable"", ""party"": ""company_presbyterian""}]",1
122FSupp3d1157_broker_dealer_agreement,122 F.Supp.3d 1157,c003,Recital—BD Duties,NEGATIVE,1.1,westlaw,not_risky,0,0,none,not_risky,0.0,0.0,0,0,[],1
122FSupp3d1157_broker_dealer_agreement,122 F.Supp.3d 1157,c004,Recital—Indenture and Auction Rate,NEGATIVE,1.1,westlaw,not_risky,0,0,none,not_risky,0.0,0.0,0,0,[],1
122FSupp3d1157_broker_dealer_agreement,122 F.Supp.3d 1157,c005,Recital—Appointment of Auction Agent,NEGATIVE,1.1,westlaw,not_risky,0,0,none,not_risky,0.0,0.0,0,0,[],1
122FSupp3d1157_broker_dealer_agreement,122 F.Supp.3d 1157,c006,Recital—Broker-Dealer Participation,NEGATIVE,1.1,westlaw,not_risky,0,0,none,not_risky,0.0,0.0,0,0,[],1
122FSupp3d1157_broker_dealer_agreement,122 F.Supp.3d 1157,c007,1.3(e) Beneficial Ownership References,NEGATIVE,1.1,westlaw,not_risky,0,0,none,not_risky,0.0,0.0,0,0,[],1
122FSupp3d1157_broker_dealer_agreement,122 F.Supp.3d 1157,c008,1.3(f) Series References,NEGATIVE,1.1,westlaw,not_risky,0,0,none,not_risky,0.0,0.0,0,0,[],1
122FSupp3d1157_broker_dealer_agreement,122 F.Supp.3d 1157,c009,1.4 Warranties of BD,NEGATIVE,1.1,westlaw,not_risky,0,0,none,not_risky,0.0,0.0,0,0,"[{""issue"": ""BD Warranties Lack Key Regulatory Representations. Section 1.4  contains only a bare representation that the agreement has been duly authorized. Notably absent are representations that BD is duly registered as a broker-dealer with the SEC and applicable state regulators, and is in compliance with applicable securities laws. These are standard for broker-dealer agreements and protect the Company."", ""type"": 0, ""prob"": 1.0, ""kind"": ""Notable"", ""party"": ""company_presbyterian""}]",1
122FSupp3d1157_broker_dealer_agreement,122 F.Supp.3d 1157,c010,2.1(a) Purpose of Auction Procedures,NEGATIVE,1.1,westlaw,not_risky,0,0,none,not_risky,0.0,0.0,0,0,"[{""issue"": ""BD Warranty Lacks Standard Enforceability Qualifications. In Section 1.4, BD's representation that the agreement constitutes a valid and binding agreement enforceable in accordance with its terms lacks customary enforceability qualifications. Standard practice is to include exceptions for bankruptcy, insolvency, reorganization, and similar laws affecting creditors' rights generally, as well as general principles of equity. Without these qualifications, the representation is overbroad and could be technically breached in scenarios outside BD's control."", ""type"": 0, ""prob"": 1.0, ""kind"": ""Important"", ""party"": ""broker_dealer_goldman_sachs""}]",1
122FSupp3d1157_broker_dealer_agreement,122 F.Supp.3d 1157,c011,2.1(b) Incorporation by Reference,NEGATIVE,1.1,westlaw,not_risky,0,0,none,not_risky,0.0,0.0,0,0,[],1
122FSupp3d1157_broker_dealer_agreement,122 F.Supp.3d 1157,c012,2.1(c) BD Obligations,NEGATIVE,1.1,westlaw,not_risky,0,0,none,not_risky,0.0,0.0,0,0,[],1
122FSupp3d1157_broker_dealer_agreement,122 F.Supp.3d 1157,c013,2.1(d) Participation for Own Accounts,NEGATIVE,1.1,westlaw,not_risky,0,0,none,not_risky,0.0,0.0,0,0,"[{""issue"": ""Unilateral Company Right to Prohibit BD Bidding for Own Account. Section 2.1(d)  grants the Company a unilateral right to prohibit all Broker-Dealers from submitting Bids in Auctions for their own accounts, with no requirement for advance notice, good cause, or consent from BD. This could materially impair Goldman's ability to support auction liquidity and manage its own inventory. Consider requiring reasonable advance notice (e.g., 10 Business Days) and limiting this right to circumstances where there is a reasonable basis for the restriction."", ""type"": 0, ""prob"": 1.0, ""kind"": ""Notable"", ""party"": ""broker_dealer_goldman_sachs""}]",1
122FSupp3d1157_broker_dealer_agreement,122 F.Supp.3d 1157,c014,2.2(a) Auction Rate Information,NEGATIVE,1.1,westlaw,not_risky,0,0,none,not_risky,0.0,0.0,0,0,[],1
122FSupp3d1157_broker_dealer_agreement,122 F.Supp.3d 1157,c015,2.2(b) Existing Owner Lists and Confidentiality,NEGATIVE,1.1,westlaw,not_risky,0,0,none,risky_type1,1.0,0.0,3,0,"[{""issue"": ""The phrase “failure to do so would expose the Auction Agent to loss, liability, claim, damage or expense for which it has not received indemnity satisfactory to it” left open whether virtually any potential claim could trigger disclosure."", ""type"": 1, ""prob"": 1.0, ""kind"": ""Notable"", ""party"": ""broker_dealer_goldman_sachs""}, {""issue"": ""The phrase “failure to do so would expose the Auction Agent to loss, liability, claim, damage or expense for which it has not received indemnity satisfactory to it” left open whether any situation involving potential liability permitted disclosure."", ""type"": 1, ""prob"": 1.0, ""kind"": ""Minor"", ""party"": ""company_presbyterian""}, {""issue"": ""The enumeration “the Auction Agent, the Bond Insurer and BD and their respective successors and assigns” left open whether the Company had standing to enforce the Broker-Dealer Agreement."", ""type"": 1, ""prob"": 1.0, ""kind"": ""Important"", ""party"": ""company_presbyterian""}]",1
122FSupp3d1157_broker_dealer_agreement,122 F.Supp.3d 1157,c016,2.2(c) Principal Amount Change Notice,NEGATIVE,1.1,westlaw,not_risky,0,0,none,not_risky,0.0,0.0,0,0,[],1
122FSupp3d1157_broker_dealer_agreement,122 F.Supp.3d 1157,c017,2.3(a) Auction Schedule,NEGATIVE,1.1,westlaw,not_risky,0,0,none,not_risky,0.0,0.0,0,0,"[{""issue"": ""Auction Schedule Changes Directed Solely by Company. Section 2.3(a)  allows the auction schedule to be changed \""at the written direction of the Company\"" without BD's consent. Such changes could materially affect Goldman's operational capacity. Consider requiring BD's prior consent or at minimum adequate advance notice."", ""type"": 0, ""prob"": 1.0, ""kind"": ""Minor"", ""party"": ""broker_dealer_goldman_sachs""}, {""issue"": ""BD Obligation to Achieve \""Lowest Possible\"" Interest Rate. Section 2.3(b)  requires BD to contact Potential Owners \""for the purpose of implementing the Auctions (and thereby achieving the lowest possible interest rate on the Series 2004 Auction Bonds).\"" The parenthetical imposes an outcome-based standard that may conflict with BD's duties to its customers and could create liability exposure if rates are not minimized. This language should be softened."", ""type"": 0, ""prob"": 1.0, ""kind"": ""Important"", ""party"": ""broker_dealer_goldman_sachs""}]",1
122FSupp3d1157_broker_dealer_agreement,122 F.Supp.3d 1157,c018,2.3(b) Potential Owner Contacts and Documents,NEGATIVE,1.1,westlaw,not_risky,0,0,none,not_risky,0.0,0.0,0,0,[],1
122FSupp3d1157_broker_dealer_agreement,122 F.Supp.3d 1157,c019,2.3(c) Separate Orders,NEGATIVE,1.1,westlaw,not_risky,0,0,none,not_risky,0.0,0.0,0,0,[],1
122FSupp3d1157_broker_dealer_agreement,122 F.Supp.3d 1157,c020,2.3(d) Transfer and Failure Notices,NEGATIVE,1.1,westlaw,not_risky,0,0,none,not_risky,0.0,0.0,0,0,[],1
122FSupp3d1157_broker_dealer_agreement,122 F.Supp.3d 1157,c021,2.4(a) Auction Results Notices,NEGATIVE,1.1,westlaw,not_risky,0,0,none,not_risky,0.0,0.0,0,0,[],1
122FSupp3d1157_broker_dealer_agreement,122 F.Supp.3d 1157,c022,2.4(b) Auction Schedule Change Notice,NEGATIVE,1.1,westlaw,not_risky,0,0,none,not_risky,0.0,0.0,0,0,[],1
122FSupp3d1157_broker_dealer_agreement,122 F.Supp.3d 1157,c023,2.4(c) Owner Notices,NEGATIVE,1.1,westlaw,not_risky,0,0,none,not_risky,0.0,0.0,0,0,[],1
122FSupp3d1157_broker_dealer_agreement,122 F.Supp.3d 1157,c024,2.4(d) Delivery of Notices and Certificates,NEGATIVE,1.1,westlaw,not_risky,0,0,none,not_risky,0.0,0.0,0,0,[],1
122FSupp3d1157_broker_dealer_agreement,122 F.Supp.3d 1157,c025,2.5(a) Broker-Dealer Fee Rate,NEGATIVE,1.1,westlaw,not_risky,0,0,none,not_risky,0.0,0.0,0,0,"[{""issue"": ""Unilateral Fee Adjustment Mechanism Favors Broker-Dealer. Section 2.5(a)  provides that the Broker-Dealer Fee Rate may be adjusted only upon a written request of the Broker-Dealer. While this requires Company approval, the Company has no express right to initiate a fee reduction. The provision should be reciprocal, allowing either party to initiate fee adjustment discussions."", ""type"": 0, ""prob"": 1.0, ""kind"": ""Notable"", ""party"": ""company_presbyterian""}]",1
122FSupp3d1157_broker_dealer_agreement,122 F.Supp.3d 1157,c026,2.5(b) Non-Daily Auction Fee Calculation,NEGATIVE,1.1,westlaw,not_risky,0,0,none,not_risky,0.0,0.0,0,0,"[{""issue"": ""Fee Adjustment Requires Company Approval with No Standard for Approval. Section 2.5(a)  provides that the Broker-Dealer Fee Rate \""may be adjusted from time to time with the approval of the Company upon a written request of the Broker-Dealer delivered to the Company.\"" The Company has unfettered discretion to deny any fee increase. There is no obligation on the Company to consider the request in good faith or to respond within any time period. Goldman should consider adding that the Company's approval shall not be unreasonably withheld and that the Company shall respond within a specified number of days."", ""type"": 0, ""prob"": 1.0, ""kind"": ""Notable"", ""party"": ""broker_dealer_goldman_sachs""}]",1
122FSupp3d1157_broker_dealer_agreement,122 F.Supp.3d 1157,c027,2.5(b) Daily Auction Fee Calculation,NEGATIVE,1.1,westlaw,not_risky,0,0,none,not_risky,0.0,0.0,0,0,[],1
122FSupp3d1157_broker_dealer_agreement,122 F.Supp.3d 1157,c028,2.5(b) Fee Administration and Broker Designation,NEGATIVE,1.1,westlaw,not_risky,0,0,none,not_risky,0.0,0.0,0,0,"[{""issue"": ""Auction Agent's Fee Calculation is Conclusive Absent Manifest Error. Section 2.5(b)  provides that the Broker-Dealer Fee calculation by the Auction Agent is \""conclusive absent manifest error.\"" This gives BD no ability to audit or dispute fee calculations except in cases of \""manifest error,\"" which is a very high bar. Goldman should have the right to review and verify fee calculations."", ""type"": 0, ""prob"": 1.0, ""kind"": ""Notable"", ""party"": ""broker_dealer_goldman_sachs""}, {""issue"": ""No Monitoring of BD Self-Dealing. Section 2.1(d)  disclaims any Auction Agent duty to monitor BD's compliance with self-dealing restrictions. This leaves the Company without a practical mechanism to detect potential auction rate manipulation. Consider adding a BD certification obligation."", ""type"": 0, ""prob"": 1.0, ""kind"": ""Notable"", ""party"": ""company_presbyterian""}, {""issue"": ""Auction Agent Fee Calculation Deemed Conclusive. The Broker-Dealer Fee calculation by the Auction Agent is stated to be \""conclusive absent manifest error\"" . This is a high bar for the Company to challenge erroneous fee calculations. The Company should have the right to review and dispute fee calculations within a reasonable period. Consider adding a dispute mechanism."", ""type"": 0, ""prob"": 1.0, ""kind"": ""Notable"", ""party"": ""company_presbyterian""}]",1
122FSupp3d1157_broker_dealer_agreement,122 F.Supp.3d 1157,c029,2.5 Bond Insurer Payment Right,NEGATIVE,1.1,westlaw,not_risky,0,0,none,not_risky,0.0,0.0,0,0,[],1
122FSupp3d1157_broker_dealer_agreement,122 F.Supp.3d 1157,c030,2.6(a) Settlement Failures,NEGATIVE,1.1,westlaw,not_risky,0,0,none,risky_type1,1.0,0.0,1,0,"[{""issue"": ""Uncapped Settlement Backstop Obligation for BD. Section 2.6(a) imposes an obligation on BD to \""promptly deliver\"" funds when a Potential Owner fails to pay. This creates an uncapped backstop/guaranty obligation on Goldman for customer settlement failures. Consider qualifying this as a commercially reasonable efforts obligation."", ""type"": 0, ""prob"": 1.0, ""kind"": ""Important"", ""party"": ""broker_dealer_goldman_sachs""}, {""issue"": ""The sentence “The Bond Insurer shall have the right to pay the Broker-Dealer fee if such fee is not paid by the Company” left open whether a backup payment created subrogation or reimbursement obligations for the Company beyond those in the other transaction documents."", ""type"": 1, ""prob"": 1.0, ""kind"": ""Minor"", ""party"": ""company_presbyterian""}]",1
122FSupp3d1157_broker_dealer_agreement,122 F.Supp.3d 1157,c031,2.6(b) No Responsibility for Settlement Failure,NEGATIVE,1.1,westlaw,not_risky,0,0,none,not_risky,0.0,0.0,0,0,[],1
122FSupp3d1157_broker_dealer_agreement,122 F.Supp.3d 1157,c032,3.1(a) Agency and No Implied Duties,NEGATIVE,1.1,westlaw,not_risky,0,0,none,risky_type1,1.0,0.0,1,0,"[{""issue"": ""No Corresponding Liability Limitation for BD. The agreement contains extensive liability protections for the Auction Agent (Section 3.1(a)-(e)     ) and liability disclaimers for the Company (Section 2.6(b) ), but provides no comparable limitation of liability or exculpation for BD. This asymmetry is unfavorable to Goldman. Consider adding language in Section 3.1(a) to clarify that BD likewise owes no fiduciary duties to the Auction Agent, the Company, or the Issuer, or adding a separate BD liability limitation provision."", ""type"": 0, ""prob"": 1.0, ""kind"": ""Important"", ""party"": ""broker_dealer_goldman_sachs""}, {""issue"": ""The phrase “owes no duties, fiduciary or otherwise, to any other Person” left open whether the disclaimer reached the Auction Agent’s express contractual obligations to the Company."", ""type"": 1, ""prob"": 1.0, ""kind"": ""Important"", ""party"": ""company_presbyterian""}]",1
122FSupp3d1157_broker_dealer_agreement,122 F.Supp.3d 1157,c033,3.1(b) Express Duties Only,NEGATIVE,1.1,westlaw,not_risky,0,0,none,not_risky,0.0,0.0,0,0,[],1
122FSupp3d1157_broker_dealer_agreement,122 F.Supp.3d 1157,c034,3.1(c) Liability Standard,NEGATIVE,1.1,westlaw,not_risky,0,0,none,risky_type1,1.0,0.0,1,0,"[{""issue"": ""The phrases “in the absence of negligence or misconduct” and “unless the Auction Agent shall have been negligent in ascertaining the pertinent facts” left open whether ordinary negligence in judgment, as opposed to fact-finding, gave rise to liability."", ""type"": 1, ""prob"": 1.0, ""kind"": ""Minor"", ""party"": ""company_presbyterian""}]",1
122FSupp3d1157_broker_dealer_agreement,122 F.Supp.3d 1157,c035,3.1(d) Auction Agent Limitations,NEGATIVE,1.1,westlaw,not_risky,0,0,none,not_risky,0.0,0.0,0,0,[],1
122FSupp3d1157_broker_dealer_agreement,122 F.Supp.3d 1157,c036,3.1(e) Circumstances Beyond Reasonable Control,NEGATIVE,1.1,westlaw,not_risky,0,0,none,not_risky,0.0,0.0,0,0,"[{""issue"": ""Force Majeure Protection Only for Auction Agent, Not BD. Section 3.1(e)  provides force majeure protection exclusively for the Auction Agent. No comparable provision exists for BD. Goldman could be held liable for failures to perform auction duties caused by events beyond its control. A parallel force majeure provision should cover BD as well."", ""type"": 0, ""prob"": 1.0, ""kind"": ""Notable"", ""party"": ""broker_dealer_goldman_sachs""}]",1
122FSupp3d1157_broker_dealer_agreement,122 F.Supp.3d 1157,c037,5.3 Notices,NEGATIVE,1.1,westlaw,not_risky,0,0,none,risky_type1,1.0,0.0,2,0,"[{""issue"": ""The phrase “if given by any other means, when delivered at the address specified herein” left open whether email was a valid method of giving notice."", ""type"": 1, ""prob"": 1.0, ""kind"": ""Minor"", ""party"": ""broker_dealer_goldman_sachs""}, {""issue"": ""The phrase “if given by any other means, when delivered at the address specified herein” left open whether email was a valid notice method and when it became effective."", ""type"": 1, ""prob"": 1.0, ""kind"": ""Minor"", ""party"": ""company_presbyterian""}]",1
122FSupp3d1157_broker_dealer_agreement,122 F.Supp.3d 1157,c038,5.4 Entire Agreement,POSITIVE,1.1,westlaw,risky,1,0,1.1,not_risky,0.0,0.0,0,0,[],1
122FSupp3d1157_broker_dealer_agreement,122 F.Supp.3d 1157,c039,5.5 Benefits; Successors and Assigns,NEGATIVE,1.1,westlaw,not_risky,0,0,none,risky_type1,1.0,0.0,2,0,"[{""issue"": ""The phrase “the respective successors and assigns of BD, the Bond Insurer and the Auction Agent” left open whether the Company’s fee-payment obligations were enforceable against a successor entity."", ""type"": 1, ""prob"": 1.0, ""kind"": ""Important"", ""party"": ""broker_dealer_goldman_sachs""}, {""issue"": ""The phrase “the respective successors and assigns of BD, the Bond Insurer and the Auction Agent” left open whether the Company’s contractual rights survived succession events."", ""type"": 1, ""prob"": 1.0, ""kind"": ""Important"", ""party"": ""company_presbyterian""}]",1
122FSupp3d1157_broker_dealer_agreement,122 F.Supp.3d 1157,c040,5.6(a) Amendment; Waiver,NEGATIVE,1.1,westlaw,not_risky,0,0,none,not_risky,0.0,0.0,0,0,"[{""issue"": ""Assignment Requires Bond Insurer Consent but Not BD Consent. Section 5.5  states the agreement \""shall not be assigned without the consent of the Bond Insurer\"" but does not require BD's consent for assignment. This means the Auction Agent could assign its obligations to a less creditworthy or less capable successor without Goldman's approval. Goldman should require that its consent (not to be unreasonably withheld) also be obtained for any assignment."", ""type"": 0, ""prob"": 1.0, ""kind"": ""Notable"", ""party"": ""broker_dealer_goldman_sachs""}, {""issue"": ""Assignment Requires Only Bond Insurer Consent, Not Company's. Section 5.5  states the agreement \""shall not be assigned without the consent of the Bond Insurer\"" but does not require the Company's consent to assignment. As the party paying the Broker-Dealer Fee and relying on the Broker-Dealer's performance, the Company should have a consent right over any assignment of this agreement."", ""type"": 0, ""prob"": 1.0, ""kind"": ""Important"", ""party"": ""company_presbyterian""}]",1
122FSupp3d1157_broker_dealer_agreement,122 F.Supp.3d 1157,c041,5.6(b) Failure to Exercise Rights,NEGATIVE,1.1,westlaw,not_risky,0,0,none,not_risky,0.0,0.0,0,0,[],1
122FSupp3d1157_broker_dealer_agreement,122 F.Supp.3d 1157,c042,5.7 Severability,NEGATIVE,1.1,westlaw,not_risky,0,0,none,not_risky,0.0,0.0,0,0,"[{""issue"": ""Exclusive Federal Court Jurisdiction May Be Problematic. Section 5.9  provides that all actions shall be brought exclusively in the United States District Court in the County of New York. This is problematic because federal courts require an independent basis for subject matter jurisdiction. If diversity or federal question jurisdiction is lacking, the parties may have no agreed forum. Consider adding New York state courts as a fallback."", ""type"": 0, ""prob"": 1.0, ""kind"": ""Notable"", ""party"": ""company_presbyterian""}]",1
122FSupp3d1157_broker_dealer_agreement,122 F.Supp.3d 1157,c043,5.8 Execution in Counterparts,NEGATIVE,1.1,westlaw,not_risky,0,0,none,not_risky,0.0,0.0,0,0,"[{""issue"": ""Counterparts Clause Does Not Address Electronic Signatures. Section 5.8  allows execution in counterparts but does not address electronic signatures or PDF delivery. Modern practice should permit these to avoid disputes about execution validity."", ""type"": 0, ""prob"": 1.0, ""kind"": ""Minor"", ""party"": ""company_presbyterian""}]",1
122FSupp3d1157_broker_dealer_agreement,122 F.Supp.3d 1157,c044,5.9 Governing Law; Jurisdiction; Waiver of Trial by Jury,POSITIVE,1.1,westlaw,risky,1,0,1.1,not_risky,0.0,0.0,0,0,"[{""issue"": ""Forum Selection Limited to Federal Court Only. Section 5.9  provides that all actions shall be brought in the United States District Court in the County of New York. Limiting jurisdiction exclusively to federal court is problematic because federal subject matter jurisdiction may not always exist. The clause should include state courts as a fallback."", ""type"": 0, ""prob"": 1.0, ""kind"": ""Notable"", ""party"": ""broker_dealer_goldman_sachs""}]",1
122FSupp3d1157_broker_dealer_agreement,122 F.Supp.3d 1157,c045,5.10 No Implied Duties,NEGATIVE,1.1,westlaw,not_risky,0,0,none,not_risky,0.0,0.0,0,0,"[{""issue"": ""No-Implied-Duties Clause Protects Only the Company. Section 5.10  provides that nothing in the agreement \""shall be deemed to imply any duties, covenants or obligations on the part of the Company not otherwise expressly set forth herein or therein.\"" This protection runs only in favor of the Company. Goldman should seek reciprocal protection — BD should likewise not have implied duties beyond those expressly stated."", ""type"": 0, ""prob"": 1.0, ""kind"": ""Notable"", ""party"": ""broker_dealer_goldman_sachs""}, {""issue"": ""Jury Waiver May Not Be Enforceable Without Conspicuous Notice. Section 5.9  includes a mutual waiver of the right to trial by jury. Under New York law, jury trial waivers are generally enforceable if knowing and voluntary, but courts scrutinize whether the waiver was conspicuous. Best practice is to set the waiver in bold or uppercase text to reduce the risk of a later challenge that the waiver was not sufficiently prominent."", ""type"": 0, ""prob"": 1.0, ""kind"": ""Minor"", ""party"": ""company_presbyterian""}]",1
129FSupp3d782_the_policy,129 F.Supp.3d 782,c001,Declarations — Insurer,NEGATIVE,2.2,westlaw,not_risky,0,0,none,not_risky,0.0,0.0,0,0,[],1
129FSupp3d782_the_policy,129 F.Supp.3d 782,c002,Declarations — Claims-Made Coverage,NEGATIVE,2.2,westlaw,not_risky,0,0,none,not_risky,0.0,0.0,0,0,[],1
129FSupp3d782_the_policy,129 F.Supp.3d 782,c003,Declarations — Discovered and Reported Coverage,NEGATIVE,2.2,westlaw,not_risky,0,0,none,not_risky,0.0,0.0,0,0,[],1
129FSupp3d782_the_policy,129 F.Supp.3d 782,c004,Declarations — Defense Expenses,NEGATIVE,2.2,westlaw,not_risky,0,0,none,not_risky,0.0,0.0,0,0,[],1
129FSupp3d782_the_policy,129 F.Supp.3d 782,c005,Declarations — Policy Documents,NEGATIVE,2.2,westlaw,not_risky,0,0,none,not_risky,0.0,0.0,0,0,[],1
129FSupp3d782_the_policy,129 F.Supp.3d 782,c006,Item 2.a. Coverage A Policy Period,NEGATIVE,2.2,westlaw,not_risky,0,0,none,not_risky,0.0,0.0,0,0,[],1
129FSupp3d782_the_policy,129 F.Supp.3d 782,c007,Item 2.b. Coverage A Per-Condition Limit,NEGATIVE,2.2,westlaw,not_risky,0,0,none,not_risky,0.0,0.0,0,0,[],1
129FSupp3d782_the_policy,129 F.Supp.3d 782,c008,Item 2.c. Coverage A Aggregate Limit,NEGATIVE,2.2,westlaw,not_risky,0,0,none,risky_type2,0.0,1.0,0,1,"[{""issue"": ""Item 2.c's $9,000,000 Coverage A aggregate had to be read against Item 4's $7,000,000 Total Policy Aggregate and Section II.G to determine whether the Coverage A aggregate or the Total Policy Aggregate controlled."", ""type"": 2, ""prob"": 1.0, ""kind"": ""Important"", ""party"": ""insurer_illinois_union""}]",1
129FSupp3d782_the_policy,129 F.Supp.3d 782,c009,Item 2.d. Coverage A Retention,NEGATIVE,2.2,westlaw,not_risky,0,0,none,not_risky,0.0,0.0,0,0,[],1
129FSupp3d782_the_policy,129 F.Supp.3d 782,c010,Item 3.a. Coverage B Policy Period,NEGATIVE,2.2,westlaw,not_risky,0,0,none,not_risky,0.0,0.0,0,0,[],1
129FSupp3d782_the_policy,129 F.Supp.3d 782,c011,Item 3.b. Coverage B Per-Condition Limit,NEGATIVE,2.2,westlaw,not_risky,0,0,none,not_risky,0.0,0.0,0,0,[],1
129FSupp3d782_the_policy,129 F.Supp.3d 782,c012,Item 3.c. Coverage B Aggregate Limit,NEGATIVE,2.2,westlaw,not_risky,0,0,none,not_risky,0.0,0.0,0,0,[],1
129FSupp3d782_the_policy,129 F.Supp.3d 782,c013,Item 3.d. Coverage B Retention,NEGATIVE,2.2,westlaw,not_risky,0,0,none,not_risky,0.0,0.0,0,0,[],1
129FSupp3d782_the_policy,129 F.Supp.3d 782,c014,Item 4. Total Policy Aggregate,NEGATIVE,2.2,westlaw,not_risky,0,0,none,not_risky,0.0,0.0,0,0,"[{""issue"": ""Total Policy Aggregate Lower Than Sum of Sub-Aggregates. The Coverage A aggregate is $9,000,000  and the Coverage B aggregate is $5,000,000 , but the Total Policy Aggregate is only $7,000,000 . This means Rembrandt cannot actually access the full individual aggregates of both Coverage A and Coverage B simultaneously. The Total Policy Aggregate effectively caps total recovery well below the combined $14,000,000 that the individual coverage aggregates might suggest. Rembrandt should request that the Total Policy Aggregate be increased to at least equal the sum of the individual coverage aggregates, or be made aware that the individual per-coverage aggregates are illusory above $7M combined."", ""type"": 0, ""prob"": 1.0, ""kind"": ""Important"", ""party"": ""insured_rembrandt""}]",1
129FSupp3d782_the_policy,129 F.Supp.3d 782,c015,Item 5. Premium,NEGATIVE,2.2,westlaw,not_risky,0,0,none,not_risky,0.0,0.0,0,0,"[{""issue"": ""100% Minimum Earned Premium. The premium of $134,651 is deemed 100% minimum-earned as of the first day of the Policy Period . This means Rembrandt receives no premium refund whatsoever if it cancels the policy—even if cancellation occurs on day two of a three-year term. This is an extremely aggressive provision. A more market-standard approach would be a lower minimum-earned percentage (e.g., 25% or pro-rata with a short-rate table), or at least a declining earned-premium schedule over the policy period. Consider negotiating this down."", ""type"": 0, ""prob"": 1.0, ""kind"": ""Important"", ""party"": ""insured_rembrandt""}]",1
129FSupp3d782_the_policy,129 F.Supp.3d 782,c016,Declarations — Currency,NEGATIVE,2.2,westlaw,not_risky,0,0,none,not_risky,0.0,0.0,0,0,[],1
129FSupp3d782_the_policy,129 F.Supp.3d 782,c017,General Coverage Agreement,NEGATIVE,2.2,westlaw,not_risky,0,0,none,not_risky,0.0,0.0,0,0,[],1
129FSupp3d782_the_policy,129 F.Supp.3d 782,c018,I.A. New Pollution Conditions Coverage,NEGATIVE,2.2,westlaw,not_risky,0,0,none,not_risky,0.0,0.0,0,0,"[{""issue"": ""No Express Prejudice Requirement for Late Notice. Section VII.A requires the insured to provide written notice \""as soon as practicable\"" , but the policy does not expressly state consequences for late notice beyond the claims-made-and-reported structure. Under New York Insurance Law § 3420(a)(5), an insurer must demonstrate prejudice from late notice before disclaiming on liability policies. Adding an express late-notice consequence provision would strengthen the Insurer's enforcement position and provide clear guidance to claims handlers."", ""type"": 0, ""prob"": 1.0, ""kind"": ""Minor"", ""party"": ""insurer_illinois_union""}, {""issue"": ""Non-Owned Covered Locations — No Separate SIR or Sublimit. The Schedule of Non-Owned Covered Locations Endorsement (Endorsement 11) adds 11 third-party egg production facilities  but does not specify a separate SIR or sublimit for these locations. The Insurer has no control over operations at these non-owned sites, creating a materially different risk profile. The standard $100,000 SIR and full policy limits would apply by default. Consider whether a separate, higher SIR or a dedicated sublimit for non-owned covered locations is appropriate to manage exposure."", ""type"": 0, ""prob"": 1.0, ""kind"": ""Minor"", ""party"": ""insurer_illinois_union""}]",1
129FSupp3d782_the_policy,129 F.Supp.3d 782,c019,I.A. New Pollution Conditions Timing,NEGATIVE,2.2,westlaw,not_risky,0,0,none,not_risky,0.0,0.0,0,0,[],1
129FSupp3d782_the_policy,129 F.Supp.3d 782,c020,I.B. Pre-Existing Pollution Conditions Coverage,NEGATIVE,2.2,westlaw,not_risky,0,0,none,not_risky,0.0,0.0,0,0,[],1
129FSupp3d782_the_policy,129 F.Supp.3d 782,c021,I.B. Pre-Existing Conditions Timing,NEGATIVE,2.2,westlaw,not_risky,0,0,none,not_risky,0.0,0.0,0,0,[],1
129FSupp3d782_the_policy,129 F.Supp.3d 782,c022,II.A. Attachment of Insurer Obligation,NEGATIVE,2.2,westlaw,not_risky,0,0,none,risky_type2,0.0,1.0,0,1,"[{""issue"": ""The Products Pollution insuring agreement covering only \""claims\"" and associated \""legal defense expense\"" could not be squared with the Products Liability exclusion and its product-pollution carve-back referencing \""remediation costs\"" on whether remediation costs were covered for product pollution."", ""type"": 2, ""prob"": 1.0, ""kind"": ""Notable"", ""party"": ""insurer_illinois_union""}]",1
129FSupp3d782_the_policy,129 F.Supp.3d 782,c023,II.B. One Retention,NEGATIVE,2.2,westlaw,not_risky,0,0,none,risky_type1,1.0,0.0,1,0,"[{""issue"": ""The undefined term \""covered 'loss'\"" left open whether it encompassed covered \""claims\"", \""remediation costs\"" and \""legal defense expense\"" for purposes of the settlement cap."", ""type"": 1, ""prob"": 1.0, ""kind"": ""Notable"", ""party"": ""insurer_illinois_union""}]",1
129FSupp3d782_the_policy,129 F.Supp.3d 782,c024,II.C. Coverage A Per-Condition Limit,NEGATIVE,2.2,westlaw,not_risky,0,0,none,risky_type1,1.0,0.0,1,0,"[{""issue"": ""The undefined phrase \""covered operations\"" was open to reading as limiting Coverage B to operational pollution conditions and excluding passive migration, or as a condition precedent that could never be satisfied."", ""type"": 1, ""prob"": 1.0, ""kind"": ""Important"", ""party"": ""insurer_illinois_union""}]",1
129FSupp3d782_the_policy,129 F.Supp.3d 782,c025,II.D. Coverage A Aggregate Limit,NEGATIVE,2.2,westlaw,not_risky,0,0,none,not_risky,0.0,0.0,0,0,[],1
129FSupp3d782_the_policy,129 F.Supp.3d 782,c026,II.E. Coverage B Per-Condition Limit,NEGATIVE,2.2,westlaw,not_risky,0,0,none,not_risky,0.0,0.0,0,0,[],1
129FSupp3d782_the_policy,129 F.Supp.3d 782,c027,II.F. Coverage B Aggregate Limit,NEGATIVE,2.2,westlaw,not_risky,0,0,none,not_risky,0.0,0.0,0,0,[],1
129FSupp3d782_the_policy,129 F.Supp.3d 782,c028,II.G. Total Policy Aggregate Limit,NEGATIVE,2.2,westlaw,not_risky,0,0,none,not_risky,0.0,0.0,0,0,[],1
129FSupp3d782_the_policy,129 F.Supp.3d 782,c029,II.H. Related Conditions and Claims,NEGATIVE,2.2,westlaw,not_risky,0,0,none,not_risky,0.0,0.0,0,0,[],1
129FSupp3d782_the_policy,129 F.Supp.3d 782,c030,III.A. Duty to Defend,NEGATIVE,2.2,westlaw,not_risky,0,0,none,not_risky,0.0,0.0,0,0,"[{""issue"": ""Insured vs. Insured Exclusion — No Carve-Out for Subrogation or Contribution Claims. The Insured vs. Insured exclusion  broadly bars any \""claims\"" made by one insured against another insured, with no exceptions. This could create problems in Rembrandt's structure — for example, if Farm Nutrients LLC (a named insured) has a contribution or indemnity claim against Rembrandt (also an insured), or vice versa, relating to a covered pollution condition, the claim would be excluded. Consider requesting carve-outs for cross-claims, contribution claims, or subrogation actions between insureds that arise from third-party pollution claims."", ""type"": 0, ""prob"": 1.0, ""kind"": ""Minor"", ""party"": ""insured_rembrandt""}]",1
129FSupp3d782_the_policy,129 F.Supp.3d 782,c031,III.B. Selection of Counsel,NEGATIVE,2.2,westlaw,not_risky,0,0,none,not_risky,0.0,0.0,0,0,"[{""issue"": ""Pre-Counsel-Selection Defense Costs Not Covered. Legal defense expenses incurred prior to the Insurer's selection of legal counsel are excluded from coverage and cannot even be credited against the self-insured retention . This could leave Rembrandt exposed for costs incurred in the gap between receiving a claim and the Insurer completing its counsel selection process — a period potentially prolonged by insurer delay. Consider adding a reasonable time limit (e.g., 30 days from notice) after which pre-selection costs become covered, or at minimum allow such costs to count toward the SIR."", ""type"": 0, ""prob"": 1.0, ""kind"": ""Notable"", ""party"": ""insured_rembrandt""}]",1
129FSupp3d782_the_policy,129 F.Supp.3d 782,c032,III.B. Independent Counsel,NEGATIVE,2.2,westlaw,not_risky,0,0,none,not_risky,0.0,0.0,0,0,"[{""issue"": ""Independent Counsel Fee Cap Disadvantageous to Insured. When Rembrandt is entitled by law to select independent counsel, the Insurer caps attorney fees at the rates it \""actually pays to counsel that the Insurer normally retains in the ordinary course of business\"" . This rate cap could result in Rembrandt being unable to retain qualified independent counsel if the Insurer's panel rates are below market. New York law (Civil Practice) recognizes the right to independent counsel in conflict situations, and the fee should reflect reasonable rates in the relevant jurisdiction, not be artificially constrained to the Insurer's bulk-discount panel rates. Consider revising to reference \""reasonable and customary rates\"" in the jurisdiction."", ""type"": 0, ""prob"": 1.0, ""kind"": ""Notable"", ""party"": ""insured_rembrandt""}]",1
129FSupp3d782_the_policy,129 F.Supp.3d 782,c033,III.C. Environmental Consultant,NEGATIVE,2.2,westlaw,not_risky,0,0,none,not_risky,0.0,0.0,0,0,"[{""issue"": ""Environmental Consultant Pre-Approval Required Except for Emergency Response. The policy requires the insured to receive \""written consent of the Insurer prior to the selection and retention\"" of an environmental consultant , with the only exception being for \""emergency response\"" (limited to 72 hours) . If the Insurer is slow to respond, Rembrandt could be delayed in addressing a pollution condition — yet pre-consent costs are excluded from coverage and cannot credit the SIR . Consider requesting that consultant costs be covered if the Insurer fails to respond to a consent request within a specified period (e.g., 5 business days)."", ""type"": 0, ""prob"": 1.0, ""kind"": ""Minor"", ""party"": ""insured_rembrandt""}]",1
129FSupp3d782_the_policy,129 F.Supp.3d 782,c034,III.D. Defense Expenses Erode Limits,NEGATIVE,2.2,westlaw,not_risky,0,0,none,not_risky,0.0,0.0,0,0,[],1
129FSupp3d782_the_policy,129 F.Supp.3d 782,c035,III.E. Settlement,NEGATIVE,2.2,westlaw,not_risky,0,0,none,not_risky,0.0,0.0,0,0,[],1
129FSupp3d782_the_policy,129 F.Supp.3d 782,c036,IV. Coverage Territory,NEGATIVE,2.2,westlaw,not_risky,0,0,none,not_risky,0.0,0.0,0,0,[],1
129FSupp3d782_the_policy,129 F.Supp.3d 782,c037,V.A. Additional Insured,NEGATIVE,2.2,westlaw,not_risky,0,0,none,not_risky,0.0,0.0,0,0,[],1
129FSupp3d782_the_policy,129 F.Supp.3d 782,c038,V.B. Bodily Injury,NEGATIVE,2.2,westlaw,not_risky,0,0,none,not_risky,0.0,0.0,0,0,[],1
129FSupp3d782_the_policy,129 F.Supp.3d 782,c039,V.C. Certified Industrial Hygienist,NEGATIVE,2.2,westlaw,not_risky,0,0,none,not_risky,0.0,0.0,0,0,[],1
129FSupp3d782_the_policy,129 F.Supp.3d 782,c040,V.D. Claim,NEGATIVE,2.2,westlaw,not_risky,0,0,none,not_risky,0.0,0.0,0,0,[],1
129FSupp3d782_the_policy,129 F.Supp.3d 782,c041,V.E. Contingent Transportation,NEGATIVE,2.2,westlaw,not_risky,0,0,none,not_risky,0.0,0.0,0,0,[],1
129FSupp3d782_the_policy,129 F.Supp.3d 782,c042,V.F. Covered Location,NEGATIVE,2.2,westlaw,not_risky,0,0,none,not_risky,0.0,0.0,0,0,[],1
129FSupp3d782_the_policy,129 F.Supp.3d 782,c043,V.G. Emergency Response,NEGATIVE,2.2,westlaw,not_risky,0,0,none,not_risky,0.0,0.0,0,0,[],1
129FSupp3d782_the_policy,129 F.Supp.3d 782,c044,V.H. Environmental Indemnity Obligations,NEGATIVE,2.2,westlaw,not_risky,0,0,none,not_risky,0.0,0.0,0,0,[],1
129FSupp3d782_the_policy,129 F.Supp.3d 782,c045,V.I. Environmental Law,NEGATIVE,2.2,westlaw,not_risky,0,0,none,not_risky,0.0,0.0,0,0,[],1
129FSupp3d782_the_policy,129 F.Supp.3d 782,c046,V.J. Extended Reporting Period,NEGATIVE,2.2,westlaw,not_risky,0,0,none,not_risky,0.0,0.0,0,0,[],1
129FSupp3d782_the_policy,129 F.Supp.3d 782,c047,V.K. First Named Insured,NEGATIVE,2.2,westlaw,not_risky,0,0,none,not_risky,0.0,0.0,0,0,[],1
129FSupp3d782_the_policy,129 F.Supp.3d 782,c048,V.L. Fungi,NEGATIVE,2.2,westlaw,not_risky,0,0,none,not_risky,0.0,0.0,0,0,[],1
129FSupp3d782_the_policy,129 F.Supp.3d 782,c049,V.M. Government Action,NEGATIVE,2.2,westlaw,not_risky,0,0,none,not_risky,0.0,0.0,0,0,[],1
129FSupp3d782_the_policy,129 F.Supp.3d 782,c050,V.N. Illicit Abandonment,NEGATIVE,2.2,westlaw,not_risky,0,0,none,not_risky,0.0,0.0,0,0,[],1
129FSupp3d782_the_policy,129 F.Supp.3d 782,c051,V.O. Insured,NEGATIVE,2.2,westlaw,not_risky,0,0,none,not_risky,0.0,0.0,0,0,[],1
129FSupp3d782_the_policy,129 F.Supp.3d 782,c052,V.P. Legal Defense Expense,NEGATIVE,2.2,westlaw,not_risky,0,0,none,not_risky,0.0,0.0,0,0,[],1
129FSupp3d782_the_policy,129 F.Supp.3d 782,c053,V.Q. Low-Level Radioactive Waste,NEGATIVE,2.2,westlaw,not_risky,0,0,none,not_risky,0.0,0.0,0,0,[],1
129FSupp3d782_the_policy,129 F.Supp.3d 782,c054,V.R. Mixed Waste,NEGATIVE,2.2,westlaw,not_risky,0,0,none,not_risky,0.0,0.0,0,0,[],1
129FSupp3d782_the_policy,129 F.Supp.3d 782,c055,V.S. Named Insured,NEGATIVE,2.2,westlaw,not_risky,0,0,none,not_risky,0.0,0.0,0,0,[],1
129FSupp3d782_the_policy,129 F.Supp.3d 782,c056,V.T. Natural Resource Damage,NEGATIVE,2.2,westlaw,not_risky,0,0,none,not_risky,0.0,0.0,0,0,[],1
129FSupp3d782_the_policy,129 F.Supp.3d 782,c057,V.U. Non-Owned Disposal Site,NEGATIVE,2.2,westlaw,not_risky,0,0,none,not_risky,0.0,0.0,0,0,[],1
129FSupp3d782_the_policy,129 F.Supp.3d 782,c058,V.V. Policy Period,NEGATIVE,2.2,westlaw,not_risky,0,0,none,not_risky,0.0,0.0,0,0,[],1
129FSupp3d782_the_policy,129 F.Supp.3d 782,c059,V.W. Pollution Condition,NEGATIVE,2.2,westlaw,not_risky,0,0,none,not_risky,0.0,0.0,0,0,[],1
129FSupp3d782_the_policy,129 F.Supp.3d 782,c060,V.X. Property Damage,NEGATIVE,2.2,westlaw,not_risky,0,0,none,not_risky,0.0,0.0,0,0,[],1
129FSupp3d782_the_policy,129 F.Supp.3d 782,c061,V.Y. Remediation Costs,NEGATIVE,2.2,westlaw,not_risky,0,0,none,risky_type1,1.0,0.0,1,0,"[{""issue"": ""The phrase \""to the extent required by 'environmental law'\"" left open whether it reached remediation of emerging contaminants not yet regulated under environmental law."", ""type"": 1, ""prob"": 1.0, ""kind"": ""Minor"", ""party"": ""insured_rembrandt""}]",1
129FSupp3d782_the_policy,129 F.Supp.3d 782,c062,V.Z. Responsible Person,NEGATIVE,2.2,westlaw,not_risky,0,0,none,not_risky,0.0,0.0,0,0,[],1
129FSupp3d782_the_policy,129 F.Supp.3d 782,c063,V.AA. Self-Insured Retention,NEGATIVE,2.2,westlaw,not_risky,0,0,none,not_risky,0.0,0.0,0,0,[],1
129FSupp3d782_the_policy,129 F.Supp.3d 782,c064,V.BB. Terrorism,NEGATIVE,2.2,westlaw,not_risky,0,0,none,not_risky,0.0,0.0,0,0,[],1
129FSupp3d782_the_policy,129 F.Supp.3d 782,c065,V.CC. Underground Storage Tank,NEGATIVE,2.2,westlaw,not_risky,0,0,none,not_risky,0.0,0.0,0,0,[],1
129FSupp3d782_the_policy,129 F.Supp.3d 782,c066,V.DD. War,NEGATIVE,2.2,westlaw,not_risky,0,0,none,not_risky,0.0,0.0,0,0,[],1
129FSupp3d782_the_policy,129 F.Supp.3d 782,c067,VI.A. Asbestos,NEGATIVE,2.2,westlaw,not_risky,0,0,none,not_risky,0.0,0.0,0,0,[],1
129FSupp3d782_the_policy,129 F.Supp.3d 782,c068,VI.B. Contractual Liability,NEGATIVE,2.2,westlaw,not_risky,0,0,none,not_risky,0.0,0.0,0,0,[],1
129FSupp3d782_the_policy,129 F.Supp.3d 782,c069,VI.C. Divested Property,NEGATIVE,2.2,westlaw,not_risky,0,0,none,not_risky,0.0,0.0,0,0,[],1
129FSupp3d782_the_policy,129 F.Supp.3d 782,c070,VI.D. Employers Liability,NEGATIVE,2.2,westlaw,not_risky,0,0,none,not_risky,0.0,0.0,0,0,[],1
129FSupp3d782_the_policy,129 F.Supp.3d 782,c071,VI.E. Fines and Penalties,NEGATIVE,2.2,westlaw,not_risky,0,0,none,not_risky,0.0,0.0,0,0,"[{""issue"": ""Fines and Penalties Exclusion — Multiplied Damages Carve-Out Missing. The Fines and Penalties exclusion  bars coverage for \""criminal fines, criminal penalties, punitive, exemplary or multiplied damages.\"" The carve-back only preserves coverage for \""punitive or exemplary damages where such coverage is insurable by law\""  but does not mention \""multiplied damages.\"" Under various environmental statutes (e.g., Clean Water Act, CERCLA), treble or multiplied damages can be imposed for non-compliance. Some of these multiplied damages may be insurable under New York law. Rembrandt should request that the carve-back also reference multiplied damages where insurable by law."", ""type"": 0, ""prob"": 1.0, ""kind"": ""Minor"", ""party"": ""insured_rembrandt""}]",1
129FSupp3d782_the_policy,129 F.Supp.3d 782,c072,VI.F. First-Party Property Damage,NEGATIVE,2.2,westlaw,not_risky,0,0,none,not_risky,0.0,0.0,0,0,[],1
129FSupp3d782_the_policy,129 F.Supp.3d 782,c073,VI.G. Fraud or Misrepresentation,NEGATIVE,2.2,westlaw,not_risky,0,0,none,not_risky,0.0,0.0,0,0,[],1
129FSupp3d782_the_policy,129 F.Supp.3d 782,c074,VI.H. Insured’s Internal Expenses,NEGATIVE,2.2,westlaw,not_risky,0,0,none,risky_type1,1.0,0.0,1,0,"[{""issue"": ""The term \""responsible person\"" left open whether it reached a single employee's misrepresentation made without the knowledge or authorization of senior management and thereby triggered the exclusion for all insureds."", ""type"": 1, ""prob"": 1.0, ""kind"": ""Notable"", ""party"": ""insured_rembrandt""}]",1
129FSupp3d782_the_policy,129 F.Supp.3d 782,c075,VI.I. Insured vs. Insured,NEGATIVE,2.2,westlaw,not_risky,0,0,none,not_risky,0.0,0.0,0,0,[],1
129FSupp3d782_the_policy,129 F.Supp.3d 782,c076,VI.J. Intentional Non-Compliance,NEGATIVE,2.2,westlaw,not_risky,0,0,none,risky_type2,0.0,1.0,0,1,"[{""issue"": ""Section VI.H's requirement for prior written approval \""at [the Insurer's] sole discretion\"" could not be squared with Section IX.M's requirement that consent not be unreasonably withheld, delayed, conditioned, or denied on whether approval was governed by sole discretion or reasonableness."", ""type"": 2, ""prob"": 1.0, ""kind"": ""Notable"", ""party"": ""insured_rembrandt""}]",1
129FSupp3d782_the_policy,129 F.Supp.3d 782,c077,VI.K. Known Conditions,NEGATIVE,2.2,westlaw,not_risky,0,0,none,not_risky,0.0,0.0,0,0,[],1
129FSupp3d782_the_policy,129 F.Supp.3d 782,c078,VI.L. Lead-Based Paint,NEGATIVE,2.2,westlaw,not_risky,0,0,none,not_risky,0.0,0.0,0,0,[],1
129FSupp3d782_the_policy,129 F.Supp.3d 782,c079,VI.M. Material Change in Risk,NEGATIVE,2.2,westlaw,not_risky,0,0,none,not_risky,0.0,0.0,0,0,"[{""issue"": ""Material Change in Risk Exclusion — No Notice and Cure Mechanism. The Material Change in Risk exclusion  bars coverage for claims arising from changes in use or operations at a covered location that \""materially increases the likelihood or severity of a pollution condition or claim\"" beyond what was described in the application. However, there is no mechanism for Rembrandt to notify the Insurer of operational changes and obtain continued coverage (e.g., through an additional premium or endorsement). For an agricultural operation that may need to modify operations in response to market or regulatory conditions, this exclusion creates a coverage trap. Rembrandt should negotiate a notice-and-cure provision where changes reported to the Insurer within a specified period (e.g., 60 days) allow coverage to continue, potentially subject to additional premium."", ""type"": 0, ""prob"": 1.0, ""kind"": ""Notable"", ""party"": ""insured_rembrandt""}]",1
129FSupp3d782_the_policy,129 F.Supp.3d 782,c080,VI.N. Naturally Occurring Materials,NEGATIVE,2.2,westlaw,not_risky,0,0,none,not_risky,0.0,0.0,0,0,[],1
129FSupp3d782_the_policy,129 F.Supp.3d 782,c081,VI.O. Non-Owned Disposal Sites,NEGATIVE,2.2,westlaw,not_risky,0,0,none,not_risky,0.0,0.0,0,0,[],1
129FSupp3d782_the_policy,129 F.Supp.3d 782,c082,VI.P. Underground Storage Tanks,NEGATIVE,2.2,westlaw,not_risky,0,0,none,not_risky,0.0,0.0,0,0,[],1
129FSupp3d782_the_policy,129 F.Supp.3d 782,c083,VI.Q. Vehicles,NEGATIVE,2.2,westlaw,not_risky,0,0,none,not_risky,0.0,0.0,0,0,[],1
129FSupp3d782_the_policy,129 F.Supp.3d 782,c084,VI.R. War or Terrorism,NEGATIVE,2.2,westlaw,not_risky,0,0,none,not_risky,0.0,0.0,0,0,[],1
129FSupp3d782_the_policy,129 F.Supp.3d 782,c085,VII.A. Reporting Claims and Conditions,NEGATIVE,2.2,westlaw,not_risky,0,0,none,risky_type1,1.0,0.0,1,0,"[{""issue"": ""The phrase \""immediate verbal notice\"" was open to reading as requiring strict immediate notice or notice as soon as reasonably practicable."", ""type"": 1, ""prob"": 1.0, ""kind"": ""Minor"", ""party"": ""insured_rembrandt""}]",1
129FSupp3d782_the_policy,129 F.Supp.3d 782,c086,VII.B. Cooperation Duties,NEGATIVE,2.2,westlaw,not_risky,0,0,none,not_risky,0.0,0.0,0,0,[],1
129FSupp3d782_the_policy,129 F.Supp.3d 782,c087,"VII.C. Admissions, Settlements, and Costs",NEGATIVE,2.2,westlaw,not_risky,0,0,none,not_risky,0.0,0.0,0,0,[],1
129FSupp3d782_the_policy,129 F.Supp.3d 782,c088,VII.D. Mitigation,NEGATIVE,2.2,westlaw,not_risky,0,0,none,not_risky,0.0,0.0,0,0,"[{""issue"": ""Insurer Step-In Right with Costs Charged to Insured. Under the mitigation provision , if the Insurer determines \""in the sole judgment of the Insurer\"" that Rembrandt fails to take reasonable steps to mitigate a pollution condition, the Insurer may step in and remediate — but any costs it incurs are \""deemed incurred by the 'insured'\"" and charged against Rembrandt's SIR and limits . This creates a significant risk: the Insurer unilaterally decides Rembrandt is deficient, takes over remediation (potentially in a manner Rembrandt would not choose), and the costs erode Rembrandt's coverage. The \""sole judgment\"" standard should be changed to a reasonableness standard, and the insured should have notice and an opportunity to cure before step-in."", ""type"": 0, ""prob"": 1.0, ""kind"": ""Important"", ""party"": ""insured_rembrandt""}]",1
129FSupp3d782_the_policy,129 F.Supp.3d 782,c089,VIII.A. Entitlement to Reporting Periods,NEGATIVE,2.2,westlaw,not_risky,0,0,none,not_risky,0.0,0.0,0,0,"[{""issue"": ""Insurer's Mitigation Costs Subject to SIR and Limits — Reduces Insurer Recovery. Section VII.D allows the Insurer to step in and mitigate pollution conditions if the insured fails to take reasonable steps . However, the provision states that any remediation costs incurred by the Insurer \""shall be deemed incurred by the 'insured'\"" and are subject to the SIR and Limits of Liability . This means the Insurer bears the costs of mitigation but those costs erode its own available limits, and the insured's SIR must still be satisfied first. In a scenario where the insured is unresponsive or insolvent, the Insurer could end up paying mitigation costs without recovering the SIR. Consider adding a right for the Insurer to recover mitigation costs from the insured directly, independent of the SIR."", ""type"": 0, ""prob"": 1.0, ""kind"": ""Minor"", ""party"": ""insurer_illinois_union""}]",1
129FSupp3d782_the_policy,129 F.Supp.3d 782,c090,VIII.B. Effect of Reporting Periods,NEGATIVE,2.2,westlaw,not_risky,0,0,none,not_risky,0.0,0.0,0,0,[],1
129FSupp3d782_the_policy,129 F.Supp.3d 782,c091,VIII.C. Basic Reporting Period,NEGATIVE,2.2,westlaw,not_risky,0,0,none,not_risky,0.0,0.0,0,0,[],1
129FSupp3d782_the_policy,129 F.Supp.3d 782,c092,VIII.D. Supplemental Reporting Period,NEGATIVE,2.2,westlaw,not_risky,0,0,none,not_risky,0.0,0.0,0,0,"[{""issue"": ""Supplemental ERP Cost — Up to 200% of Premium. Under the Extended Reporting Period endorsement (Endorsement 7), the supplemental ERP of up to 33 months costs \""not more than two hundred percent (200%) of the full premium\"" . On a $134,651 premium, this means up to $269,302 for the supplemental tail. While this cap is stated as a maximum, there is no formula or objective basis for determining the actual price within that range. Rembrandt should negotiate for a fixed, predetermined ERP premium (e.g., 100% of the annual premium) or a formula that provides cost certainty, rather than leaving the Insurer discretion up to 200%."", ""type"": 0, ""prob"": 1.0, ""kind"": ""Minor"", ""party"": ""insured_rembrandt""}]",1
129FSupp3d782_the_policy,129 F.Supp.3d 782,c093,IX.A.1. Cancellation by First Named Insured,NEGATIVE,2.2,westlaw,not_risky,0,0,none,not_risky,0.0,0.0,0,0,[],1
129FSupp3d782_the_policy,129 F.Supp.3d 782,c094,IX.A.2. Cancellation by Insurer,NEGATIVE,2.2,westlaw,not_risky,0,0,none,not_risky,0.0,0.0,0,0,[],1
129FSupp3d782_the_policy,129 F.Supp.3d 782,c095,IX.A.3. Premium on Cancellation,NEGATIVE,2.2,westlaw,not_risky,0,0,none,not_risky,0.0,0.0,0,0,[],1
129FSupp3d782_the_policy,129 F.Supp.3d 782,c096,IX.B. Inspection,NEGATIVE,2.2,westlaw,not_risky,0,0,none,not_risky,0.0,0.0,0,0,[],1
129FSupp3d782_the_policy,129 F.Supp.3d 782,c097,IX.B. Audit,NEGATIVE,2.2,westlaw,not_risky,0,0,none,not_risky,0.0,0.0,0,0,[],1
129FSupp3d782_the_policy,129 F.Supp.3d 782,c098,IX.C. Legal Action Against the Insurer,NEGATIVE,2.2,westlaw,not_risky,0,0,none,not_risky,0.0,0.0,0,0,[],1
129FSupp3d782_the_policy,129 F.Supp.3d 782,c099,IX.D. Bankruptcy,NEGATIVE,2.2,westlaw,not_risky,0,0,none,not_risky,0.0,0.0,0,0,[],1
129FSupp3d782_the_policy,129 F.Supp.3d 782,c100,IX.E. Subrogation,NEGATIVE,2.2,westlaw,not_risky,0,0,none,not_risky,0.0,0.0,0,0,"[{""issue"": ""Subrogation Recovery Waterfall Disadvantages the Insurer. The subrogation provision in Section IX.E  provides that recoveries accrue first to the insureds for payments in excess of the coverage limit, then to the Insurer, and finally to the insured for the SIR. This waterfall prioritizes the insured's excess payments over the Insurer's recovery. A more insurer-favorable approach would place the Insurer's recovery first. At minimum, the Insurer should be aware this ordering means the insured recovers ahead of the Insurer in circumstances where damages exceed the limits."", ""type"": 0, ""prob"": 1.0, ""kind"": ""Minor"", ""party"": ""insurer_illinois_union""}]",1
129FSupp3d782_the_policy,129 F.Supp.3d 782,c101,IX.F. Representations,NEGATIVE,2.2,westlaw,not_risky,0,0,none,not_risky,0.0,0.0,0,0,[],1
129FSupp3d782_the_policy,129 F.Supp.3d 782,c102,IX.G. Separation of Insureds,NEGATIVE,2.2,westlaw,not_risky,0,0,none,not_risky,0.0,0.0,0,0,"[{""issue"": ""Application Statements Elevated to \""Warranties\"". The Representations provision states that the application statements constitute \""warranties\"" made to the Insurer . Under insurance law, breaching a \""warranty\"" can void the policy entirely, even if the breach is immaterial to the loss. This is a significantly stronger standard than \""representations,\"" which typically require materiality or reliance for the insurer to avoid coverage. Rembrandt should negotiate to soften \""warranties\"" to \""representations\"" to avoid the risk of policy voidance for minor, immaterial application inaccuracies."", ""type"": 0, ""prob"": 1.0, ""kind"": ""Important"", ""party"": ""insured_rembrandt""}]",1
129FSupp3d782_the_policy,129 F.Supp.3d 782,c103,IX.H. Other Insurance,NEGATIVE,2.2,westlaw,not_risky,0,0,none,not_risky,0.0,0.0,0,0,"[{""issue"": ""Other Insurance Clause — Policy Always Excess. The Other Insurance provision  makes this policy excess over all other valid and collectible insurance covering the same loss. While this is not uncommon in pollution policies, it means that if Rembrandt has a general liability or other environmental policy that also covers a pollution loss, the other policy must respond first and this policy only pays after that coverage is exhausted. In cases where multiple policies each contain \""other insurance — excess\"" clauses, disputes and coverage gaps can arise. Rembrandt should understand how this interacts with its broader insurance program and consider requesting a pro-rata or contributory \""other insurance\"" clause, or at least an exception for policies that are also written as excess."", ""type"": 0, ""prob"": 1.0, ""kind"": ""Notable"", ""party"": ""insured_rembrandt""}]",1
129FSupp3d782_the_policy,129 F.Supp.3d 782,c104,IX.I. Jurisdiction and Venue,POSITIVE,2.2,westlaw,risky,0,1,2.2,risky_type2,0.0,1.0,0,1,"[{""issue"": ""Section VI.E's phrase \""where such coverage is insurable by law\"" had to be read against Section IX.J to determine whether insurability was governed by New York law or by the law of the state where the pollution condition occurred."", ""type"": 2, ""prob"": 1.0, ""kind"": ""Notable"", ""party"": ""insurer_illinois_union""}]",1
129FSupp3d782_the_policy,129 F.Supp.3d 782,c105,IX.J. Choice of Law,NEGATIVE,2.2,westlaw,not_risky,0,0,none,not_risky,0.0,0.0,0,0,[],1
129FSupp3d782_the_policy,129 F.Supp.3d 782,c106,IX.K. Changes and Assignment,NEGATIVE,2.2,westlaw,not_risky,0,0,none,not_risky,0.0,0.0,0,0,[],1
129FSupp3d782_the_policy,129 F.Supp.3d 782,c107,IX.L. Headings,NEGATIVE,2.2,westlaw,not_risky,0,0,none,not_risky,0.0,0.0,0,0,[],1
129FSupp3d782_the_policy,129 F.Supp.3d 782,c108,IX.M. Consent,NEGATIVE,2.2,westlaw,not_risky,0,0,none,risky_type2,0.0,1.0,0,1,"[{""issue"": ""No Assignment Without Insurer Consent. The Changes and Assignment provision  provides that \""no assignment of any interest in this Policy shall bind the Insurer, except as provided by endorsement.\"" This means Rembrandt cannot assign the policy (e.g., in a merger, acquisition, or asset sale) without the Insurer's agreement via endorsement. While this is standard in pollution policies, Rembrandt should consider requesting automatic assignment rights in connection with corporate reorganizations, mergers, or asset transfers to affiliated entities."", ""type"": 0, ""prob"": 1.0, ""kind"": ""Minor"", ""party"": ""insured_rembrandt""}, {""issue"": ""Section IX.M's requirement that consent not be unreasonably withheld, delayed, conditioned, or denied could not be squared with Section VI.H's grant of prior written approval \""at [the Insurer's] sole discretion\"" on the standard governing that approval."", ""type"": 2, ""prob"": 1.0, ""kind"": ""Notable"", ""party"": ""insurer_illinois_union""}]",1
129FSupp3d782_the_policy,129 F.Supp.3d 782,c109,Endorsement 1 — Named Insureds,NEGATIVE,2.2,westlaw,not_risky,0,0,none,not_risky,0.0,0.0,0,0,[],1
129FSupp3d782_the_policy,129 F.Supp.3d 782,c110,Endorsement 1 — Unchanged Terms,NEGATIVE,2.2,westlaw,not_risky,0,0,none,not_risky,0.0,0.0,0,0,[],1
129FSupp3d782_the_policy,129 F.Supp.3d 782,c111,Endorsement 2 — Additional Insureds,NEGATIVE,2.2,westlaw,not_risky,0,0,none,risky_type1,1.0,0.0,1,0,"[{""issue"": ""The phrase \""solely with respect to their vicarious liability arising out of any 'named insured's' direct liability\"" left open whether it reached direct liability claims arising out of the named insured's operations."", ""type"": 1, ""prob"": 1.0, ""kind"": ""Minor"", ""party"": ""insured_rembrandt""}]",1
129FSupp3d782_the_policy,129 F.Supp.3d 782,c112,Endorsement 2 — Unchanged Terms,NEGATIVE,2.2,westlaw,not_risky,0,0,none,not_risky,0.0,0.0,0,0,[],1
129FSupp3d782_the_policy,129 F.Supp.3d 782,c113,Endorsement 3 — Business Interruption Coverage,NEGATIVE,2.2,westlaw,not_risky,0,0,none,not_risky,0.0,0.0,0,0,[],1
129FSupp3d782_the_policy,129 F.Supp.3d 782,c114,Endorsement 3 — Coverage Conditions,NEGATIVE,2.2,westlaw,not_risky,0,0,none,not_risky,0.0,0.0,0,0,[],1
129FSupp3d782_the_policy,129 F.Supp.3d 782,c115,Endorsement 3 — Sublimit and Deductible,NEGATIVE,2.2,westlaw,not_risky,0,0,none,not_risky,0.0,0.0,0,0,[],1
129FSupp3d782_the_policy,129 F.Supp.3d 782,c116,Endorsement 3 — Deductible Period,NEGATIVE,2.2,westlaw,not_risky,0,0,none,not_risky,0.0,0.0,0,0,[],1
129FSupp3d782_the_policy,129 F.Supp.3d 782,c117,Endorsement 3 — Business Income,NEGATIVE,2.2,westlaw,not_risky,0,0,none,risky_type1,1.0,0.0,1,0,"[{""issue"": ""Business Income Excludes Officer and Manager Payroll. The \""business income\"" definition in the Business Interruption Endorsement (Endorsement 3) expressly excludes \""payroll expense of officers, executives, department managers and contract employees\"" from continuing operating expenses . During a business interruption, Rembrandt would still need to pay its officers, executives, and managers, but these costs would not be covered. This is a notable coverage gap. Rembrandt should negotiate to include at least officer and executive payroll since these are fixed costs that continue regardless of the interruption."", ""type"": 0, ""prob"": 1.0, ""kind"": ""Notable"", ""party"": ""insured_rembrandt""}, {""issue"": ""The definition of \""business income\"" was open to reading as permitting recovery of both net profit and continuing payroll expenses even where net profit already accounted for payroll, or as requiring net profit to be calculated net of saved or non-continuing expenses."", ""type"": 1, ""prob"": 1.0, ""kind"": ""Notable"", ""party"": ""insurer_illinois_union""}]",1
129FSupp3d782_the_policy,129 F.Supp.3d 782,c118,Endorsement 3 — Business Interruption,NEGATIVE,2.2,westlaw,not_risky,0,0,none,not_risky,0.0,0.0,0,0,[],1
129FSupp3d782_the_policy,129 F.Supp.3d 782,c119,Endorsement 3 — Business Interruption Loss,NEGATIVE,2.2,westlaw,not_risky,0,0,none,not_risky,0.0,0.0,0,0,[],1
129FSupp3d782_the_policy,129 F.Supp.3d 782,c120,Endorsement 3 — Covered Pollution Condition,NEGATIVE,2.2,westlaw,not_risky,0,0,none,not_risky,0.0,0.0,0,0,[],1
129FSupp3d782_the_policy,129 F.Supp.3d 782,c121,Endorsement 3 — Delay Expense,NEGATIVE,2.2,westlaw,not_risky,0,0,none,not_risky,0.0,0.0,0,0,[],1
129FSupp3d782_the_policy,129 F.Supp.3d 782,c122,Endorsement 3 — Extra Expense,NEGATIVE,2.2,westlaw,not_risky,0,0,none,not_risky,0.0,0.0,0,0,[],1
129FSupp3d782_the_policy,129 F.Supp.3d 782,c123,Endorsement 3 — Period of Interruption,NEGATIVE,2.2,westlaw,not_risky,0,0,none,not_risky,0.0,0.0,0,0,[],1
129FSupp3d782_the_policy,129 F.Supp.3d 782,c124,Endorsement 3 — Rental Income,NEGATIVE,2.2,westlaw,not_risky,0,0,none,not_risky,0.0,0.0,0,0,[],1
129FSupp3d782_the_policy,129 F.Supp.3d 782,c125,Endorsement 3 — Suspension,NEGATIVE,2.2,westlaw,not_risky,0,0,none,not_risky,0.0,0.0,0,0,[],1
129FSupp3d782_the_policy,129 F.Supp.3d 782,c126,Endorsement 3 — IV.A. Delayed Start,NEGATIVE,2.2,westlaw,not_risky,0,0,none,not_risky,0.0,0.0,0,0,[],1
129FSupp3d782_the_policy,129 F.Supp.3d 782,c127,Endorsement 3 — IV.B. End of Interruption,NEGATIVE,2.2,westlaw,not_risky,0,0,none,not_risky,0.0,0.0,0,0,"[{""issue"": ""Period of Interruption Has No Maximum Duration Cap. The \""period of interruption\"" definition in the Business Interruption Endorsement (Endorsement 3) provides that it begins when operations are suspended and ends \""on the date that the subject 'covered pollution condition' has been remedied to the point at which the 'insured's' normal operations could reasonably be restored\"" . There is no maximum duration cap on the period of interruption. For complex pollution conditions — particularly at confined animal feeding operations like those insured here — remediation can take years. The $5,000,000 sublimit  provides some protection, but a maximum period (e.g., 12 or 24 months) would further limit exposure."", ""type"": 0, ""prob"": 1.0, ""kind"": ""Notable"", ""party"": ""insurer_illinois_union""}]",1
129FSupp3d782_the_policy,129 F.Supp.3d 782,c128,Endorsement 3 — IV.C. Appraisal,NEGATIVE,2.2,westlaw,not_risky,0,0,none,not_risky,0.0,0.0,0,0,"[{""issue"": ""BI Coverage Excludes Loss from Unfavorable Business Conditions. The Business Interruption Endorsement provides that the \""period of interruption\"" ends when the pollution condition is remedied to the point operations could \""reasonably be restored\"" . It then excludes coverage for loss of business income \""as a result of unfavorable business conditions caused by the impact of the 'covered pollution condition'\"" . This means that even after a covered event, if Rembrandt loses customers or market share due to reputational harm from the pollution event, those losses are not covered. For a food-producing operation, reputational damage from a pollution event could be the most significant financial impact. Consider negotiating to include a period of restoration that accounts for reasonable ramp-up time to return to pre-loss business levels."", ""type"": 0, ""prob"": 1.0, ""kind"": ""Notable"", ""party"": ""insured_rembrandt""}]",1
129FSupp3d782_the_policy,129 F.Supp.3d 782,c129,Endorsement 3 — Appraisal Reservation,NEGATIVE,2.2,westlaw,not_risky,0,0,none,not_risky,0.0,0.0,0,0,[],1
129FSupp3d782_the_policy,129 F.Supp.3d 782,c130,Endorsement 3 — Business Interruption Exclusion,NEGATIVE,2.2,westlaw,not_risky,0,0,none,not_risky,0.0,0.0,0,0,[],1
129FSupp3d782_the_policy,129 F.Supp.3d 782,c131,Endorsement 3 — Unchanged Terms,NEGATIVE,2.2,westlaw,not_risky,0,0,none,not_risky,0.0,0.0,0,0,[],1
129FSupp3d782_the_policy,129 F.Supp.3d 782,c132,Endorsement 4 — Catastrophe Management Coverage,NEGATIVE,2.2,westlaw,not_risky,0,0,none,not_risky,0.0,0.0,0,0,[],1
129FSupp3d782_the_policy,129 F.Supp.3d 782,c133,Endorsement 4 — Coverage Timing,NEGATIVE,2.2,westlaw,not_risky,0,0,none,not_risky,0.0,0.0,0,0,[],1
129FSupp3d782_the_policy,129 F.Supp.3d 782,c134,Endorsement 4 — Catastrophe Management Sublimit,NEGATIVE,2.2,westlaw,not_risky,0,0,none,not_risky,0.0,0.0,0,0,[],1
129FSupp3d782_the_policy,129 F.Supp.3d 782,c135,Endorsement 4 — III.C. Consultant or Firm,NEGATIVE,2.2,westlaw,not_risky,0,0,none,not_risky,0.0,0.0,0,0,[],1
129FSupp3d782_the_policy,129 F.Supp.3d 782,c136,Endorsement 4 — Adverse Media Coverage,NEGATIVE,2.2,westlaw,not_risky,0,0,none,not_risky,0.0,0.0,0,0,[],1
129FSupp3d782_the_policy,129 F.Supp.3d 782,c137,Endorsement 4 — Catastrophe Management Event,NEGATIVE,2.2,westlaw,not_risky,0,0,none,not_risky,0.0,0.0,0,0,[],1
129FSupp3d782_the_policy,129 F.Supp.3d 782,c138,Endorsement 4 — Catastrophe Management Firm,NEGATIVE,2.2,westlaw,not_risky,0,0,none,not_risky,0.0,0.0,0,0,[],1
129FSupp3d782_the_policy,129 F.Supp.3d 782,c139,Endorsement 4 — Catastrophe Management Services,NEGATIVE,2.2,westlaw,not_risky,0,0,none,not_risky,0.0,0.0,0,0,[],1
129FSupp3d782_the_policy,129 F.Supp.3d 782,c140,Endorsement 4 — Catastrophe Management Costs,NEGATIVE,2.2,westlaw,not_risky,0,0,none,risky_type1,1.0,0.0,1,0,"[{""issue"": ""The catch-all phrase \""other necessary response costs\"" was open to reading as reaching costs beyond the enumerated medical, funeral, psychological counseling, travel, and temporary living costs, or only other similar costs of the same character."", ""type"": 1, ""prob"": 1.0, ""kind"": ""Minor"", ""party"": ""insurer_illinois_union""}]",1
129FSupp3d782_the_policy,129 F.Supp.3d 782,c141,Endorsement 4 — Key Executive,NEGATIVE,2.2,westlaw,not_risky,0,0,none,not_risky,0.0,0.0,0,0,[],1
129FSupp3d782_the_policy,129 F.Supp.3d 782,c142,Endorsement 4 — Reporting and Cooperation C,NEGATIVE,2.2,westlaw,not_risky,0,0,none,not_risky,0.0,0.0,0,0,[],1
129FSupp3d782_the_policy,129 F.Supp.3d 782,c143,Endorsement 4 — Catastrophe Management Exclusion,NEGATIVE,2.2,westlaw,not_risky,0,0,none,not_risky,0.0,0.0,0,0,[],1
129FSupp3d782_the_policy,129 F.Supp.3d 782,c144,Endorsement 4 — Unchanged Terms,NEGATIVE,2.2,westlaw,not_risky,0,0,none,not_risky,0.0,0.0,0,0,[],1
129FSupp3d782_the_policy,129 F.Supp.3d 782,c145,Endorsement 5 — Covered Locations,NEGATIVE,2.2,westlaw,not_risky,0,0,none,not_risky,0.0,0.0,0,0,[],1
129FSupp3d782_the_policy,129 F.Supp.3d 782,c146,Endorsement 5 — Coverage A Grant,NEGATIVE,2.2,westlaw,not_risky,0,0,none,not_risky,0.0,0.0,0,0,[],1
129FSupp3d782_the_policy,129 F.Supp.3d 782,c147,Endorsement 5 — Coverage A Timing,NEGATIVE,2.2,westlaw,not_risky,0,0,none,not_risky,0.0,0.0,0,0,[],1
129FSupp3d782_the_policy,129 F.Supp.3d 782,c148,Endorsement 5 — Unchanged Terms,NEGATIVE,2.2,westlaw,not_risky,0,0,none,not_risky,0.0,0.0,0,0,[],1
129FSupp3d782_the_policy,129 F.Supp.3d 782,c149,Endorsement 6 — II.C. Coverage A Per-Condition Limit,NEGATIVE,2.2,westlaw,not_risky,0,0,none,not_risky,0.0,0.0,0,0,[],1
129FSupp3d782_the_policy,129 F.Supp.3d 782,c150,Endorsement 6 — II.D. Coverage A Aggregate Limit,NEGATIVE,2.2,westlaw,not_risky,0,0,none,not_risky,0.0,0.0,0,0,[],1
129FSupp3d782_the_policy,129 F.Supp.3d 782,c151,Endorsement 6 — II.E. Coverage B Per-Condition Limit,NEGATIVE,2.2,westlaw,not_risky,0,0,none,not_risky,0.0,0.0,0,0,[],1
129FSupp3d782_the_policy,129 F.Supp.3d 782,c152,Endorsement 6 — II.F. Coverage B Aggregate Limit,NEGATIVE,2.2,westlaw,not_risky,0,0,none,not_risky,0.0,0.0,0,0,[],1
129FSupp3d782_the_policy,129 F.Supp.3d 782,c153,Endorsement 6 — III.A. Duty to Defend,NEGATIVE,2.2,westlaw,not_risky,0,0,none,not_risky,0.0,0.0,0,0,[],1
129FSupp3d782_the_policy,129 F.Supp.3d 782,c154,Endorsement 6 — III.D. Defense Expenses,NEGATIVE,2.2,westlaw,not_risky,0,0,none,not_risky,0.0,0.0,0,0,[],1
129FSupp3d782_the_policy,129 F.Supp.3d 782,c155,Endorsement 6 — Dedicated Defense Sublimit,NEGATIVE,2.2,westlaw,not_risky,0,0,none,not_risky,0.0,0.0,0,0,"[{""issue"": ""Low Natural Resource Damage Sublimit. Endorsement 12  imposes a $500,000 aggregate sublimit for natural resource damage claims. For agricultural operations with multiple covered locations across several states, natural resource damage exposure (e.g., from manure runoff impacting waterways, groundwater, or wildlife) can be substantial — potentially involving federal and state NRD trustees. A $500,000 sublimit may be inadequate to cover even a single moderate NRD claim. Rembrandt should negotiate a higher sublimit commensurate with its operational footprint."", ""type"": 0, ""prob"": 1.0, ""kind"": ""Notable"", ""party"": ""insured_rembrandt""}]",1
129FSupp3d782_the_policy,129 F.Supp.3d 782,c156,Endorsement 6 — III.F. Post-Exhaustion Defense Right,NEGATIVE,2.2,westlaw,not_risky,0,0,none,not_risky,0.0,0.0,0,0,[],1
129FSupp3d782_the_policy,129 F.Supp.3d 782,c157,Endorsement 6 — Counsel After Exhaustion,NEGATIVE,2.2,westlaw,not_risky,0,0,none,risky_type1,1.0,0.0,2,0,"[{""issue"": ""The garbled phrase \""for which it is not which is acceptable to a claimant\"" left open whether the settlement provision applied when the Insurer was defending or was not defending the claim."", ""type"": 1, ""prob"": 1.0, ""kind"": ""Notable"", ""party"": ""insured_rembrandt""}, {""issue"": ""The phrase \""for which it is not which is acceptable to a claimant\"" left open whether the settlement cap applied when the insured refused a recommended settlement."", ""type"": 1, ""prob"": 1.0, ""kind"": ""Important"", ""party"": ""insurer_illinois_union""}]",1
129FSupp3d782_the_policy,129 F.Supp.3d 782,c158,Endorsement 6 — Defense Costs After Exhaustion,NEGATIVE,2.2,westlaw,not_risky,0,0,none,not_risky,0.0,0.0,0,0,"[{""issue"": ""Hard Hammer Clause — Insurer's Duty to Defend Terminates. Under the settlement provision , if the Insurer recommends a settlement that meets the stated criteria and Rembrandt refuses, the Insurer's duty to defend ends entirely and Rembrandt must defend at its own expense . Moreover, the Insurer's liability is capped at the recommended settlement amount . This is a \""hard\"" hammer clause that leaves Rembrandt fully exposed. A more balanced \""soft\"" hammer would have the Insurer continue defending, with the insured bearing a portion (e.g., 50%) of any excess over the rejected settlement amount."", ""type"": 0, ""prob"": 1.0, ""kind"": ""Important"", ""party"": ""insured_rembrandt""}]",1
129FSupp3d782_the_policy,129 F.Supp.3d 782,c159,Endorsement 6 — Unchanged Terms,NEGATIVE,2.2,westlaw,not_risky,0,0,none,not_risky,0.0,0.0,0,0,[],1
129FSupp3d782_the_policy,129 F.Supp.3d 782,c160,Endorsement 7 — VIII.C. Basic Reporting Period,NEGATIVE,2.2,westlaw,not_risky,0,0,none,not_risky,0.0,0.0,0,0,[],1
129FSupp3d782_the_policy,129 F.Supp.3d 782,c161,Endorsement 7 — VIII.D. Supplemental Reporting Period,NEGATIVE,2.2,westlaw,not_risky,0,0,none,not_risky,0.0,0.0,0,0,[],1
129FSupp3d782_the_policy,129 F.Supp.3d 782,c162,Endorsement 7 — Unchanged Terms,NEGATIVE,2.2,westlaw,not_risky,0,0,none,not_risky,0.0,0.0,0,0,[],1
129FSupp3d782_the_policy,129 F.Supp.3d 782,c163,Endorsement 8 — V.F. Covered Location,NEGATIVE,2.2,westlaw,not_risky,0,0,none,not_risky,0.0,0.0,0,0,[],1
129FSupp3d782_the_policy,129 F.Supp.3d 782,c164,Endorsement 8 — V.D. Claim,NEGATIVE,2.2,westlaw,not_risky,0,0,none,not_risky,0.0,0.0,0,0,[],1
129FSupp3d782_the_policy,129 F.Supp.3d 782,c165,Endorsement 8 — V.U. Non-Owned Disposal Site,NEGATIVE,2.2,westlaw,not_risky,0,0,none,not_risky,0.0,0.0,0,0,[],1
129FSupp3d782_the_policy,129 F.Supp.3d 782,c166,Endorsement 8 — VI.O. Disposal Sites,NEGATIVE,2.2,westlaw,not_risky,0,0,none,not_risky,0.0,0.0,0,0,[],1
129FSupp3d782_the_policy,129 F.Supp.3d 782,c167,Endorsement 8 — Unchanged Terms,NEGATIVE,2.2,westlaw,not_risky,0,0,none,not_risky,0.0,0.0,0,0,[],1
129FSupp3d782_the_policy,129 F.Supp.3d 782,c168,Endorsement 9 — IX.A.2. Cancellation by Insurer,NEGATIVE,2.2,westlaw,not_risky,0,0,none,not_risky,0.0,0.0,0,0,[],1
129FSupp3d782_the_policy,129 F.Supp.3d 782,c169,Endorsement 9 — Unchanged Terms,NEGATIVE,2.2,westlaw,not_risky,0,0,none,not_risky,0.0,0.0,0,0,[],1
129FSupp3d782_the_policy,129 F.Supp.3d 782,c170,Endorsement 10 — I.A. New Pollution Conditions,NEGATIVE,2.2,westlaw,not_risky,0,0,none,not_risky,0.0,0.0,0,0,[],1
129FSupp3d782_the_policy,129 F.Supp.3d 782,c171,Endorsement 10 — Coverage A Timing,NEGATIVE,2.2,westlaw,not_risky,0,0,none,not_risky,0.0,0.0,0,0,[],1
129FSupp3d782_the_policy,129 F.Supp.3d 782,c172,Endorsement 10 — V.E. Transportation,NEGATIVE,2.2,westlaw,not_risky,0,0,none,not_risky,0.0,0.0,0,0,[],1
129FSupp3d782_the_policy,129 F.Supp.3d 782,c173,Endorsement 10 — VI.Q. Vehicles,NEGATIVE,2.2,westlaw,not_risky,0,0,none,not_risky,0.0,0.0,0,0,[],1
129FSupp3d782_the_policy,129 F.Supp.3d 782,c174,Endorsement 10 — Unchanged Terms,NEGATIVE,2.2,westlaw,not_risky,0,0,none,not_risky,0.0,0.0,0,0,[],1
129FSupp3d782_the_policy,129 F.Supp.3d 782,c175,Endorsement 11 — V.F. Covered Location,NEGATIVE,2.2,westlaw,not_risky,0,0,none,not_risky,0.0,0.0,0,0,[],1
129FSupp3d782_the_policy,129 F.Supp.3d 782,c176,Endorsement 11 — V.D. Claim,NEGATIVE,2.2,westlaw,not_risky,0,0,none,not_risky,0.0,0.0,0,0,[],1
129FSupp3d782_the_policy,129 F.Supp.3d 782,c177,Endorsement 11 — Non-Owned Covered Locations,NEGATIVE,2.2,westlaw,not_risky,0,0,none,not_risky,0.0,0.0,0,0,[],1
129FSupp3d782_the_policy,129 F.Supp.3d 782,c178,Endorsement 11 — Unchanged Terms,NEGATIVE,2.2,westlaw,not_risky,0,0,none,not_risky,0.0,0.0,0,0,[],1
129FSupp3d782_the_policy,129 F.Supp.3d 782,c179,Endorsement 12 — V.W. Pollution Condition,NEGATIVE,2.2,westlaw,not_risky,0,0,none,risky_type1,1.0,0.0,1,0,"[{""issue"": ""The phrase \""'pollution condition' does not include any odor\"" left open whether it reached odor directly and causally associated with an otherwise covered pollutant discharge or release."", ""type"": 1, ""prob"": 1.0, ""kind"": ""Important"", ""party"": ""insured_rembrandt""}]",1
129FSupp3d782_the_policy,129 F.Supp.3d 782,c180,Endorsement 12 — Fungi and Legionella Exclusion,NEGATIVE,2.2,westlaw,not_risky,0,0,none,not_risky,0.0,0.0,0,0,[],1
129FSupp3d782_the_policy,129 F.Supp.3d 782,c181,Endorsement 12 — Natural Resource Damage Sublimit,NEGATIVE,2.2,westlaw,not_risky,0,0,none,not_risky,0.0,0.0,0,0,[],1
129FSupp3d782_the_policy,129 F.Supp.3d 782,c182,Endorsement 12 — Unchanged Terms,NEGATIVE,2.2,westlaw,not_risky,0,0,none,not_risky,0.0,0.0,0,0,[],1
129FSupp3d782_the_policy,129 F.Supp.3d 782,c183,Endorsement 13 — Products Pollution Coverage,NEGATIVE,2.2,westlaw,not_risky,0,0,none,not_risky,0.0,0.0,0,0,[],1
129FSupp3d782_the_policy,129 F.Supp.3d 782,c184,Endorsement 13 — Products Pollution Timing,NEGATIVE,2.2,westlaw,not_risky,0,0,none,not_risky,0.0,0.0,0,0,"[{""issue"": ""Duplicative \""On or After\"" Language in Products Pollution Endorsement. The Products Pollution Coverage Endorsement contains a drafting error with the phrase \""on or after the on or after the Retroactive Date.\"" This redundancy could be construed as a scrivener's error but could also invite unnecessary litigation over the intended meaning. It should be cleaned up to read clearly."", ""type"": 0, ""prob"": 1.0, ""kind"": ""Notable"", ""party"": ""insurer_illinois_union""}]",1
129FSupp3d782_the_policy,129 F.Supp.3d 782,c185,Endorsement 13 — Limits of Liability,NEGATIVE,2.2,westlaw,not_risky,0,0,none,risky_type2,0.0,1.0,0,1,"[{""issue"": ""The Products Pollution insuring agreement covering only \""claims\"" and associated \""legal defense expense\"" could not be squared with the endorsement's Limits of Liability provision referencing \""claims\"", \""remediation costs\"" and associated \""legal defense expense\"" on whether remediation costs were covered."", ""type"": 2, ""prob"": 1.0, ""kind"": ""Notable"", ""party"": ""insurer_illinois_union""}]",1
129FSupp3d782_the_policy,129 F.Supp.3d 782,c186,Endorsement 13 — Products Liability Exclusion,NEGATIVE,2.2,westlaw,not_risky,0,0,none,not_risky,0.0,0.0,0,0,[],1
129FSupp3d782_the_policy,129 F.Supp.3d 782,c187,Endorsement 13 — Product Pollution,NEGATIVE,2.2,westlaw,not_risky,0,0,none,not_risky,0.0,0.0,0,0,[],1
129FSupp3d782_the_policy,129 F.Supp.3d 782,c188,Endorsement 13 — Unchanged Terms,NEGATIVE,2.2,westlaw,not_risky,0,0,none,not_risky,0.0,0.0,0,0,[],1
129FSupp3d782_the_policy,129 F.Supp.3d 782,c189,Endorsement 14 — Trade or Economic Sanctions,NEGATIVE,2.2,westlaw,not_risky,0,0,none,not_risky,0.0,0.0,0,0,[],1
129FSupp3d782_the_policy,129 F.Supp.3d 782,c190,Endorsement 15 — Service of Process Designee,NEGATIVE,2.2,westlaw,not_risky,0,0,none,not_risky,0.0,0.0,0,0,[],1
129FSupp3d782_the_policy,129 F.Supp.3d 782,c191,Endorsement 15 — Acceptance of Service,NEGATIVE,2.2,westlaw,not_risky,0,0,none,not_risky,0.0,0.0,0,0,[],1
129FSupp3d782_the_policy,129 F.Supp.3d 782,c192,Endorsement 15 — Submission to Jurisdiction,POSITIVE,2.2,westlaw,risky,0,1,2.2,risky_type2,0.0,1.0,0,1,"[{""issue"": ""The Service of Suit Endorsement's promise to submit to \""any court of competent jurisdiction\"" could not be squared with Section IX.I's requirement of exclusive jurisdiction in the State of New York on where suit could be brought."", ""type"": 2, ""prob"": 1.0, ""kind"": ""Important"", ""party"": ""insurer_illinois_union""}]",1
129FSupp3d782_the_policy,129 F.Supp.3d 782,c193,Endorsement 15 — Insurance Director as Agent,NEGATIVE,2.2,westlaw,not_risky,0,0,none,not_risky,0.0,0.0,0,0,[],1
129FSupp3d782_the_policy,129 F.Supp.3d 782,c194,Endorsement 15 — Canadian Service,NEGATIVE,2.2,westlaw,not_risky,0,0,none,not_risky,0.0,0.0,0,0,[],1
129FSupp3d782_the_policy,129 F.Supp.3d 782,c195,Endorsement 15 — Preservation of Policy Terms,POSITIVE,2.2,westlaw,risky,0,1,2.2,not_risky,0.0,0.0,0,0,[],1
131FSupp3d635_restricted_cash_agreement_to,131 F.Supp.3d 635,c001,Parties and Agreement,NEGATIVE,1.1,westlaw,not_risky,0,0,none,not_risky,0.0,0.0,0,0,[],1
131FSupp3d635_restricted_cash_agreement_to,131 F.Supp.3d 635,c002,Term of Agreement,NEGATIVE,1.1,westlaw,not_risky,0,0,none,risky_type1,1.0,0.0,1,0,"[{""issue"": ""The phrase \""services are substantially complete\"" left open when the services were substantially complete."", ""type"": 1, ""prob"": 1.0, ""kind"": ""Notable"", ""party"": ""employee_ryder""}]",1
131FSupp3d635_restricted_cash_agreement_to,131 F.Supp.3d 635,c003,1. Payment Schedule,NEGATIVE,1.1,westlaw,not_risky,0,0,none,not_risky,0.0,0.0,0,0,[],1
131FSupp3d635_restricted_cash_agreement_to,131 F.Supp.3d 635,c004,Tax Withholding,NEGATIVE,1.1,westlaw,not_risky,0,0,none,risky_type1,1.0,0.0,1,0,"[{""issue"": ""The catch-all phrase \""any other withholding obligations\"" left open whether it reached alleged debts or overpayments beyond standard tax withholding."", ""type"": 1, ""prob"": 1.0, ""kind"": ""Minor"", ""party"": ""employee_ryder""}]",1
131FSupp3d635_restricted_cash_agreement_to,131 F.Supp.3d 635,c005,General (b). Employment at Will,NEGATIVE,1.1,westlaw,not_risky,0,0,none,not_risky,0.0,0.0,0,0,[],1
131FSupp3d635_restricted_cash_agreement_to,131 F.Supp.3d 635,c006,2(a). Prorated Payment,NEGATIVE,1.1,westlaw,not_risky,0,0,none,risky_type1,1.0,1.0,1,1,"[{""issue"": ""The phrase \""different position with the Company for any reason\"" left open whether the transfer trigger reached routine lateral or promotional transfers and operationally necessary reassignments."", ""type"": 1, ""prob"": 1.0, ""kind"": ""Notable"", ""party"": ""company_shell""}, {""issue"": ""The \""within 15 days\"" requirement in Section 2.a had to be read against the Term of Agreement provision and Section 1, which used \""15 business days,\"" to determine whether the prorated payment was due within 15 days or 15 business days."", ""type"": 2, ""prob"": 1.0, ""kind"": ""Notable"", ""party"": ""company_shell""}, {""issue"": ""Position Transfer Triggers Only Prorated Payment. Section 2(a)  provides that if Nicole is transferred out of her position for any reason during the Retention Period, the Payment is prorated and \""no additional amount shall be payable\"" . This means the Company could reassign Nicole to a different role and cut the retention payment short, even though she remains employed. The purpose of a retention agreement is to retain the employee — if the Company initiates the transfer, Nicole should receive the full Payment rather than a prorated amount."", ""type"": 0, ""prob"": 1.0, ""kind"": ""Important"", ""party"": ""employee_ryder""}]",1
131FSupp3d635_restricted_cash_agreement_to,131 F.Supp.3d 635,c007,2(b). Resignation or Retirement,NEGATIVE,1.1,westlaw,not_risky,0,0,none,risky_type1,1.0,1.0,1,1,"[{""issue"": ""Section 2.b had to be read against Section 2.a to determine whether a resignation due to materially adverse changes triggered forfeiture as a resignation or prorated payment as a \""Company initiated severance.\"""", ""type"": 2, ""prob"": 1.0, ""kind"": ""Minor"", ""party"": ""company_shell""}, {""issue"": ""The phrase \""during the Retention Period\"" left open whether forfeiture applied when misconduct was discovered after the Retention Period but before payment."", ""type"": 1, ""prob"": 1.0, ""kind"": ""Important"", ""party"": ""company_shell""}]",1
131FSupp3d635_restricted_cash_agreement_to,131 F.Supp.3d 635,c008,2(c). Forfeiture for Misconduct,NEGATIVE,1.1,westlaw,not_risky,0,0,none,risky_type1,1.0,0.0,2,0,"[{""issue"": ""The phrase \""failed to meet performance expectations in your assignments and responsibilities\"" left open which performance expectations applied and whether they had been met."", ""type"": 1, ""prob"": 1.0, ""kind"": ""Important"", ""party"": ""employee_ryder""}, {""issue"": ""The phrase \""in any respect\"" left open whether a trivial or inadvertent Company Code of Conduct violation triggered total forfeiture."", ""type"": 1, ""prob"": 1.0, ""kind"": ""Important"", ""party"": ""employee_ryder""}, {""issue"": ""Resignation Forfeiture Lacks Constructive Termination Carve-Out. Section 2(b)  provides for complete forfeiture of the Payment if Nicole resigns or retires during the Retention Period. However, there is no carve-out for constructive termination — situations where the Company's conduct (such as a material reduction in duties, hostile work environment, or material breach of the agreement) effectively forces Nicole to resign. Without such a carve-out, the Company could make conditions intolerable and then claim forfeiture when Nicole resigns. Consider adding language treating resignation for \""good reason\"" (e.g., material adverse change in duties, compensation, or working conditions) as equivalent to a Company-initiated severance."", ""type"": 0, ""prob"": 1.0, ""kind"": ""Important"", ""party"": ""employee_ryder""}]",1
131FSupp3d635_restricted_cash_agreement_to,131 F.Supp.3d 635,c009,2(d). Temporary Leave of Absence,NEGATIVE,1.1,westlaw,not_risky,0,0,none,risky_type1,1.0,0.0,1,0,"[{""issue"": ""The phrase \""certain leaves of absences\"" left open which leaves permitted or required earlier payment to avoid treatment as nonqualified deferred compensation under Section 409A."", ""type"": 1, ""prob"": 1.0, ""kind"": ""Notable"", ""party"": ""company_shell""}]",1
131FSupp3d635_restricted_cash_agreement_to,131 F.Supp.3d 635,c010,3. Payment Not Transferable,NEGATIVE,1.1,westlaw,not_risky,0,0,none,not_risky,0.0,0.0,0,0,[],1
131FSupp3d635_restricted_cash_agreement_to,131 F.Supp.3d 635,c011,4. No Employment Rights,NEGATIVE,1.1,westlaw,not_risky,0,0,none,not_risky,0.0,0.0,0,0,[],1
131FSupp3d635_restricted_cash_agreement_to,131 F.Supp.3d 635,c012,5. Notices,NEGATIVE,1.1,westlaw,not_risky,0,0,none,risky_type2,0.0,1.0,0,1,"[{""issue"": ""Notice Provision Lacks Electronic Notice Option for Shell. Section 5  requires notices to be \""in writing\"" but deems them effective only \""when mailed, or delivered in person\"" . For Shell's operational convenience, email or other electronic delivery should be explicitly included as an effective method of delivery."", ""type"": 0, ""prob"": 1.0, ""kind"": ""Minor"", ""party"": ""company_shell""}, {""issue"": ""Confidentiality Remedy Limited to Payment Forfeiture. Section 14  provides that the sole remedy for breach of confidentiality is forfeiture of the Payment. This is a weak remedy for Shell — once the Payment has already been made (after the Retention Period), there is no contractual remedy for a confidentiality breach. Shell should preserve the right to seek injunctive relief and recover damages in addition to forfeiture."", ""type"": 0, ""prob"": 1.0, ""kind"": ""Important"", ""party"": ""company_shell""}, {""issue"": ""Section 4 had to be read against Sections 2.a and 2.b to determine whether a Company-initiated termination without cause during the Retention Period triggered prorated payment when it was not characterized as a \""Company initiated severance.\"""", ""type"": 2, ""prob"": 1.0, ""kind"": ""Important"", ""party"": ""employee_ryder""}, {""issue"": ""Notice Provision Favors Company. Section 5 states that notices must be \""in writing or in such form as may be acceptable to the Company\"" . This gives the Company discretion to accept non-written notice forms for its own convenience while potentially holding Nicole to a stricter standard. The provision should specify acceptable notice methods equally for both parties (e.g., personal delivery, certified mail, email)."", ""type"": 0, ""prob"": 1.0, ""kind"": ""Minor"", ""party"": ""employee_ryder""}]",1
131FSupp3d635_restricted_cash_agreement_to,131 F.Supp.3d 635,c013,6. Retention of Rights,NEGATIVE,1.1,westlaw,not_risky,0,0,none,not_risky,0.0,0.0,0,0,[],1
131FSupp3d635_restricted_cash_agreement_to,131 F.Supp.3d 635,c014,7. Interpretation of Agreement,NEGATIVE,1.1,westlaw,not_risky,0,0,none,risky_type1,1.0,0.0,1,0,"[{""issue"": ""Company Has Sole Discretion Over Agreement Interpretation. Section 7 grants the Company \""sole and absolute discretion\"" to interpret the Agreement, with such interpretation being \""final, binding and conclusive.\"" This effectively strips Nicole of the ability to contest the Company's interpretation of any term, including the forfeiture provisions. Under Texas law, this clause may be enforceable, but it is heavily one-sided. Consider revising to provide for neutral dispute resolution or at minimum remove the \""absolute\"" qualifier and the \""final, binding and conclusive\"" language."", ""type"": 0, ""prob"": 1.0, ""kind"": ""Important"", ""party"": ""employee_ryder""}, {""issue"": ""The phrase \""without prejudice to any legal right or remedy that the Company may have\"" left open whether forfeiture prejudiced the employee's independent legal claims."", ""type"": 1, ""prob"": 1.0, ""kind"": ""Notable"", ""party"": ""employee_ryder""}]",1
131FSupp3d635_restricted_cash_agreement_to,131 F.Supp.3d 635,c015,8. Successors,NEGATIVE,1.1,westlaw,not_risky,0,0,none,not_risky,0.0,0.0,0,0,[],1
131FSupp3d635_restricted_cash_agreement_to,131 F.Supp.3d 635,c016,9. Law,NEGATIVE,1.1,westlaw,not_risky,0,0,none,risky_type2,0.0,1.0,0,1,"[{""issue"": ""Section 8 had to be read against the preamble's reference to \""your heirs and successors\"" to determine whether the employee's obligations, including confidentiality, bound her estate."", ""type"": 2, ""prob"": 1.0, ""kind"": ""Minor"", ""party"": ""company_shell""}]",1
131FSupp3d635_restricted_cash_agreement_to,131 F.Supp.3d 635,c017,10. Unfunded,NEGATIVE,1.1,westlaw,not_risky,0,0,none,not_risky,0.0,0.0,0,0,"[{""issue"": ""No Forum Selection or Dispute Resolution Clause. Section 9  specifies Texas governing law but does not include a forum selection clause. For Shell's benefit, adding an exclusive jurisdiction provision for courts in Harris County, Texas would prevent the employee from litigating disputes in an inconvenient forum."", ""type"": 0, ""prob"": 1.0, ""kind"": ""Notable"", ""party"": ""company_shell""}, {""issue"": ""Successors Provision Binds Only Company — Not Reciprocal. Section 8  states the Agreement inures to the benefit of the Company's successors and assigns, but does not explicitly confirm that Nicole's rights under the Agreement survive an assignment or change of control. If Shell is acquired or assigns this agreement, Nicole should be assured her entitlement to the Payment carries over. Consider adding language confirming the Agreement also inures to Nicole's benefit."", ""type"": 0, ""prob"": 1.0, ""kind"": ""Notable"", ""party"": ""employee_ryder""}]",1
131FSupp3d635_restricted_cash_agreement_to,131 F.Supp.3d 635,c018,11. No Benefit Rights Conferred,NEGATIVE,1.1,westlaw,not_risky,0,0,none,not_risky,0.0,0.0,0,0,[],1
131FSupp3d635_restricted_cash_agreement_to,131 F.Supp.3d 635,c019,12. Amendment and Termination of this Agreement,NEGATIVE,1.1,westlaw,not_risky,0,0,none,risky_type1,1.0,0.0,1,0,"[{""issue"": ""The phrase \""any incentive compensation\"" left open whether the exclusion reached other compensation the employee might be entitled to."", ""type"": 1, ""prob"": 1.0, ""kind"": ""Minor"", ""party"": ""employee_ryder""}]",1
131FSupp3d635_restricted_cash_agreement_to,131 F.Supp.3d 635,c020,13. Severability,NEGATIVE,1.1,westlaw,not_risky,0,0,none,not_risky,0.0,0.0,0,0,[],1
131FSupp3d635_restricted_cash_agreement_to,131 F.Supp.3d 635,c021,14. Confidentiality,NEGATIVE,1.1,westlaw,not_risky,0,0,none,risky_type1,1.0,0.0,2,0,"[{""issue"": ""The obligation to \""hold the existence and the contents of this Agreement in strict confidence\"" left open whether it survived termination or expiration of the Agreement."", ""type"": 1, ""prob"": 1.0, ""kind"": ""Notable"", ""party"": ""company_shell""}, {""issue"": ""The phrase \""threaten to disclose\"" left open what conduct constituted a threat to disclose and therefore triggered total forfeiture."", ""type"": 1, ""prob"": 1.0, ""kind"": ""Important"", ""party"": ""employee_ryder""}]",1
20FSupp3d709_nols_student_agreement_including,20 F.Supp.3d 709,c001,Student signing requirement,NEGATIVE,1.1,westlaw,not_risky,0,0,none,not_risky,0.0,0.0,0,0,[],1
20FSupp3d709_nols_student_agreement_including,20 F.Supp.3d 709,c002,Definition of Student,NEGATIVE,1.1,westlaw,not_risky,0,0,none,not_risky,0.0,0.0,0,0,[],1
20FSupp3d709_nols_student_agreement_including,20 F.Supp.3d 709,c003,Minor student parent signature,NEGATIVE,1.1,westlaw,not_risky,0,0,none,not_risky,0.0,0.0,0,0,[],1
20FSupp3d709_nols_student_agreement_including,20 F.Supp.3d 709,c004,Legal competency determination,NEGATIVE,1.1,westlaw,not_risky,0,0,none,not_risky,0.0,0.0,0,0,[],1
20FSupp3d709_nols_student_agreement_including,20 F.Supp.3d 709,c005,Activities and Risks — program activities,NEGATIVE,1.1,westlaw,not_risky,0,0,none,not_risky,0.0,0.0,0,0,[],1
20FSupp3d709_nols_student_agreement_including,20 F.Supp.3d 709,c006,Acknowledgment of activity risks,NEGATIVE,1.1,westlaw,not_risky,0,0,none,not_risky,0.0,0.0,0,0,[],1
20FSupp3d709_nols_student_agreement_including,20 F.Supp.3d 709,c007,Definition of inherent risks,NEGATIVE,1.1,westlaw,not_risky,0,0,none,not_risky,0.0,0.0,0,0,[],1
20FSupp3d709_nols_student_agreement_including,20 F.Supp.3d 709,c008,Consequences of inherent risks,NEGATIVE,1.1,westlaw,not_risky,0,0,none,not_risky,0.0,0.0,0,0,[],1
20FSupp3d709_nols_student_agreement_including,20 F.Supp.3d 709,c009,Strenuous activities risk,NEGATIVE,1.1,westlaw,not_risky,0,0,none,not_risky,0.0,0.0,0,0,[],1
20FSupp3d709_nols_student_agreement_including,20 F.Supp.3d 709,c010,Remote locations risk,NEGATIVE,1.1,westlaw,not_risky,0,0,none,not_risky,0.0,0.0,0,0,[],1
20FSupp3d709_nols_student_agreement_including,20 F.Supp.3d 709,c011,Public lands and third-party acts risk,NEGATIVE,1.1,westlaw,not_risky,0,0,none,not_risky,0.0,0.0,0,0,[],1
20FSupp3d709_nols_student_agreement_including,20 F.Supp.3d 709,c012,Distance from medical facilities,NEGATIVE,1.1,westlaw,not_risky,0,0,none,not_risky,0.0,0.0,0,0,[],1
20FSupp3d709_nols_student_agreement_including,20 F.Supp.3d 709,c013,"Delayed communication, transportation, and care",NEGATIVE,1.1,westlaw,not_risky,0,0,none,not_risky,0.0,0.0,0,0,[],1
20FSupp3d709_nols_student_agreement_including,20 F.Supp.3d 709,c014,Equipment failure risk,NEGATIVE,1.1,westlaw,not_risky,0,0,none,not_risky,0.0,0.0,0,0,[],1
20FSupp3d709_nols_student_agreement_including,20 F.Supp.3d 709,c015,Cooking risks,NEGATIVE,1.1,westlaw,not_risky,0,0,none,not_risky,0.0,0.0,0,0,[],1
20FSupp3d709_nols_student_agreement_including,20 F.Supp.3d 709,c016,Water disinfection,NEGATIVE,1.1,westlaw,not_risky,0,0,none,not_risky,0.0,0.0,0,0,[],1
20FSupp3d709_nols_student_agreement_including,20 F.Supp.3d 709,c017,Food allergy contact risk,NEGATIVE,1.1,westlaw,not_risky,0,0,none,not_risky,0.0,0.0,0,0,[],1
20FSupp3d709_nols_student_agreement_including,20 F.Supp.3d 709,c018,Camping risks,NEGATIVE,1.1,westlaw,not_risky,0,0,none,not_risky,0.0,0.0,0,0,[],1
20FSupp3d709_nols_student_agreement_including,20 F.Supp.3d 709,c019,Travel methods and terrain,NEGATIVE,1.1,westlaw,not_risky,0,0,none,not_risky,0.0,0.0,0,0,[],1
20FSupp3d709_nols_student_agreement_including,20 F.Supp.3d 709,c020,Travel risks,NEGATIVE,1.1,westlaw,not_risky,0,0,none,not_risky,0.0,0.0,0,0,[],1
20FSupp3d709_nols_student_agreement_including,20 F.Supp.3d 709,c021,Environmental hazards,NEGATIVE,1.1,westlaw,not_risky,0,0,none,not_risky,0.0,0.0,0,0,[],1
20FSupp3d709_nols_student_agreement_including,20 F.Supp.3d 709,c022,Environmental injuries and illnesses,NEGATIVE,1.1,westlaw,not_risky,0,0,none,not_risky,0.0,0.0,0,0,[],1
20FSupp3d709_nols_student_agreement_including,20 F.Supp.3d 709,c023,Decision-making limitations,NEGATIVE,1.1,westlaw,not_risky,0,0,none,not_risky,0.0,0.0,0,0,[],1
20FSupp3d709_nols_student_agreement_including,20 F.Supp.3d 709,c024,Subjects of possible misjudgments,NEGATIVE,1.1,westlaw,not_risky,0,0,none,not_risky,0.0,0.0,0,0,[],1
20FSupp3d709_nols_student_agreement_including,20 F.Supp.3d 709,c025,Unsupervised student travel,NEGATIVE,1.1,westlaw,not_risky,0,0,none,not_risky,0.0,0.0,0,0,[],1
20FSupp3d709_nols_student_agreement_including,20 F.Supp.3d 709,c026,Student free time,NEGATIVE,1.1,westlaw,not_risky,0,0,none,not_risky,0.0,0.0,0,0,[],1
20FSupp3d709_nols_student_agreement_including,20 F.Supp.3d 709,c027,No responsibility before and after course,NEGATIVE,1.1,westlaw,not_risky,0,0,none,not_risky,0.0,0.0,0,0,[],1
20FSupp3d709_nols_student_agreement_including,20 F.Supp.3d 709,c028,Staff participation in free-time activities,NEGATIVE,1.1,westlaw,not_risky,0,0,none,not_risky,0.0,0.0,0,0,[],1
20FSupp3d709_nols_student_agreement_including,20 F.Supp.3d 709,c029,No continual monitoring,NEGATIVE,1.1,westlaw,not_risky,0,0,none,not_risky,0.0,0.0,0,0,"[{""issue"": ""Free time disclaimer for during-course periods is weaker than before/after. The free time provision  states \""NOLS has no responsibility for students during their free time before and after their course\"" but the language for free time *during* the course  only says \""NOLS is not responsible for their conduct\"" (referring to staff acting as private individuals). The during-course disclaimer  says NOLS \""cannot continually monitor\"" students but does not expressly disclaim liability for during-course free time the way it does for before/after course. This gap could expose NOLS to claims for injuries during in-course free time."", ""type"": 0, ""prob"": 1.0, ""kind"": ""Notable"", ""party"": ""school_nols""}]",1
20FSupp3d709_nols_student_agreement_including,20 F.Supp.3d 709,c030,Student responsibility during course,NEGATIVE,1.1,westlaw,not_risky,0,0,none,not_risky,0.0,0.0,0,0,[],1
20FSupp3d709_nols_student_agreement_including,20 F.Supp.3d 709,c031,Foreign-country exposures,NEGATIVE,1.1,westlaw,not_risky,0,0,none,not_risky,0.0,0.0,0,0,"[{""issue"": ""NOLS Disclaims Responsibility for Staff During \""Free Time\"". The free time provision  states that when NOLS staff assist or accompany students during free time, \""they are acting as private individuals, and NOLS is not responsible for their conduct.\"" This is problematic for Thomas — NOLS staff who interact with students in their capacity as known authority figures create an appearance of official involvement. The disclaimer shifts risk entirely to students, which could be unfair if a student reasonably relied on staff guidance."", ""type"": 0, ""prob"": 1.0, ""kind"": ""Notable"", ""party"": ""student_plotkin""}]",1
20FSupp3d709_nols_student_agreement_including,20 F.Supp.3d 709,c032,Foreign-country travel and security risks,NEGATIVE,1.1,westlaw,not_risky,0,0,none,not_risky,0.0,0.0,0,0,[],1
20FSupp3d709_nols_student_agreement_including,20 F.Supp.3d 709,c033,Foreign-country field practices,NEGATIVE,1.1,westlaw,not_risky,0,0,none,not_risky,0.0,0.0,0,0,[],1
20FSupp3d709_nols_student_agreement_including,20 F.Supp.3d 709,c034,Instructional nature of activities,NEGATIVE,1.1,westlaw,not_risky,0,0,none,not_risky,0.0,0.0,0,0,[],1
20FSupp3d709_nols_student_agreement_including,20 F.Supp.3d 709,c035,Use of private contractors,NEGATIVE,1.1,westlaw,not_risky,0,0,none,not_risky,0.0,0.0,0,0,[],1
20FSupp3d709_nols_student_agreement_including,20 F.Supp.3d 709,c036,Contractor responsibility disclaimer,NEGATIVE,1.1,westlaw,not_risky,0,0,none,not_risky,0.0,0.0,0,0,"[{""issue"": ""Contractor liability disclaimer should be strengthened. The contractor disclaimer  simply says NOLS \""is not responsible for the acts or omissions of such contractors.\"" Courts may find this insufficient where NOLS has a non-delegable duty of care. Consider adding language clarifying that the student expressly releases NOLS from claims arising from contractor conduct and acknowledges contractors are independent third parties."", ""type"": 0, ""prob"": 1.0, ""kind"": ""Minor"", ""party"": ""school_nols""}, {""issue"": ""NOLS Disclaims All Responsibility for Contractors. The provision  states \""NOLS is not responsible for the acts or omissions of such contractors,\"" including transportation providers. This is a blanket disclaimer that is unfavorable to Thomas. When NOLS selects and engages contractors (e.g., drivers, outfitters) as part of its program, NOLS should retain some responsibility for exercising reasonable care in selecting those contractors. Thomas should request language requiring NOLS to use reasonable care in contractor selection."", ""type"": 0, ""prob"": 1.0, ""kind"": ""Notable"", ""party"": ""student_plotkin""}]",1
20FSupp3d709_nols_student_agreement_including,20 F.Supp.3d 709,c037,Acknowledgment of course information,NEGATIVE,1.1,westlaw,not_risky,0,0,none,not_risky,0.0,0.0,0,0,[],1
20FSupp3d709_nols_student_agreement_including,20 F.Supp.3d 709,c038,Included course information,NEGATIVE,1.1,westlaw,not_risky,0,0,none,not_risky,0.0,0.0,0,0,[],1
20FSupp3d709_nols_student_agreement_including,20 F.Supp.3d 709,c039,Availability of staff explanations,NEGATIVE,1.1,westlaw,not_risky,0,0,none,not_risky,0.0,0.0,0,0,[],1
20FSupp3d709_nols_student_agreement_including,20 F.Supp.3d 709,c040,Acknowledgment and Assumption — incomplete risk description,NEGATIVE,1.1,westlaw,not_risky,0,0,none,not_risky,0.0,0.0,0,0,[],1
20FSupp3d709_nols_student_agreement_including,20 F.Supp.3d 709,c041,Voluntary participation acknowledgment,NEGATIVE,1.1,westlaw,not_risky,0,0,none,not_risky,0.0,0.0,0,0,[],1
20FSupp3d709_nols_student_agreement_including,20 F.Supp.3d 709,c042,Assumption of inherent risks,NEGATIVE,1.1,westlaw,not_risky,0,0,none,not_risky,0.0,0.0,0,0,[],1
20FSupp3d709_nols_student_agreement_including,20 F.Supp.3d 709,c043,Assumption of all risks,NEGATIVE,1.1,westlaw,not_risky,0,0,none,risky_type1,1.0,0.0,1,0,"[{""issue"": ""The phrase “ALL risks of enrolling and participating in a NOLS program, inherent or otherwise” left open whether it reached risks arising from NOLS’s own negligence or operational failures."", ""type"": 1, ""prob"": 1.0, ""kind"": ""Important"", ""party"": ""student_plotkin""}]",1
20FSupp3d709_nols_student_agreement_including,20 F.Supp.3d 709,c044,Agreements of Release and Indemnity — release,NEGATIVE,1.1,westlaw,not_risky,0,0,none,not_risky,0.0,0.0,0,0,"[{""issue"": ""Released Parties definition should include independent contractors and successors. The definition of \""Released Parties\""  includes officers, trustees, agents, employees, volunteers, and interns, but notably omits independent contractors and successors/assigns. Since the agreement separately acknowledges NOLS uses private contractors , and disclaims responsibility for them, the release should also protect those contractors to prevent them from seeking contribution from NOLS. Adding \""contractors, successors, and assigns\"" would strengthen NOLS's protection."", ""type"": 0, ""prob"": 1.0, ""kind"": ""Notable"", ""party"": ""school_nols""}]",1
20FSupp3d709_nols_student_agreement_including,20 F.Supp.3d 709,c045,Indemnity,NEGATIVE,1.1,westlaw,not_risky,0,0,none,risky_type1,1.0,0.0,1,0,"[{""issue"": ""Indemnity should cover \""reasonable\"" attorney's fees and costs. The indemnity definition in the Release and Indemnity section  includes \""costs and attorney's fees\"" but does not specify \""reasonable\"" costs and attorney's fees. Adding \""reasonable\"" is standard practice and strengthens enforceability for NOLS."", ""type"": 0, ""prob"": 1.0, ""kind"": ""Minor"", ""party"": ""school_nols""}, {""issue"": ""Release should expressly survive course completion. The release and indemnity provisions  state they apply to claims \""in connection with my, or the minor student's, enrollment or participation in an activity of NOLS\"" but do not expressly state that these obligations survive the completion or termination of the course. Adding survival language would reinforce NOLS's position that the release remains effective post-course."", ""type"": 0, ""prob"": 1.0, ""kind"": ""Minor"", ""party"": ""school_nols""}, {""issue"": ""The phrase “a member of my, or the minor student’s, family, a rescuer, another student, or any other person” left open whether “any other person” reached every third-party claim arising in whole or part from the student’s enrollment or participation."", ""type"": 1, ""prob"": 1.0, ""kind"": ""Important"", ""party"": ""student_plotkin""}]",1
20FSupp3d709_nols_student_agreement_including,20 F.Supp.3d 709,c046,Negligence scope and exclusion,NEGATIVE,1.1,westlaw,not_risky,0,0,none,not_risky,0.0,0.0,0,0,[],1
20FSupp3d709_nols_student_agreement_including,20 F.Supp.3d 709,c047,Fullest lawful enforcement,NEGATIVE,1.1,westlaw,not_risky,0,0,none,not_risky,0.0,0.0,0,0,[],1
20FSupp3d709_nols_student_agreement_including,20 F.Supp.3d 709,c048,Lands-based release and indemnity exception,NEGATIVE,1.1,westlaw,not_risky,0,0,none,risky_type1,1.0,0.0,2,0,"[{""issue"": ""The phrase “lands whose rules or regulations prohibit such agreements as a matter of law” left open whether it referred to federal land management agency regulations, state recreational use statutes, or other rules, including administrative policies or local regulations."", ""type"": 1, ""prob"": 1.0, ""kind"": ""Minor"", ""party"": ""school_nols""}, {""issue"": ""The phrase “include claims of negligence of a Released Party” left open whether it reached negligence in supervision, equipment maintenance, or instruction rather than only inherent-risk-related claims."", ""type"": 1, ""prob"": 1.0, ""kind"": ""Important"", ""party"": ""student_plotkin""}]",1
20FSupp3d709_nols_student_agreement_including,20 F.Supp.3d 709,c049,Other Provisions — health verification and disclosure,NEGATIVE,1.1,westlaw,not_risky,0,0,none,not_risky,0.0,0.0,0,0,[],1
20FSupp3d709_nols_student_agreement_including,20 F.Supp.3d 709,c050,Fitness to participate,NEGATIVE,1.1,westlaw,not_risky,0,0,none,not_risky,0.0,0.0,0,0,[],1
20FSupp3d709_nols_student_agreement_including,20 F.Supp.3d 709,c051,Accuracy of medical information,NEGATIVE,1.1,westlaw,not_risky,0,0,none,not_risky,0.0,0.0,0,0,[],1
20FSupp3d709_nols_student_agreement_including,20 F.Supp.3d 709,c052,Updated medical disclosure,NEGATIVE,1.1,westlaw,not_risky,0,0,none,not_risky,0.0,0.0,0,0,[],1
20FSupp3d709_nols_student_agreement_including,20 F.Supp.3d 709,c053,Admission not medical-management representation,NEGATIVE,1.1,westlaw,not_risky,0,0,none,not_risky,0.0,0.0,0,0,"[{""issue"": ""Agreement places burden on student to determine age of legal competency. The introductory provision  states \""Student and parent must determine the age of legal competency to sign contracts, in the state of the student's residence.\"" This places the burden on the student/parent to determine legal capacity, but if a minor signs without proper parental consent, NOLS bears the risk of an unenforceable agreement. Consider requiring that NOLS verify the student's age and ensure parental signatures are obtained for all minors, rather than relying on the student's self-determination."", ""type"": 0, ""prob"": 1.0, ""kind"": ""Minor"", ""party"": ""school_nols""}]",1
20FSupp3d709_nols_student_agreement_including,20 F.Supp.3d 709,c054,Responsibility for course suitability,NEGATIVE,1.1,westlaw,not_risky,0,0,none,risky_type2,0.0,1.0,0,1,"[{""issue"": ""The statement that responsibility for determining a student’s suitability “is not NOLS’” had to be read against the medical-information provisions and NOLS’s reserved right to refuse admission or remove a student to determine whether NOLS evaluated the student’s suitability."", ""type"": 2, ""prob"": 1.0, ""kind"": ""Notable"", ""party"": ""student_plotkin""}]",1
20FSupp3d709_nols_student_agreement_including,20 F.Supp.3d 709,c055,Right to refuse or remove student,NEGATIVE,1.1,westlaw,not_risky,0,0,none,not_risky,0.0,0.0,0,0,[],1
20FSupp3d709_nols_student_agreement_including,20 F.Supp.3d 709,c056,Emergency medical authorization,NEGATIVE,1.1,westlaw,not_risky,0,0,none,risky_type1,1.0,0.0,1,0,"[{""issue"": ""Removal provision should clarify no refund obligation. The provision reserving NOLS's right to refuse admission or remove a student  does not address whether the student is entitled to a refund upon removal. Without clarifying that removal does not entitle the student to a refund (or specifying NOLS's refund policy), NOLS could face disputes over tuition reimbursement."", ""type"": 0, ""prob"": 1.0, ""kind"": ""Notable"", ""party"": ""school_nols""}, {""issue"": ""The phrase “emergency hospitalization, surgical or other medical care” left open whether “other medical care” reached non-emergency procedures."", ""type"": 1, ""prob"": 1.0, ""kind"": ""Minor"", ""party"": ""student_plotkin""}]",1
20FSupp3d709_nols_student_agreement_including,20 F.Supp.3d 709,c057,NOLS staff emergency care,NEGATIVE,1.1,westlaw,not_risky,0,0,none,risky_type1,1.0,0.0,1,0,"[{""issue"": ""The phrase “for any reason it deems in the best interests of the student or the school” left open whether it reached removal for reasons other than the student’s misconduct."", ""type"": 1, ""prob"": 1.0, ""kind"": ""Important"", ""party"": ""student_plotkin""}]",1
20FSupp3d709_nols_student_agreement_including,20 F.Supp.3d 709,c058,Medical protocols,NEGATIVE,1.1,westlaw,not_risky,0,0,none,not_risky,0.0,0.0,0,0,[],1
20FSupp3d709_nols_student_agreement_including,20 F.Supp.3d 709,c059,Medical information exchange,NEGATIVE,1.1,westlaw,not_risky,0,0,none,not_risky,0.0,0.0,0,0,[],1
20FSupp3d709_nols_student_agreement_including,20 F.Supp.3d 709,c060,Medical and evacuation costs,NEGATIVE,1.1,westlaw,not_risky,0,0,none,not_risky,0.0,0.0,0,0,[],1
20FSupp3d709_nols_student_agreement_including,20 F.Supp.3d 709,c061,Sharing contact information,NEGATIVE,1.1,westlaw,not_risky,0,0,none,risky_type1,1.0,0.0,3,0,"[{""issue"": ""The phrase “Costs reasonably associated with medical services, including evacuation” left open whether it reached separately billed search and rescue operations."", ""type"": 1, ""prob"": 1.0, ""kind"": ""Minor"", ""party"": ""school_nols""}, {""issue"": ""The phrase “environmental organizations or strategic partners” left open whether it reached organizations without a formal relationship with NOLS."", ""type"": 1, ""prob"": 1.0, ""kind"": ""Minor"", ""party"": ""school_nols""}, {""issue"": ""The phrase “Costs reasonably associated with medical services, including evacuation” left open which medical and evacuation costs were “reasonably associated.”"", ""type"": 1, ""prob"": 1.0, ""kind"": ""Notable"", ""party"": ""student_plotkin""}, {""issue"": ""Sharing Contact Info with Third Parties Without Consent. The provision  allows NOLS to share Thomas's contact information with \""environmental organizations or strategic partners\"" without requiring Thomas's prior consent. This raises privacy concerns and could result in unwanted solicitations. Thomas should request that contact information sharing with third-party organizations require opt-in consent."", ""type"": 0, ""prob"": 1.0, ""kind"": ""Notable"", ""party"": ""student_plotkin""}]",1
20FSupp3d709_nols_student_agreement_including,20 F.Supp.3d 709,c062,Promotional use,NEGATIVE,1.1,westlaw,not_risky,0,0,none,risky_type1,1.0,0.0,1,0,"[{""issue"": ""The phrase “may use my or the minor student’s name, contact information and photo or other image in promotional materials and press releases” left open whether the consent was perpetual and irrevocable or could later be revoked."", ""type"": 1, ""prob"": 1.0, ""kind"": ""Notable"", ""party"": ""school_nols""}]",1
20FSupp3d709_nols_student_agreement_including,20 F.Supp.3d 709,c063,Responsibility for damage,NEGATIVE,1.1,westlaw,not_risky,0,0,none,risky_type1,1.0,0.0,2,0,"[{""issue"": ""The phrase permitting NOLS to use the student’s “name, contact information and photo or other image in promotional materials and press releases” left open the duration and scope of that permission, including whether it was perpetual and irrevocable."", ""type"": 1, ""prob"": 1.0, ""kind"": ""Notable"", ""party"": ""student_plotkin""}, {""issue"": ""The phrase “responsible for any damage I, or the minor student, may cause to NOLS facilities or gear” left open whether it reached normal wear and tear or damage resulting from NOLS-directed activities performed in good faith."", ""type"": 1, ""prob"": 1.0, ""kind"": ""Minor"", ""party"": ""student_plotkin""}]",1
20FSupp3d709_nols_student_agreement_including,20 F.Supp.3d 709,c064,Personal belongings disclaimer,NEGATIVE,1.1,westlaw,not_risky,0,0,none,risky_type1,1.0,0.0,1,0,"[{""issue"": ""Personal property disclaimer should extend to field operations. The personal property disclaimer  only covers belongings \""stored at NOLS facilities.\"" This does not address loss, theft, or damage to personal property during field operations, which is where most activities occur. NOLS should disclaim responsibility for personal belongings during all phases of the program, not just storage at facilities."", ""type"": 0, ""prob"": 1.0, ""kind"": ""Notable"", ""party"": ""school_nols""}, {""issue"": ""The phrase “NOLS is not responsible for loss, theft or damage to a student’s personal belongings stored at NOLS facilities” left open whether it reached theft or damage caused by NOLS’s own negligence."", ""type"": 1, ""prob"": 1.0, ""kind"": ""Minor"", ""party"": ""student_plotkin""}]",1
20FSupp3d709_nols_student_agreement_including,20 F.Supp.3d 709,c065,Governing law,POSITIVE,1.1,westlaw,risky,1,0,1.1,not_risky,0.0,0.0,0,0,"[{""issue"": ""Continuation of personal property disclaimer. Extending the personal property disclaimer to cover all phases of the program requires also updating the next line  to encompass field operations and transit."", ""type"": 0, ""prob"": 1.0, ""kind"": ""Notable"", ""party"": ""school_nols""}]",1
20FSupp3d709_nols_student_agreement_including,20 F.Supp.3d 709,c066,Wyoming forum,POSITIVE,1.1,westlaw,risky,1,0,1.1,not_risky,0.0,0.0,0,0,[],1
20FSupp3d709_nols_student_agreement_including,20 F.Supp.3d 709,c067,Severability,NEGATIVE,1.1,westlaw,not_risky,0,0,none,not_risky,0.0,0.0,0,0,"[{""issue"": ""Exclusive Wyoming Venue May Be Inconvenient. The dispute resolution provision  requires that \""any mediation or suit shall occur or be filed only in the State of Wyoming.\"" This exclusive venue clause could be burdensome for Thomas if he resides elsewhere, as he would need to travel to Wyoming to pursue any claim. Thomas should consider negotiating the option to bring claims in the state of his residence as well."", ""type"": 0, ""prob"": 1.0, ""kind"": ""Minor"", ""party"": ""student_plotkin""}]",1
20FSupp3d709_nols_student_agreement_including,20 F.Supp.3d 709,c068,"Acknowledgment, agreement, and binding effect",NEGATIVE,1.1,westlaw,not_risky,0,0,none,not_risky,0.0,0.0,0,0,"[{""issue"": ""Severability clause should include reformation language. The severability clause  states that if any part is found invalid, \""the remainder of the agreement nevertheless will be in full force and effect.\"" This is a basic severability clause but lacks reformation language. For releases and liability waivers, courts often look for language authorizing the court to reform an overbroad provision to the maximum enforceable extent rather than simply severing it. This is particularly important for the release provisions, which are already stated to be \""intended to be enforced to the fullest extent permitted by law\"" ."", ""type"": 0, ""prob"": 1.0, ""kind"": ""Minor"", ""party"": ""school_nols""}, {""issue"": ""Agreement Binds Heirs and Estate. The closing provision  states the agreement \""SHALL BE BINDING UPON THEM, THEIR HEIRS, ESTATE, EXECUTORS AND ADMINISTRATORS.\"" This means that in the worst-case scenario of a fatality, Thomas's estate and heirs would be bound by the release and indemnity, potentially barring wrongful death claims. This is a significant concession. Thomas should be aware that this provision, if enforceable, could prevent his family from bringing claims in the event of his death due to NOLS's negligence."", ""type"": 0, ""prob"": 1.0, ""kind"": ""Notable"", ""party"": ""student_plotkin""}]",1
20FSupp3d709_nols_student_agreement_including,20 F.Supp.3d 709,c069,Written modification requirement,NEGATIVE,1.1,westlaw,not_risky,0,0,none,not_risky,0.0,0.0,0,0,[],1
266FSupp3d666_employment_agreement,266 F.Supp.3d 666,c001,Preamble and Parties,NEGATIVE,1.1,westlaw,not_risky,0,0,none,not_risky,0.0,0.0,0,0,[],1
266FSupp3d666_employment_agreement,266 F.Supp.3d 666,c002,1. Scope and Purpose,NEGATIVE,1.1,westlaw,not_risky,0,0,none,not_risky,0.0,0.0,0,0,[],1
266FSupp3d666_employment_agreement,266 F.Supp.3d 666,c003,2. Start Date,NEGATIVE,1.1,westlaw,not_risky,0,0,none,not_risky,0.0,0.0,0,0,[],1
266FSupp3d666_employment_agreement,266 F.Supp.3d 666,c004,3. Employment and Duties,NEGATIVE,1.1,westlaw,not_risky,0,0,none,risky_type2,0.0,1.0,0,1,"[{""issue"": ""The authority to place Executive in “another management position assigned to Executive by the Corporation’s Board of Directors” had to be read against Section 9(d)’s Good Reason definition to determine whether a reassignment that materially reduced duties, responsibilities, or title triggered Good Reason."", ""type"": 2, ""prob"": 1.0, ""kind"": ""Minor"", ""party"": ""corporation_luxoft""}, {""issue"": ""Corporation Can Reassign Executive's Position Unilaterally. The employment duties provision  allows Executive to be assigned to \""another management position assigned to Executive by the Corporation's Board of Directors.\"" This gives the Corporation broad discretion to change Executive's role without consent. While the Good Reason definition covers a \""material reduction\"" in duties, the Corporation could laterally reassign Executive to a substantially different role. Executive should negotiate to limit reassignment to positions of comparable seniority, authority, and compensation."", ""type"": 0, ""prob"": 1.0, ""kind"": ""Notable"", ""party"": ""executive_lankau""}]",1
266FSupp3d666_employment_agreement,266 F.Supp.3d 666,c005,4(a) Base Salary,POSITIVE,1.1,westlaw,risky,1,0,1.1,not_risky,0.0,0.0,0,0,"[{""issue"": ""Salary Adjustment at Board's Sole Discretion — No Floor. The Base Salary provision  provides that salary is \""subject to annual review for adjustment at the discretion of the Board.\"" There is no floor preventing the Board from reducing Executive's salary. While the \""Good Reason\"" definition  covers a \""significant\"" reduction in Base Salary, it does not prevent smaller reductions. Executive should negotiate for language ensuring salary can only be adjusted upward, or at minimum that it cannot be reduced below the initial $300,000 without consent."", ""type"": 0, ""prob"": 1.0, ""kind"": ""Notable"", ""party"": ""executive_lankau""}]",1
266FSupp3d666_employment_agreement,266 F.Supp.3d 666,c006,4(b) Annual Bonus,NEGATIVE,1.1,westlaw,not_risky,0,0,none,not_risky,0.0,0.0,0,0,"[{""issue"": ""Annual Bonus Framed as Entitlement Rather Than Discretionary. The annual bonus provision  states that Executive \""shall have the right to receive an annual bonus in the amount of $140,000.\"" The phrase \""right to receive\"" creates a contractual entitlement rather than a discretionary bonus, limiting Luxoft's flexibility. While the bonus is subject to KPI satisfaction, the baseline framing as a \""right\"" could be problematic if disputed. Consider softening the language to \""shall be eligible to receive\"" to preserve the Corporation's discretion."", ""type"": 0, ""prob"": 1.0, ""kind"": ""Notable"", ""party"": ""corporation_luxoft""}, {""issue"": ""No Clawback Provision for Bonus Payments. The Annual Bonus  and Additional Bonus  provisions do not include any clawback mechanism. If the Executive is terminated for Cause or if KPIs are later found to have been met through misconduct or inaccurate reporting, the Corporation has no express contractual right to recoup previously paid bonuses. Consider adding a clawback right for bonuses paid based on results that are later determined to have been materially inaccurate."", ""type"": 0, ""prob"": 1.0, ""kind"": ""Minor"", ""party"": ""corporation_luxoft""}, {""issue"": ""Annual Bonus Conditioned on Employment on Payment Date. The Annual Bonus provision  requires that Executive \""remains an employee of the Corporation in good standing on the date of payment.\"" This means Executive forfeits any earned bonus if terminated (even without Cause) before the payment date. The Corporation could terminate Executive just before a bonus payment date to avoid paying it. Executive should negotiate for prorated bonus payment upon termination without Cause or for Good Reason."", ""type"": 0, ""prob"": 1.0, ""kind"": ""Notable"", ""party"": ""executive_lankau""}]",1
266FSupp3d666_employment_agreement,266 F.Supp.3d 666,c007,4(c) 401(k) Plan Participation,NEGATIVE,1.1,westlaw,not_risky,0,0,none,not_risky,0.0,0.0,0,0,[],1
266FSupp3d666_employment_agreement,266 F.Supp.3d 666,c008,4(d) Other Benefits,POSITIVE,1.1,westlaw,risky,1,0,1.1,not_risky,0.0,0.0,0,0,"[{""issue"": ""Stock Option Participation Entirely Discretionary. The benefits provision  states Executive is merely \""eligible to participate\"" in the Stock Option Plan, subject to Board approval. This grants no actual right to stock options. For a Managing Director-level executive, the Agreement should include a commitment regarding initial grant size and vesting schedule."", ""type"": 0, ""prob"": 1.0, ""kind"": ""Notable"", ""party"": ""executive_lankau""}]",1
266FSupp3d666_employment_agreement,266 F.Supp.3d 666,c009,4(e) Expenses,NEGATIVE,1.1,westlaw,not_risky,0,0,none,not_risky,0.0,0.0,0,0,[],1
266FSupp3d666_employment_agreement,266 F.Supp.3d 666,c010,5(a) At-Will Employment and Termination Notice,NEGATIVE,1.1,westlaw,not_risky,0,0,none,risky_type2,0.0,1.0,0,1,"[{""issue"": ""90-Day Notice for Without-Cause Termination Undermines At-Will Status. The termination provision  declares Executive is \""at-will\"" but then requires the Corporation to provide ninety (90) days' prior notice for without-Cause termination . This is an unusually long notice period that significantly undermines the at-will nature of the employment and creates a de facto 90-day guaranteed employment period upon any termination decision. Consider reducing to 30 days, or adding the Corporation's right to provide pay in lieu of notice to avoid situations where a departing executive remains on payroll with access to sensitive information."", ""type"": 0, ""prob"": 1.0, ""kind"": ""Notable"", ""party"": ""corporation_luxoft""}, {""issue"": ""No Severance Upon Termination Without Cause. The termination provision  provides Executive with only 90 days' prior notice if terminated without Cause, but no severance payment whatsoever. Given the Executive's senior position (Managing Director) and the extensive post-termination restrictive covenants (24-month non-compete and non-solicitation), the absence of severance is highly unfavorable. Market-standard agreements for executives at this level typically include severance of 6–12 months' Base Salary plus prorated bonus upon termination without Cause. Executive should negotiate for meaningful severance, especially since the restrictive covenants will significantly limit his ability to earn a living for two years after departure."", ""type"": 0, ""prob"": 1.0, ""kind"": ""Important"", ""party"": ""executive_lankau""}, {""issue"": ""Section 5(a)’s requirement that Executive “cease employment activities” without changing the termination date had to be read against Section 4’s Compensation and Benefits terms to determine whether full compensation and benefits continued through that date."", ""type"": 2, ""prob"": 1.0, ""kind"": ""Minor"", ""party"": ""executive_lankau""}]",1
266FSupp3d666_employment_agreement,266 F.Supp.3d 666,c011,5(b) Cessation of Compensation and Benefits,NEGATIVE,1.1,westlaw,not_risky,0,0,none,not_risky,0.0,0.0,0,0,[],1
266FSupp3d666_employment_agreement,266 F.Supp.3d 666,c012,5(c) Offset,NEGATIVE,1.1,westlaw,not_risky,0,0,none,not_risky,0.0,0.0,0,0,"[{""issue"": ""Offset Rights Limited to Undisputed Amounts. The offset provision  allows the Corporation to offset only \""bona fide amounts not in dispute\"" against amounts owed to Executive. The \""not in dispute\"" qualifier significantly narrows the Corporation's offset rights — the Executive could simply dispute any amount to block offset. Consider removing the \""not in dispute\"" limitation, or broadening to \""bona fide amounts reasonably determined by the Corporation to be owed.\"""", ""type"": 0, ""prob"": 1.0, ""kind"": ""Notable"", ""party"": ""corporation_luxoft""}, {""issue"": ""Corporation's Unilateral Setoff Right Without Notice. The offset provision  allows the Corporation to offset amounts Executive owes against compensation. Executive should negotiate for prior written notice and an opportunity to dispute before any offset is applied."", ""type"": 0, ""prob"": 1.0, ""kind"": ""Minor"", ""party"": ""executive_lankau""}]",1
266FSupp3d666_employment_agreement,266 F.Supp.3d 666,c013,6. Scope and Purpose,NEGATIVE,1.1,westlaw,not_risky,0,0,none,not_risky,0.0,0.0,0,0,[],1
266FSupp3d666_employment_agreement,266 F.Supp.3d 666,c014,6. Other Restrictions,NEGATIVE,1.1,westlaw,not_risky,0,0,none,not_risky,0.0,0.0,0,0,[],1
266FSupp3d666_employment_agreement,266 F.Supp.3d 666,c015,6. Conflict of Interest,NEGATIVE,1.1,westlaw,not_risky,0,0,none,risky_type1,1.0,0.0,1,0,"[{""issue"": ""Conflict of Interest Provision Overly Broad — May Undermine Enforceability. The Conflict of Interest clause  imposes a 24-month post-termination non-compete across a vast geographic territory (CIS, Europe, and the US) . While the judicial modification clause provides a safety net, New York courts increasingly disfavor overbroad non-competes, particularly after the state's strong policy trends against them. A 24-month duration covering three continents for a managing director role may be viewed as unreasonable. To strengthen enforceability, consider reducing the post-employment restriction to 12 months, which is the more commonly enforced period in New York for executive-level non-competes."", ""type"": 0, ""prob"": 1.0, ""kind"": ""Notable"", ""party"": ""corporation_luxoft""}, {""issue"": ""Excessive Non-Compete Duration (24 Months). The conflict of interest / non-compete provision  imposes a 24-month post-termination restriction. This is at the outer boundary of enforceability and unusually long for an employment agreement, particularly in New York where courts scrutinize non-competes carefully. Market standard for senior executives is typically 12 months. The 24-month period, combined with the extremely broad geographic scope (CIS, Europe, and the entire United States), makes this restriction especially onerous and potentially unenforceable. Executive should negotiate to reduce this to 12 months."", ""type"": 0, ""prob"": 1.0, ""kind"": ""Important"", ""party"": ""executive_lankau""}, {""issue"": ""The phrase “proposed to be conducted” left open whether a Competitive Enterprise included any business the Corporation had merely discussed internally."", ""type"": 1, ""prob"": 1.0, ""kind"": ""Important"", ""party"": ""executive_lankau""}, {""issue"": ""Non-Solicitation of Employees Duration Excessive (24 Months). The non-solicitation of employees provision  imposes a 24-month post-termination restriction. This should be reduced to 12 months consistent with the other restrictive covenants."", ""type"": 0, ""prob"": 1.0, ""kind"": ""Important"", ""party"": ""executive_lankau""}]",1
266FSupp3d666_employment_agreement,266 F.Supp.3d 666,c016,6. Non-Solicitation of Clients,NEGATIVE,1.1,westlaw,not_risky,0,0,none,not_risky,0.0,0.0,0,0,"[{""issue"": ""Non-Solicitation of Clients Duration Excessive (24 Months). The non-solicitation of clients provision  also imposes a 24-month post-termination restriction, consistent with the non-compete. This should be reduced to 12 months."", ""type"": 0, ""prob"": 1.0, ""kind"": ""Important"", ""party"": ""executive_lankau""}]",1
266FSupp3d666_employment_agreement,266 F.Supp.3d 666,c017,6. Definition of Solicit,NEGATIVE,1.1,westlaw,not_risky,0,0,none,not_risky,0.0,0.0,0,0,[],1
266FSupp3d666_employment_agreement,266 F.Supp.3d 666,c018,6. Definition of Client,NEGATIVE,1.1,westlaw,not_risky,0,0,none,not_risky,0.0,0.0,0,0,[],1
266FSupp3d666_employment_agreement,266 F.Supp.3d 666,c019,6. Definition of Affiliate,NEGATIVE,1.1,westlaw,not_risky,0,0,none,risky_type1,1.0,0.0,1,0,"[{""issue"": ""The phrase “whose identity became known to the Executive in connection with the Executive’s relationship to the Corporation” left open whether “Client” reached someone whose name was merely mentioned in a meeting."", ""type"": 1, ""prob"": 1.0, ""kind"": ""Notable"", ""party"": ""executive_lankau""}]",1
266FSupp3d666_employment_agreement,266 F.Supp.3d 666,c020,6. Definition of Person,NEGATIVE,1.1,westlaw,not_risky,0,0,none,not_risky,0.0,0.0,0,0,[],1
266FSupp3d666_employment_agreement,266 F.Supp.3d 666,c021,6. Damages for Breach,NEGATIVE,1.1,westlaw,not_risky,0,0,none,not_risky,0.0,0.0,0,0,[],1
266FSupp3d666_employment_agreement,266 F.Supp.3d 666,c022,6. Non-Solicitation of Employees,NEGATIVE,1.1,westlaw,not_risky,0,0,none,risky_type1,1.0,0.0,1,0,"[{""issue"": ""The phrase “unless prior written consent is given by the Executive” named the Executive as the consent-giver, although the provision was intended to require the Corporation’s consent."", ""type"": 1, ""prob"": 1.0, ""kind"": ""Important"", ""party"": ""corporation_luxoft""}, {""issue"": ""$50,000 Liquidated Damages Per Employee Solicited — Excessive. The non-solicitation of employees provision  imposes a fixed penalty of $50,000 per solicited employee. This amount may function as an unenforceable penalty rather than a reasonable pre-estimate of damages under New York law. From Executive's perspective, this creates significant, uncapped financial exposure. Consider removing the fixed damages amount and limiting recovery to actual, provable damages."", ""type"": 0, ""prob"": 1.0, ""kind"": ""Important"", ""party"": ""executive_lankau""}]",1
266FSupp3d666_employment_agreement,266 F.Supp.3d 666,c023,6. Confidentiality and Ownership,NEGATIVE,1.1,westlaw,not_risky,0,0,none,not_risky,0.0,0.0,0,0,"[{""issue"": ""Confidential Information Missing Compelled-Disclosure Carve-Out. The Confidential Information definition  excludes only information already public and information that later becomes public without Executive's fault . While narrow exceptions benefit Luxoft, the absence of a standard exception for legally compelled disclosure could undermine enforceability. Adding a compelled-disclosure exception with a prior-notice requirement protects Luxoft by ensuring the clause withstands scrutiny and by requiring Executive to notify the Corporation before any compelled disclosure."", ""type"": 0, ""prob"": 1.0, ""kind"": ""Minor"", ""party"": ""corporation_luxoft""}]",1
266FSupp3d666_employment_agreement,266 F.Supp.3d 666,c024,6. Inventions and Intellectual Property Ownership,NEGATIVE,1.1,westlaw,not_risky,0,0,none,not_risky,0.0,0.0,0,0,[],1
266FSupp3d666_employment_agreement,266 F.Supp.3d 666,c025,6. Maintenance of Records,NEGATIVE,1.1,westlaw,not_risky,0,0,none,not_risky,0.0,0.0,0,0,[],1
266FSupp3d666_employment_agreement,266 F.Supp.3d 666,c026,6. Assistance,NEGATIVE,1.1,westlaw,not_risky,0,0,none,risky_type1,1.0,0.0,4,0,"[{""issue"": ""The phrase “unable because of the Corporation’s mental or physical incapacity or unavailability” referred to the Corporation’s incapacity, although the power-of-attorney trigger was intended to refer to the Executive’s incapacity or unavailability."", ""type"": 1, ""prob"": 1.0, ""kind"": ""Important"", ""party"": ""corporation_luxoft""}, {""issue"": ""The phrase “secure the Corporation’s signature” referred to the Corporation’s signature, although the provision was intended to address securing the Executive’s signature on intellectual-property filings."", ""type"": 1, ""prob"": 1.0, ""kind"": ""Important"", ""party"": ""corporation_luxoft""}, {""issue"": ""Perpetual Post-Employment IP Assistance Obligation Without Compensation. The IP assistance provision  requires Executive's document execution obligations to \""continue after the termination of this Agreement until the expiration of the last such intellectual property right to expire in any country of the world.\"" This creates a potentially perpetual obligation spanning decades. While the provision  states assistance is \""at the Corporation's expense,\"" Executive should negotiate for explicit reasonable hourly compensation for post-termination time spent on IP assistance."", ""type"": 0, ""prob"": 1.0, ""kind"": ""Minor"", ""party"": ""executive_lankau""}, {""issue"": ""The phrase “any and all claims, of any nature whatsoever” for infringement of Assigned Inventions left open whether the waiver reached claims where the intellectual property’s classification as Assigned rather than Retained was disputed."", ""type"": 1, ""prob"": 1.0, ""kind"": ""Minor"", ""party"": ""executive_lankau""}, {""issue"": ""The phrase “unable because of the Corporation’s mental or physical incapacity or unavailability” referred to the Corporation’s incapacity, although the power-of-attorney trigger was intended to refer to the Executive’s incapacity or unavailability."", ""type"": 1, ""prob"": 1.0, ""kind"": ""Notable"", ""party"": ""executive_lankau""}, {""issue"": ""Restrictive Covenants Not Contingent on Ongoing Compensation. The non-compete  imposes post-termination restrictions but is not conditioned on the Corporation providing any ongoing compensation during the restricted period. Under New York law trends, courts increasingly scrutinize non-competes without garden leave pay. Executive should negotiate for continued salary during the restriction period as a condition to enforceability."", ""type"": 0, ""prob"": 1.0, ""kind"": ""Important"", ""party"": ""executive_lankau""}]",1
266FSupp3d666_employment_agreement,266 F.Supp.3d 666,c027,6. Non-Disclosure Agreement,NEGATIVE,1.1,westlaw,not_risky,0,0,none,not_risky,0.0,0.0,0,0,[],1
266FSupp3d666_employment_agreement,266 F.Supp.3d 666,c028,6. Executive’s Acknowledgments,NEGATIVE,1.1,westlaw,not_risky,0,0,none,not_risky,0.0,0.0,0,0,"[{""issue"": ""Tolling Provision for Restrictive Covenant Breaches. The Executive's Acknowledgments section  states that \""the duration of every restriction set forth in this section will be extended by any period during which the Executive is in breach of his obligations.\"" While tolling provisions are favorable to Luxoft, New York courts have sometimes viewed automatic tolling provisions with skepticism. Consider tying the tolling to a judicial determination of breach rather than automatic extension, which would make it more likely to be enforced."", ""type"": 0, ""prob"": 1.0, ""kind"": ""Minor"", ""party"": ""corporation_luxoft""}, {""issue"": ""Tolling Provision Extends Restrictive Covenant Duration. The Executive's Acknowledgments provision  states that \""the duration of every restriction set forth in this section will be extended by any period during which the Executive is in breach.\"" This tolling mechanism effectively extends the already-lengthy 24-month restrictive period by the duration of any alleged breach, potentially creating an indefinite restriction. This is aggressive and non-standard. Executive should negotiate to remove this tolling provision, or at minimum cap the total extension period."", ""type"": 0, ""prob"": 1.0, ""kind"": ""Notable"", ""party"": ""executive_lankau""}]",1
266FSupp3d666_employment_agreement,266 F.Supp.3d 666,c029,6. Non-Disparagement,NEGATIVE,1.1,westlaw,not_risky,0,0,none,risky_type1,1.0,0.0,1,0,"[{""issue"": ""The phrase “irrespective of the truthfulness or falsity of such statement” left open whether the prohibition reached truthful statements in whistleblower or SEC proceedings."", ""type"": 1, ""prob"": 1.0, ""kind"": ""Minor"", ""party"": ""corporation_luxoft""}, {""issue"": ""Confidentiality Has No Exception for Legal Compulsion. The confidentiality provision broadly prohibits Executive from ever disclosing Confidential Information , with no carve-out for legally compelled disclosures or whistleblower protections under the DTSA. Executive should add standard exceptions for disclosures required by law."", ""type"": 0, ""prob"": 1.0, ""kind"": ""Notable"", ""party"": ""executive_lankau""}]",1
266FSupp3d666_employment_agreement,266 F.Supp.3d 666,c030,6. Judicial Modification,NEGATIVE,1.1,westlaw,not_risky,0,0,none,not_risky,0.0,0.0,0,0,"[{""issue"": ""Non-Disparagement is One-Sided. The non-disparagement provision  binds only Executive. There is no reciprocal obligation on the Corporation or its officers/directors not to disparage Executive. This is unfair and non-market. Executive should negotiate for a mutual non-disparagement obligation, at minimum binding the Corporation's senior officers and directors."", ""type"": 0, ""prob"": 1.0, ""kind"": ""Notable"", ""party"": ""executive_lankau""}]",1
266FSupp3d666_employment_agreement,266 F.Supp.3d 666,c031,6. Remedies,NEGATIVE,1.1,westlaw,not_risky,0,0,none,risky_type1,1.0,0.0,4,0,"[{""issue"": ""The phrase “any liability or obligation owed to the Executive (including compensation)” left open whether the forfeiture reached earned compensation, including accrued wages."", ""type"": 1, ""prob"": 1.0, ""kind"": ""Notable"", ""party"": ""corporation_luxoft""}, {""issue"": ""The phrase “any liability or obligation owed to the Executive (including compensation)” left open whether even a minor or inadvertent breach caused forfeiture of earned but unpaid salary and accrued benefits."", ""type"": 1, ""prob"": 1.0, ""kind"": ""Important"", ""party"": ""executive_lankau""}, {""issue"": ""The phrase “any liability or obligation owed to the Executive (including compensation)” left open whether a minor or technical breach extinguished earned compensation, accrued benefits, and other obligations."", ""type"": 1, ""prob"": 1.0, ""kind"": ""Important"", ""party"": ""executive_lankau""}, {""issue"": ""The phrase “all profit, remuneration, or other consideration” left open whether recovery reached salary earned from subsequent employment."", ""type"": 1, ""prob"": 1.0, ""kind"": ""Notable"", ""party"": ""executive_lankau""}, {""issue"": ""Injunctive Relief Without Bond or Proof of Damages. The remedies clause  provides for injunctive relief \""without requirement of a bond or proof of monetary damage or an inadequate remedy at law.\"" Pre-agreeing to waive the bond requirement and proof of irreparable harm strips Executive of important procedural protections. Executive should remove the waiver of bond requirement — courts can determine whether a bond is appropriate."", ""type"": 0, ""prob"": 1.0, ""kind"": ""Minor"", ""party"": ""executive_lankau""}]",1
266FSupp3d666_employment_agreement,266 F.Supp.3d 666,c032,7. Representations of the Executive,NEGATIVE,1.1,westlaw,not_risky,0,0,none,not_risky,0.0,0.0,0,0,[],1
266FSupp3d666_employment_agreement,266 F.Supp.3d 666,c033,8(a) Jurisdiction and Venue,NEGATIVE,1.1,westlaw,not_risky,0,0,none,not_risky,0.0,0.0,0,0,[],1
266FSupp3d666_employment_agreement,266 F.Supp.3d 666,c034,8(b) Waiver of Trial By Jury,NEGATIVE,1.1,westlaw,not_risky,0,0,none,risky_type1,1.0,0.0,1,0,"[{""issue"": ""The phrase “all its obligations to Executive” left open whether the assignor’s release reached accrued but unpaid obligations arising before the assignment."", ""type"": 1, ""prob"": 1.0, ""kind"": ""Minor"", ""party"": ""corporation_luxoft""}]",1
266FSupp3d666_employment_agreement,266 F.Supp.3d 666,c035,8(c) Costs,NEGATIVE,1.1,westlaw,not_risky,0,0,none,risky_type1,1.0,0.0,1,0,"[{""issue"": ""The terms “losing party” and “prevailing party” left open how the costs provision applied when a party achieved only partial success in a covenant-enforcement action."", ""type"": 1, ""prob"": 1.0, ""kind"": ""Minor"", ""party"": ""corporation_luxoft""}, {""issue"": ""Loser-Pays Attorney's Fees Provision. The costs provision  requires the \""losing party\"" to reimburse the \""prevailing party\"" for all costs. While facially mutual, this disproportionately benefits the Corporation because it has greater resources to litigate and the risk of paying the Corporation's legal fees may deter Executive from bringing legitimate claims. Executive should negotiate to remove this provision, or at minimum limit it so that the Corporation pays Executive's fees if Executive prevails, but Executive is not liable for the Corporation's fees if the Corporation prevails."", ""type"": 0, ""prob"": 1.0, ""kind"": ""Notable"", ""party"": ""executive_lankau""}]",1
266FSupp3d666_employment_agreement,266 F.Supp.3d 666,c036,9(a) Definition of Affiliate,NEGATIVE,1.1,westlaw,not_risky,0,0,none,not_risky,0.0,0.0,0,0,[],1
266FSupp3d666_employment_agreement,266 F.Supp.3d 666,c037,9(b) Definition of Cause,NEGATIVE,1.1,westlaw,not_risky,0,0,none,risky_type1,1.0,0.0,3,0,"[{""issue"": ""Within the enumerated Cause definition, the catch-all phrase “breached this Agreement, or the NDA, or any material Corporation policy or other agreement between Corporation and Executive” left open whether Cause reached trivial or inadvertent non-compliance."", ""type"": 1, ""prob"": 1.0, ""kind"": ""Important"", ""party"": ""executive_lankau""}, {""issue"": ""The phrase “persistent negative feedback from Clients” left open whether informal or unsubstantiated client complaints constituted Cause."", ""type"": 1, ""prob"": 1.0, ""kind"": ""Notable"", ""party"": ""executive_lankau""}, {""issue"": ""The phrase “request by any Client to remove Executive from its account” left open whether Cause reached a single client request driven by personality conflicts, competitive dynamics, or business politics."", ""type"": 1, ""prob"": 1.0, ""kind"": ""Notable"", ""party"": ""executive_lankau""}]",1
266FSupp3d666_employment_agreement,266 F.Supp.3d 666,c038,9(c) Definition of Disability,NEGATIVE,1.1,westlaw,not_risky,0,0,none,not_risky,0.0,0.0,0,0,"[{""issue"": ""Disability Determined Solely by Board. The Disability definition  provides that disability is determined \""all as determined by the Board in its good faith judgment.\"" While \""good faith\"" provides some limitation, the Board has sole discretion to determine whether Executive is disabled, which triggers automatic termination. Executive should negotiate for the right to obtain an independent medical evaluation if he disputes the Board's determination, with a neutral third-party physician to resolve any disagreement."", ""type"": 0, ""prob"": 1.0, ""kind"": ""Minor"", ""party"": ""executive_lankau""}]",1
266FSupp3d666_employment_agreement,266 F.Supp.3d 666,c039,9(d) Definition of Good Reason,NEGATIVE,1.1,westlaw,not_risky,0,0,none,risky_type2,0.0,1.0,0,1,"[{""issue"": ""Section 9(d)’s definition of “Good Reason” had to be read against Section 4’s Compensation and Benefits terms and Section 5’s Termination terms to determine whether a Good Reason resignation implied severance, accelerated vesting, or another benefit."", ""type"": 2, ""prob"": 1.0, ""kind"": ""Notable"", ""party"": ""corporation_luxoft""}]",1
266FSupp3d666_employment_agreement,266 F.Supp.3d 666,c040,10. Third Party Enforcement; Assignment; Successors,NEGATIVE,1.1,westlaw,not_risky,0,0,none,not_risky,0.0,0.0,0,0,"[{""issue"": ""Corporation Can Assign Agreement Without Consent and Release Itself. The assignment provision  allows the Corporation to assign the Agreement without Executive's consent, and if the assignee assumes the Corporation's obligations, the original Corporation \""will be released from all its obligations to Executive.\"" This means Executive could find himself bound to perform under a new employer he never agreed to work for, with the original Corporation bearing no further responsibility. Executive should require that assignment requires Executive's consent, or at minimum that the assignor remain jointly liable."", ""type"": 0, ""prob"": 1.0, ""kind"": ""Notable"", ""party"": ""executive_lankau""}]",1
266FSupp3d666_employment_agreement,266 F.Supp.3d 666,c041,11. Waiver and Modification,NEGATIVE,1.1,westlaw,not_risky,0,0,none,not_risky,0.0,0.0,0,0,[],1
266FSupp3d666_employment_agreement,266 F.Supp.3d 666,c042,11. Severability,NEGATIVE,1.1,westlaw,not_risky,0,0,none,not_risky,0.0,0.0,0,0,[],1
266FSupp3d666_employment_agreement,266 F.Supp.3d 666,c043,12(a) Definition of Including,NEGATIVE,1.1,westlaw,not_risky,0,0,none,not_risky,0.0,0.0,0,0,[],1
266FSupp3d666_employment_agreement,266 F.Supp.3d 666,c044,12(b) Definition of Days,NEGATIVE,1.1,westlaw,not_risky,0,0,none,not_risky,0.0,0.0,0,0,[],1
266FSupp3d666_employment_agreement,266 F.Supp.3d 666,c045,12(c) Singular and Plural Words,NEGATIVE,1.1,westlaw,not_risky,0,0,none,not_risky,0.0,0.0,0,0,[],1
266FSupp3d666_employment_agreement,266 F.Supp.3d 666,c046,12(d) Definition of Law,NEGATIVE,1.1,westlaw,not_risky,0,0,none,not_risky,0.0,0.0,0,0,[],1
266FSupp3d666_employment_agreement,266 F.Supp.3d 666,c047,12(e) Definition of Person,NEGATIVE,1.1,westlaw,not_risky,0,0,none,not_risky,0.0,0.0,0,0,[],1
266FSupp3d666_employment_agreement,266 F.Supp.3d 666,c048,12(f) Definition of Costs,NEGATIVE,1.1,westlaw,not_risky,0,0,none,not_risky,0.0,0.0,0,0,[],1
266FSupp3d666_employment_agreement,266 F.Supp.3d 666,c049,13. Notices,NEGATIVE,1.1,westlaw,not_risky,0,0,none,not_risky,0.0,0.0,0,0,[],1
266FSupp3d666_employment_agreement,266 F.Supp.3d 666,c050,14. Titles and Headings,NEGATIVE,1.1,westlaw,not_risky,0,0,none,not_risky,0.0,0.0,0,0,[],1
266FSupp3d666_employment_agreement,266 F.Supp.3d 666,c051,14. Execution in Counterparts,NEGATIVE,1.1,westlaw,not_risky,0,0,none,not_risky,0.0,0.0,0,0,[],1
266FSupp3d666_employment_agreement,266 F.Supp.3d 666,c052,14. Complete Agreement,NEGATIVE,1.1,westlaw,not_risky,0,0,none,not_risky,0.0,0.0,0,0,[],1
266FSupp3d666_employment_agreement,266 F.Supp.3d 666,c053,15. Insurance,NEGATIVE,1.1,westlaw,not_risky,0,0,none,not_risky,0.0,0.0,0,0,[],1
266FSupp3d666_employment_agreement,266 F.Supp.3d 666,c054,16. No Strict Construction,NEGATIVE,1.1,westlaw,not_risky,0,0,none,not_risky,0.0,0.0,0,0,[],1
266FSupp3d666_employment_agreement,266 F.Supp.3d 666,c055,17. Effectiveness of Agreement,NEGATIVE,1.1,westlaw,not_risky,0,0,none,not_risky,0.0,0.0,0,0,[],1
266FSupp3d666_employment_agreement,266 F.Supp.3d 666,c056,18. Survival,NEGATIVE,1.1,westlaw,not_risky,0,0,none,not_risky,0.0,0.0,0,0,[],1
266FSupp3d666_employment_agreement,266 F.Supp.3d 666,c057,19(a) Section 409A Compliance and Delay,NEGATIVE,1.1,westlaw,not_risky,0,0,none,not_risky,0.0,0.0,0,0,[],1
266FSupp3d666_employment_agreement,266 F.Supp.3d 666,c058,19(b) Section 409A Amendment,NEGATIVE,1.1,westlaw,not_risky,0,0,none,not_risky,0.0,0.0,0,0,[],1
266FSupp3d666_employment_agreement,266 F.Supp.3d 666,c059,Executive Acknowledgment,NEGATIVE,1.1,westlaw,not_risky,0,0,none,not_risky,0.0,0.0,0,0,[],1
266FSupp3d666_employment_agreement,266 F.Supp.3d 666,c060,Exhibit A — Managing Director Accountability,NEGATIVE,1.1,westlaw,not_risky,0,0,none,not_risky,0.0,0.0,0,0,[],1
266FSupp3d666_employment_agreement,266 F.Supp.3d 666,c061,Exhibit A — Executive Responsibilities,NEGATIVE,1.1,westlaw,not_risky,0,0,none,not_risky,0.0,0.0,0,0,[],1
527BR351_liquidating_trust_agreement,527 B.R. 351,c001,Preamble; Defined Terms,NEGATIVE,1.1,westlaw,not_risky,0,0,none,not_risky,0.0,0.0,0,0,[],1
527BR351_liquidating_trust_agreement,527 B.R. 351,c002,Recital—Plan,NEGATIVE,1.1,westlaw,not_risky,0,0,none,not_risky,0.0,0.0,0,0,[],1
527BR351_liquidating_trust_agreement,527 B.R. 351,c003,Recital—Beneficiaries,NEGATIVE,1.1,westlaw,not_risky,0,0,none,not_risky,0.0,0.0,0,0,[],1
527BR351_liquidating_trust_agreement,527 B.R. 351,c004,Recital—Purpose,NEGATIVE,1.1,westlaw,not_risky,0,0,none,not_risky,0.0,0.0,0,0,[],1
527BR351_liquidating_trust_agreement,527 B.R. 351,c005,Recital—Tax Status,NEGATIVE,1.1,westlaw,not_risky,0,0,none,not_risky,0.0,0.0,0,0,[],1
527BR351_liquidating_trust_agreement,527 B.R. 351,c006,Recital—Holder Definition,NEGATIVE,1.1,westlaw,not_risky,0,0,none,risky_type1,1.0,0.0,1,0,"[{""issue"": ""The use of `official registry` alongside the defined term `Register` left open whether both expressions referred to the same document."", ""type"": 1, ""prob"": 1.0, ""kind"": ""Minor"", ""party"": ""debtor_mortgage_fund_08""}]",1
527BR351_liquidating_trust_agreement,527 B.R. 351,c007,1.1(a) Establishment and Transfer of Trust Assets,NEGATIVE,1.1,westlaw,not_risky,0,0,none,not_risky,0.0,0.0,0,0,[],1
527BR351_liquidating_trust_agreement,527 B.R. 351,c008,1.1(b) Assumption of Liabilities,NEGATIVE,1.1,westlaw,not_risky,0,0,none,risky_type1,1.0,0.0,2,0,"[{""issue"": ""The phrases `any expenses incurred and unpaid, or to be incurred` and `any obligations owing pursuant to the Plan and unpaid` left open whether the assumed liabilities reached obligations exceeding the available Trust Assets."", ""type"": 1, ""prob"": 1.0, ""kind"": ""Important"", ""party"": ""trustee_uecker""}, {""issue"": ""The phrase `does not constitute an undue burden on the Trustee` left open whether the Trustee, in reasonable discretion, made the undue-burden determination."", ""type"": 1, ""prob"": 1.0, ""kind"": ""Minor"", ""party"": ""trustee_uecker""}]",1
527BR351_liquidating_trust_agreement,527 B.R. 351,c009,1.1(c) Authority to Effectuate Transfer,NEGATIVE,1.1,westlaw,not_risky,0,0,none,not_risky,0.0,0.0,0,0,[],1
527BR351_liquidating_trust_agreement,527 B.R. 351,c010,1.2 Treatment of Transfer of Trust Assets,NEGATIVE,1.1,westlaw,not_risky,0,0,none,not_risky,0.0,0.0,0,0,[],1
527BR351_liquidating_trust_agreement,527 B.R. 351,c011,1.3 Trustee,NEGATIVE,1.1,westlaw,not_risky,0,0,none,not_risky,0.0,0.0,0,0,[],1
527BR351_liquidating_trust_agreement,527 B.R. 351,c012,1.4 Ownership by Trustee,NEGATIVE,1.1,westlaw,not_risky,0,0,none,not_risky,0.0,0.0,0,0,"[{""issue"": ""Mandatory Custodian Requirement May Be Overly Restrictive. Section 1.4  requires the Trustee to use a custodian to maintain cash, securities, and similar investments. This mandatory requirement could impose unnecessary costs on the Trust, particularly for modest cash balances. Consider making this discretionary or establishing a threshold above which a custodian is required."", ""type"": 0, ""prob"": 1.0, ""kind"": ""Minor"", ""party"": ""trustee_uecker""}, {""issue"": ""Successor Trustee Acceptance Lacks Release of Outgoing Trustee. Section 5.3  provides that a successor Trustee files an acceptance instrument, but does not require the successor's acceptance to include a release of the outgoing Trustee from further obligations upon proper transfer of Trust Assets. This leaves Ms. Uecker potentially exposed to ongoing liability even after properly transitioning all assets and records."", ""type"": 0, ""prob"": 1.0, ""kind"": ""Notable"", ""party"": ""trustee_uecker""}]",1
527BR351_liquidating_trust_agreement,527 B.R. 351,c013,1.5 Name,NEGATIVE,1.1,westlaw,not_risky,0,0,none,not_risky,0.0,0.0,0,0,[],1
527BR351_liquidating_trust_agreement,527 B.R. 351,c014,2.1 Identification of Holders of Liquidating Trust Interests,NEGATIVE,1.1,westlaw,not_risky,0,0,none,not_risky,0.0,0.0,0,0,[],1
527BR351_liquidating_trust_agreement,527 B.R. 351,c015,2.2 Transferability of Liquidating Trust Interests,NEGATIVE,1.1,westlaw,not_risky,0,0,none,not_risky,0.0,0.0,0,0,"[{""issue"": ""Committee Has Unrestricted Removal Power. Section 5.2  allows the Committee to remove the Trustee \""without cause,\"" which provides no job security whatsoever for Ms. Uecker. While removal for Cause by the Bankruptcy Court is appropriately defined, the Committee's unilateral right to remove without cause, without any notice requirement, transition period, or compensation protection, is highly unfavorable to the Trustee. Consider requiring reasonable notice (e.g., 30–90 days) and payment of accrued compensation and expenses through the effective date of removal."", ""type"": 0, ""prob"": 1.0, ""kind"": ""Important"", ""party"": ""trustee_uecker""}]",1
527BR351_liquidating_trust_agreement,527 B.R. 351,c016,2.3 No Administration Rights,NEGATIVE,1.1,westlaw,not_risky,0,0,none,not_risky,0.0,0.0,0,0,[],1
527BR351_liquidating_trust_agreement,527 B.R. 351,c017,3.1 Purpose of the Liquidating Trust,NEGATIVE,1.1,westlaw,not_risky,0,0,none,not_risky,0.0,0.0,0,0,[],1
527BR351_liquidating_trust_agreement,527 B.R. 351,c018,3.2 Authority of Trustee,NEGATIVE,1.1,westlaw,not_risky,0,0,none,risky_type1,1.0,0.0,2,0,"[{""issue"": ""The sequence `while serving as Trustee under this Trust Agreement following the termination of this Trust Agreement` was open to reading the confidentiality obligation as applying only while the Trustee served or as applying both while serving and following termination, removal, or resignation."", ""type"": 1, ""prob"": 1.0, ""kind"": ""Important"", ""party"": ""debtor_mortgage_fund_08""}, {""issue"": ""The authority to `commit the Liquidating Trust to indemnify any such parties in connection with the performance of services` left open whether the indemnification commitments reached unlimited indemnification exposure."", ""type"": 1, ""prob"": 1.0, ""kind"": ""Notable"", ""party"": ""debtor_mortgage_fund_08""}]",1
527BR351_liquidating_trust_agreement,527 B.R. 351,c019,3.3(a) Limitations on Trustee’s Authority,NEGATIVE,1.1,westlaw,not_risky,0,0,none,not_risky,0.0,0.0,0,0,[],1
527BR351_liquidating_trust_agreement,527 B.R. 351,c020,3.3(b) No Commingling,NEGATIVE,1.1,westlaw,not_risky,0,0,none,not_risky,0.0,0.0,0,0,[],1
527BR351_liquidating_trust_agreement,527 B.R. 351,c021,3.3(c) Investment Company Limitation,NEGATIVE,1.1,westlaw,not_risky,0,0,none,risky_type1,1.0,0.0,1,0,"[{""issue"": ""The phrase `any and all rights to any reversionary interests in any of the Trust Assets` left open whether the waiver reached surplus Trust Assets remaining after all Class 2 claims were fully satisfied."", ""type"": 1, ""prob"": 1.0, ""kind"": ""Important"", ""party"": ""debtor_mortgage_fund_08""}]",1
527BR351_liquidating_trust_agreement,527 B.R. 351,c022,3.3(d) Plan Limitations,NEGATIVE,1.1,westlaw,not_risky,0,0,none,not_risky,0.0,0.0,0,0,[],1
527BR351_liquidating_trust_agreement,527 B.R. 351,c023,3.3(e) Committee Supervision and Approval,NEGATIVE,1.1,westlaw,not_risky,0,0,none,not_risky,0.0,0.0,0,0,"[{""issue"": ""Low Threshold for Committee Approval of Asset Dispositions. Section 3.3(e) requires Committee approval only for the sale, liquidation, abandonment, or disposition of assets with a gross fair market value of $5,000 or more . This is an extremely low threshold that could create significant administrative burden, slowing down the Trust's liquidation process and potentially increasing costs. From the Debtor's perspective, a higher threshold (e.g., $25,000 or $50,000) would allow for more efficient administration while still providing meaningful Committee oversight over material transactions."", ""type"": 0, ""prob"": 1.0, ""kind"": ""Notable"", ""party"": ""debtor_mortgage_fund_08""}, {""issue"": ""No Periodic Reporting Obligation to Debtor. Section 3.3(e) requires the Trustee to report to the Committee , and Section 3.4 addresses books and records access for holders , but there is no provision requiring the Trustee to provide periodic status reports to the Debtor regarding the liquidation progress, asset values, or distributions. Given the Debtor's interest in the orderly wind-down of its estate, the Trustee should be required to provide at least quarterly reports to the Debtor as well."", ""type"": 0, ""prob"": 1.0, ""kind"": ""Notable"", ""party"": ""debtor_mortgage_fund_08""}, {""issue"": ""Low Asset Disposition Threshold Requiring Committee Approval. Section 3.3(e)  requires Committee approval for the sale, liquidation, abandonment, or other disposition of any asset with a gross fair market value of $5,000 or more. This is a very low threshold that could significantly burden the Trustee's ability to administer the Trust efficiently. Consider raising this threshold to a more practical level (e.g., $25,000 or $50,000)."", ""type"": 0, ""prob"": 1.0, ""kind"": ""Notable"", ""party"": ""trustee_uecker""}]",1
527BR351_liquidating_trust_agreement,527 B.R. 351,c024,3.3(f) Committee Procedures,NEGATIVE,1.1,westlaw,not_risky,0,0,none,not_risky,0.0,0.0,0,0,[],1
527BR351_liquidating_trust_agreement,527 B.R. 351,c025,3.3(g) Dispute Resolution,NEGATIVE,1.1,westlaw,not_risky,0,0,none,not_risky,0.0,0.0,0,0,"[{""issue"": ""Short Dispute Resolution Notice Period. Section 3.3(g) provides that disputes between the Trustee and the Committee shall be resolved by the Bankruptcy Court after hearing on only five (5) calendar days' notice . This is a very short notice period that may not provide adequate time for the parties (particularly the Debtor, who is not mentioned as receiving notice) to prepare for a hearing on potentially complex disputes. Consider extending to at least ten (10) business days and ensuring the Debtor receives notice of any such disputes."", ""type"": 0, ""prob"": 1.0, ""kind"": ""Minor"", ""party"": ""debtor_mortgage_fund_08""}, {""issue"": ""Very Short Dispute Resolution Notice Period. Section 3.3(g) provides that disputes between the Trustee and the Committee are resolved by the Bankruptcy Court on only five calendar days' notice . This is an extremely short timeframe for the Trustee to prepare a response or retain counsel for a hearing. Consider extending to at least fourteen calendar days unless shortened by the Court for cause."", ""type"": 0, ""prob"": 1.0, ""kind"": ""Notable"", ""party"": ""trustee_uecker""}]",1
527BR351_liquidating_trust_agreement,527 B.R. 351,c026,3.4 Books and Records,NEGATIVE,1.1,westlaw,not_risky,0,0,none,not_risky,0.0,0.0,0,0,"[{""issue"": ""Trustee's Sole Discretion on Confidentiality Agreements. Section 3.4 allows the Trustee to require holders requesting information to enter into a confidentiality agreement \""satisfactory in form and substance to the Trustee\"" . This gives the Trustee unilateral discretion to set confidentiality terms that could be so onerous as to effectively block holders from accessing information about the Trust's administration. Consider requiring that the confidentiality agreement be \""reasonable\"" or in a form approved by the Committee."", ""type"": 0, ""prob"": 1.0, ""kind"": ""Minor"", ""party"": ""debtor_mortgage_fund_08""}]",1
527BR351_liquidating_trust_agreement,527 B.R. 351,c027,3.5 Additional Powers,NEGATIVE,1.1,westlaw,not_risky,0,0,none,not_risky,0.0,0.0,0,0,[],1
527BR351_liquidating_trust_agreement,527 B.R. 351,c028,3.6 Distributions; Withholding,NEGATIVE,1.1,westlaw,not_risky,0,0,none,risky_type1,1.0,0.0,1,0,"[{""issue"": ""The phrase `within a reasonable time after liquidation of all assets` left open how long distributions could be delayed after liquidation."", ""type"": 1, ""prob"": 1.0, ""kind"": ""Notable"", ""party"": ""debtor_mortgage_fund_08""}]",1
527BR351_liquidating_trust_agreement,527 B.R. 351,c029,3.8(a) Federal Income Tax Reporting,NEGATIVE,1.1,westlaw,not_risky,0,0,none,not_risky,0.0,0.0,0,0,[],1
527BR351_liquidating_trust_agreement,527 B.R. 351,c030,3.8(b) Other Reporting,NEGATIVE,1.1,westlaw,not_risky,0,0,none,not_risky,0.0,0.0,0,0,[],1
527BR351_liquidating_trust_agreement,527 B.R. 351,c031,3.8 Compliance with Laws,NEGATIVE,1.1,westlaw,not_risky,0,0,none,risky_type1,1.0,0.0,1,0,"[{""issue"": ""The designation `3.8` was used for both `Reporting by the Trustee` and `Compliance with Laws`, leaving a reference to Section 3.8 unable to identify which provision was meant."", ""type"": 1, ""prob"": 1.0, ""kind"": ""Minor"", ""party"": ""debtor_mortgage_fund_08""}]",1
527BR351_liquidating_trust_agreement,527 B.R. 351,c032,4.1 Generally,NEGATIVE,1.1,westlaw,not_risky,0,0,none,not_risky,0.0,0.0,0,0,[],1
527BR351_liquidating_trust_agreement,527 B.R. 351,c033,4.2 Responsibilities of Trustee,NEGATIVE,1.1,westlaw,not_risky,0,0,none,not_risky,0.0,0.0,0,0,[],1
527BR351_liquidating_trust_agreement,527 B.R. 351,c034,4.3(a) Standard of Care and Exculpation,NEGATIVE,1.1,westlaw,not_risky,0,0,none,risky_type1,1.0,0.0,1,0,"[{""issue"": ""The list `the Trustee or the attorneys, accountants, professionals, employees or any other duly designated agent or representative of the Trustee` left open whether the blanket exculpation reached the full range of retained professionals and Trustee-designated agents."", ""type"": 1, ""prob"": 1.0, ""kind"": ""Notable"", ""party"": ""debtor_mortgage_fund_08""}]",1
527BR351_liquidating_trust_agreement,527 B.R. 351,c035,4.3(b) Professional Advice,NEGATIVE,1.1,westlaw,not_risky,0,0,none,not_risky,0.0,0.0,0,0,[],1
527BR351_liquidating_trust_agreement,527 B.R. 351,c036,4.3(c) Indemnification,NEGATIVE,1.1,westlaw,not_risky,0,0,none,not_risky,0.0,0.0,0,0,[],1
527BR351_liquidating_trust_agreement,527 B.R. 351,c037,4.3(d) Advancement and Reimbursement of Expenses,NEGATIVE,1.1,westlaw,not_risky,0,0,none,risky_type1,1.0,0.0,1,0,"[{""issue"": ""The phrase `ultimately determined` left open who made the determination that triggered repayment of advanced or reimbursed expenses."", ""type"": 1, ""prob"": 1.0, ""kind"": ""Notable"", ""party"": ""trustee_uecker""}, {""issue"": ""Amendment Requires Committee Approval Only—No Trustee Protection. Section 8.1  allows amendment of the Trust Agreement by the Trustee \""upon approval of the Committee.\"" However, this provision does not expressly protect the Trustee from amendments that adversely affect her compensation, indemnification, or exculpation rights without her consent. Consider adding a carve-out providing that no amendment may adversely modify the Trustee's compensation, indemnification, or exculpation provisions without the Trustee's written consent."", ""type"": 0, ""prob"": 1.0, ""kind"": ""Important"", ""party"": ""trustee_uecker""}]",1
527BR351_liquidating_trust_agreement,527 B.R. 351,c038,4.3(e) Continuing Availability,NEGATIVE,1.1,westlaw,not_risky,0,0,none,not_risky,0.0,0.0,0,0,[],1
527BR351_liquidating_trust_agreement,527 B.R. 351,c039,4.3(f) Insurance Limitation,NEGATIVE,1.1,westlaw,not_risky,0,0,none,not_risky,0.0,0.0,0,0,[],1
527BR351_liquidating_trust_agreement,527 B.R. 351,c040,44 Reliance by Trustee,NEGATIVE,1.1,westlaw,not_risky,0,0,none,risky_type2,0.0,1.0,0,1,"[{""issue"": ""Section 4.3(f) had to be read against Section 3.2(m) to determine whether obtaining or maintaining insurance was discretionary or was a precondition to indemnification."", ""type"": 2, ""prob"": 1.0, ""kind"": ""Notable"", ""party"": ""trustee_uecker""}]",1
527BR351_liquidating_trust_agreement,527 B.R. 351,c041,45 Reliance by Persons Dealing With the Trust,NEGATIVE,1.1,westlaw,not_risky,0,0,none,not_risky,0.0,0.0,0,0,[],1
527BR351_liquidating_trust_agreement,527 B.R. 351,c042,4.6 Investment and Safekeeping of Trust Assets,NEGATIVE,1.1,westlaw,not_risky,0,0,none,not_risky,0.0,0.0,0,0,[],1
527BR351_liquidating_trust_agreement,527 B.R. 351,c043,4.7(a) Expense Reimbursement and Compensation,NEGATIVE,1.1,westlaw,not_risky,0,0,none,not_risky,0.0,0.0,0,0,"[{""issue"": ""Unilateral Trustee Rate Increases Without Cap. Section 4.7(a) allows the Trustee to increase compensation rates annually with only 10 days' notice to holders, without requiring approval from the Bankruptcy Court or the Committee, and without any cap on the increase amount . This is problematic for the Debtor and the estate because the Trustee could significantly increase rates over time, depleting Trust Assets at the expense of creditors. The provision should require Committee approval or impose a reasonable cap."", ""type"": 0, ""prob"": 1.0, ""kind"": ""Important"", ""party"": ""debtor_mortgage_fund_08""}, {""issue"": ""No Cap on Rate Increases Lacks Reasonableness Standard. Section 4.7(a)  allows the Trustee to increase compensation rates once per calendar year with only ten days' notice and without Bankruptcy Court approval. While this benefits the Trustee by providing flexibility, the absence of any cap or reasonableness standard could invite challenges from beneficiaries. Adding a reference to a standard such as CPI would make this provision more defensible."", ""type"": 0, ""prob"": 1.0, ""kind"": ""Minor"", ""party"": ""trustee_uecker""}]",1
527BR351_liquidating_trust_agreement,527 B.R. 351,c044,4.7(b) Insufficient Cash,NEGATIVE,1.1,westlaw,not_risky,0,0,none,not_risky,0.0,0.0,0,0,"[{""issue"": ""Trustee Can Liquidate Assets to Pay Own Compensation. Section 4.7(b) allows the Trustee to unilaterally \""reduce to cash\"" (i.e., liquidate) Trust Assets when cash is insufficient to cover the Trustee's own compensation and that of retained professionals  . This creates a conflict of interest: the Trustee may force-liquidate assets at unfavorable prices to ensure payment. This provision should require Committee approval before the Trustee liquidates assets specifically for self-compensation."", ""type"": 0, ""prob"": 1.0, ""kind"": ""Notable"", ""party"": ""debtor_mortgage_fund_08""}, {""issue"": ""Trustee's Compensation Priority Not Specified. Section 4.7(b)  allows the Trustee to liquidate Trust Assets if cash is insufficient to pay compensation and expenses. However, there is no express statement that the Trustee's compensation and expense reimbursement constitute a first-priority administrative claim against the Trust Assets. Without this clarification, the Trustee's compensation could potentially be subordinated to other Trust liabilities, which would be adverse to Ms. Uecker's interests."", ""type"": 0, ""prob"": 1.0, ""kind"": ""Important"", ""party"": ""trustee_uecker""}]",1
527BR351_liquidating_trust_agreement,527 B.R. 351,c045,4.8 Bond,NEGATIVE,1.1,westlaw,not_risky,0,0,none,not_risky,0.0,0.0,0,0,[],1
527BR351_liquidating_trust_agreement,527 B.R. 351,c046,4.9 Confidentiality,NEGATIVE,1.1,westlaw,not_risky,0,0,none,not_risky,0.0,0.0,0,0,"[{""issue"": ""Trustee Serves Without Bond. Section 4.8 provides that the Trustee shall serve without bond . Given that the Trustee will be handling potentially significant Trust Assets with broad authority and limited liability (only for willful misconduct, gross negligence, or fraud), the absence of a bond requirement removes a layer of financial protection for the Debtor and the beneficiaries. The Debtor should consider requiring a bond or at minimum requiring the Trustee to maintain appropriate insurance coverage."", ""type"": 0, ""prob"": 1.0, ""kind"": ""Notable"", ""party"": ""debtor_mortgage_fund_08""}, {""issue"": ""Confidentiality Obligation Lacks Temporal Limitation. Section 4.9  imposes a confidentiality obligation on the Trustee that appears to apply indefinitely after termination of the Trust Agreement or the Trustee's removal/resignation. While confidentiality is appropriate, an unlimited duration is burdensome. Consider adding a reasonable time limitation (e.g., three years after termination) or at minimum clarifying that the obligation terminates when the information becomes publicly available."", ""type"": 0, ""prob"": 1.0, ""kind"": ""Notable"", ""party"": ""trustee_uecker""}, {""issue"": ""Trustee's Compensation Should Survive Termination. Section 4.3(e)  provides that indemnification provisions survive for former Trustees, but the compensation section (Section 4.7) lacks a parallel survival clause. If the Trust terminates or the Trustee is removed before all accrued compensation and expenses are paid, there may be no express mechanism ensuring payment. Consider adding survival language to the compensation provision."", ""type"": 0, ""prob"": 1.0, ""kind"": ""Notable"", ""party"": ""trustee_uecker""}]",1
527BR351_liquidating_trust_agreement,527 B.R. 351,c047,5.1 Resignation,NEGATIVE,1.1,westlaw,not_risky,0,0,none,not_risky,0.0,0.0,0,0,"[{""issue"": ""Committee Can Remove Trustee Without Cause. Section 5.2 allows the Committee to remove the Trustee \""without cause\"" . While removal for Cause is appropriately defined, unlimited removal without cause gives the Committee disproportionate power and could destabilize the Trust's administration. From the Debtor's perspective, an abrupt removal could disrupt ongoing liquidation and litigation, harming the estate. Consider requiring at minimum reasonable written notice (e.g., 30 days) and a transition period before removal without cause takes effect."", ""type"": 0, ""prob"": 1.0, ""kind"": ""Notable"", ""party"": ""debtor_mortgage_fund_08""}]",1
527BR351_liquidating_trust_agreement,527 B.R. 351,c048,5.2 Removal,NEGATIVE,1.1,westlaw,not_risky,0,0,none,not_risky,0.0,0.0,0,0,[],1
527BR351_liquidating_trust_agreement,527 B.R. 351,c049,5.3 Acceptance of Appointment by Successor Trustee,NEGATIVE,1.1,westlaw,not_risky,0,0,none,not_risky,0.0,0.0,0,0,[],1
527BR351_liquidating_trust_agreement,527 B.R. 351,c050,5.4 Continuance of Trust,NEGATIVE,1.1,westlaw,not_risky,0,0,none,not_risky,0.0,0.0,0,0,[],1
527BR351_liquidating_trust_agreement,527 B.R. 351,c051,6.1 Securities Laws Reporting,NEGATIVE,1.1,westlaw,not_risky,0,0,none,not_risky,0.0,0.0,0,0,[],1
527BR351_liquidating_trust_agreement,527 B.R. 351,c052,6.2 Tax Reporting,NEGATIVE,1.1,westlaw,not_risky,0,0,none,not_risky,0.0,0.0,0,0,[],1
527BR351_liquidating_trust_agreement,527 B.R. 351,c053,7.1 Termination of Liquidating Trust,NEGATIVE,1.1,westlaw,not_risky,0,0,none,not_risky,0.0,0.0,0,0,[],1
527BR351_liquidating_trust_agreement,527 B.R. 351,c054,8.1 Amendment and Waiver,NEGATIVE,1.1,westlaw,not_risky,0,0,none,not_risky,0.0,0.0,0,0,"[{""issue"": ""Amendment Requires Only Trustee and Committee Approval. Section 8.1 allows any substantive provision of this Trust Agreement to be amended by the Trustee with Committee approval alone . The Debtor is entirely excluded from the amendment process, meaning the agreement could be materially modified without the Debtor's knowledge or consent. While the Plan controls over inconsistencies, amendments that don't directly conflict with the Plan but still affect the Debtor's interests could be made unilaterally. Consider requiring notice to, or consent of, the Debtor for material amendments."", ""type"": 0, ""prob"": 1.0, ""kind"": ""Important"", ""party"": ""debtor_mortgage_fund_08""}]",1
527BR351_liquidating_trust_agreement,527 B.R. 351,c055,9.1 Intention of Parties to Establish Liquidating Trust,NEGATIVE,1.1,westlaw,not_risky,0,0,none,not_risky,0.0,0.0,0,0,[],1
527BR351_liquidating_trust_agreement,527 B.R. 351,c056,9.2 Preservation of Privilege and Defenses,NEGATIVE,1.1,westlaw,not_risky,0,0,none,not_risky,0.0,0.0,0,0,[],1
527BR351_liquidating_trust_agreement,527 B.R. 351,c057,9.3 Cooperation and Further Assurances of the Debtor,NEGATIVE,1.1,westlaw,not_risky,0,0,none,not_risky,0.0,0.0,0,0,[],1
527BR351_liquidating_trust_agreement,527 B.R. 351,c058,9.4 Laws as to Construction; Jurisdiction of Bankruptcy Court,NEGATIVE,1.1,westlaw,not_risky,0,0,none,not_risky,0.0,0.0,0,0,[],1
527BR351_liquidating_trust_agreement,527 B.R. 351,c059,9.5 Severability,NEGATIVE,1.1,westlaw,not_risky,0,0,none,not_risky,0.0,0.0,0,0,[],1
527BR351_liquidating_trust_agreement,527 B.R. 351,c060,9.6 Notices,NEGATIVE,1.1,westlaw,not_risky,0,0,none,risky_type2,0.0,1.0,0,2,"[{""issue"": ""Section 9.6 had to be read against Section 3.3(f) to determine whether email could constitute sufficient notice or other communication under the Trust Agreement."", ""type"": 2, ""prob"": 1.0, ""kind"": ""Minor"", ""party"": ""debtor_mortgage_fund_08""}, {""issue"": ""Section 9.6 had to be read against Section 3.3(f) to determine whether email could constitute sufficient notice or other communication under the Trust Agreement."", ""type"": 2, ""prob"": 1.0, ""kind"": ""Minor"", ""party"": ""trustee_uecker""}]",1
527BR351_liquidating_trust_agreement,527 B.R. 351,c061,9.7 Headings,NEGATIVE,1.1,westlaw,not_risky,0,0,none,not_risky,0.0,0.0,0,0,[],1
527BR351_liquidating_trust_agreement,527 B.R. 351,c062,9.8 Relationship to the Plan,NEGATIVE,1.1,westlaw,not_risky,0,0,none,not_risky,0.0,0.0,0,0,[],1
562FSupp2d260_settlement_agreement_the_agreement,562 F.Supp.2d 260,c001,Parties,NEGATIVE,1.1,westlaw,not_risky,0,0,none,not_risky,0.0,0.0,0,0,"[{""issue"": ""No consent-to-registration or cooperation clause. Clause 2  only requires Argus Research Group not to oppose or challenge the PETROLEUM ARGUS mark, but does not require affirmative cooperation — such as filing a consent agreement with the USPTO if the examiner requires one. Given that the whole purpose of the agreement is to clear the path to registration, Petroleum Argus Limited should require affirmative cooperation."", ""type"": 0, ""prob"": 1.0, ""kind"": ""Notable"", ""party"": ""petroleum_argus""}]",1
562FSupp2d260_settlement_agreement_the_agreement,562 F.Supp.2d 260,c002,1. Amendment of goods and services identification,POSITIVE,1.1,westlaw,risky,1,0,1.1,risky_type1,1.0,1.0,2,1,"[{""issue"": ""No time limit for Petroleum Argus to file the amendment. Clause 1  requires Petroleum Argus to amend its application but specifies no deadline for doing so. Without a time limit, Petroleum Argus could delay the amendment indefinitely while maintaining the broader original filing, potentially prejudicing Argus Research Group. Consider adding a deadline (e.g., within 30 days of execution)."", ""type"": 0, ""prob"": 1.0, ""kind"": ""Notable"", ""party"": ""argus_research_group""}, {""issue"": ""The phrase \""Financial information services regarding the energy industry\"" left open whether it reached financial research and advisory services."", ""type"": 1, ""prob"": 1.0, ""kind"": ""Notable"", ""party"": ""argus_research_group""}, {""issue"": ""The phrase \""Electronic publications\"" appeared without an explicit Class 9 designation, leaving open whether the amended identification included Class 9."", ""type"": 1, ""prob"": 1.0, ""kind"": ""Important"", ""party"": ""petroleum_argus""}, {""issue"": ""The electronic-publications description \""reporting oil pricing worldwide\"" had to be read against the printed-publications description \""reporting oil pricing\"" to determine whether the printed-publication scope was also worldwide."", ""type"": 2, ""prob"": 1.0, ""kind"": ""Minor"", ""party"": ""petroleum_argus""}]",1
562FSupp2d260_settlement_agreement_the_agreement,562 F.Supp.2d 260,c003,2. No opposition or challenge to PETROLEUM ARGUS,POSITIVE,1.1,westlaw,risky,1,0,1.1,risky_type1,1.0,0.0,3,0,"[{""issue"": ""The phrase \""or do any act or thing in derogation thereof\"" was open to reading as limited to the specifically enumerated non-opposition and non-challenge obligations or as preventing Argus Research Group from using its own ARGUS mark in ways claimed to derogate from Petroleum Argus’s rights."", ""type"": 1, ""prob"": 1.0, ""kind"": ""Important"", ""party"": ""argus_research_group""}, {""issue"": ""The phrase \""or do any act or thing in derogation thereof\"" was open to reading as limited to the specific covenants concerning the ENERGY ARGUS marks or as reaching Argus Research Group’s legitimate use of its own marks."", ""type"": 1, ""prob"": 1.0, ""kind"": ""Important"", ""party"": ""argus_research_group""}, {""issue"": ""No breach carve-out for Petroleum Argus exceeding scope. Clauses 2 and 3   permanently waive Argus Research Group's right to challenge Petroleum Argus's marks, but there is no carve-out if Petroleum Argus expands its use beyond the agreed goods/services. Consider adding a proviso such as: \""provided that Petroleum Argus Ltd. does not use the mark PETROLEUM ARGUS in connection with goods or services beyond those set forth in the amended application.\"" Without this, our client has no contractual remedy if Petroleum Argus encroaches into asset management or investment advisory services."", ""type"": 0, ""prob"": 1.0, ""kind"": ""Important"", ""party"": ""argus_research_group""}, {""issue"": ""The phrase \""for the goods and services as set forth in the registrations\"" left open whether the non-challenge covenant was frozen to the goods and services currently registered or extended to a post-agreement expansion of the registrations."", ""type"": 1, ""prob"": 1.0, ""kind"": ""Important"", ""party"": ""argus_research_group""}, {""issue"": ""Covenant not to oppose narrowly limited to specific application. Clause 2  limits Argus Research Group's covenant not to oppose to the specific trademark application (SN 75/337,886) only \""for the goods and services as set forth in that application as amended.\"" If Petroleum Argus Limited later files a new application for the same PETROLEUM ARGUS mark covering similar oil/energy goods and services, this covenant would not apply. Consider broadening to cover the mark generally for oil and energy-related goods and services."", ""type"": 0, ""prob"": 1.0, ""kind"": ""Notable"", ""party"": ""petroleum_argus""}, {""issue"": ""No obligation on Argus Research Group to withdraw opposition. The Background section  notes that Argus Research Group has requested extensions of time to oppose the PETROLEUM ARGUS application. However, the Terms only state that Argus Research Group \""will not oppose\"" going forward. There is no express obligation for Argus Research Group to withdraw any pending opposition or extension requests. If any opposition or extension is currently pending, Petroleum Argus Limited should require an affirmative withdrawal obligation."", ""type"": 0, ""prob"": 1.0, ""kind"": ""Important"", ""party"": ""petroleum_argus""}]",1
562FSupp2d260_settlement_agreement_the_agreement,562 F.Supp.2d 260,c004,3. No opposition or challenge to ENERGY ARGUS,POSITIVE,1.1,westlaw,risky,1,0,1.1,not_risky,0.0,0.0,0,0,"[{""issue"": ""No dispute resolution mechanism. Clause 7  addresses attorneys' fees but the agreement contains no dispute resolution mechanism (e.g., forum selection, arbitration, or mediation). Given the cross-border nature of this agreement between a U.S. company and a UK company, a forum selection clause designating New York courts (consistent with the governing law in Clause 4) would protect Argus Research Group from having to litigate disputes in the UK."", ""type"": 0, ""prob"": 1.0, ""kind"": ""Notable"", ""party"": ""argus_research_group""}]",1
562FSupp2d260_settlement_agreement_the_agreement,562 F.Supp.2d 260,c005,4. Governing law,NEGATIVE,1.1,westlaw,not_risky,0,0,none,risky_type1,1.0,0.0,3,0,"[{""issue"": ""The sentence \""This provision extends to the United States, its territories and possessions\"" was open to reading as geographically extending the governing-law provision or as stating the territorial scope of the agreement’s operative trademark terms."", ""type"": 1, ""prob"": 1.0, ""kind"": ""Notable"", ""party"": ""argus_research_group""}, {""issue"": ""The phrase \""the performance of\"" was grammatically incomplete because its object was omitted, leaving open whether performance of this agreement was governed by New York law."", ""type"": 1, ""prob"": 1.0, ""kind"": ""Important"", ""party"": ""petroleum_argus""}, {""issue"": ""The phrase \""This provision\"" was open to referring to the New York choice of law or to the exclusion of New York’s conflicts-of-law principles, leaving the sentence’s geographic effect unclear."", ""type"": 1, ""prob"": 1.0, ""kind"": ""Notable"", ""party"": ""petroleum_argus""}, {""issue"": ""Governing law justification is non-standard. The governing law clause  states New York law applies \""where the agreement was prepared.\"" This is an unusual and potentially weak basis for a choice-of-law provision. Under New York law, choice-of-law clauses are generally enforceable based on party agreement, not because of where the contract was drafted. The \""where prepared\"" language could invite a challenge if circumstances change. Consider simply stating the parties' agreement to be governed by New York law."", ""type"": 0, ""prob"": 1.0, ""kind"": ""Minor"", ""party"": ""petroleum_argus""}]",1
562FSupp2d260_settlement_agreement_the_agreement,562 F.Supp.2d 260,c006,5. Binding effect,NEGATIVE,1.1,westlaw,not_risky,0,0,none,not_risky,0.0,0.0,0,0,"[{""issue"": ""Unrestricted assignment could bind Argus Research Group to unknown parties. Clause 5  makes the agreement binding on \""successors, licensees and assigns\"" without requiring consent to assignment. Petroleum Argus could assign its rights — along with the broad non-challenge covenants — to a third party who might be a direct competitor of Argus Research Group. Consider adding a consent requirement for assignments."", ""type"": 0, ""prob"": 1.0, ""kind"": ""Notable"", ""party"": ""argus_research_group""}, {""issue"": ""Binding on \""licensees\"" is unusual and potentially unenforceable. Clause 5  states the agreement is binding on \""licensees.\"" A settlement agreement generally cannot bind third-party licensees who are not parties to it. Consider replacing \""licensees\"" with \""affiliates\"" or adding language requiring each party to ensure its licensees comply with the terms."", ""type"": 0, ""prob"": 1.0, ""kind"": ""Minor"", ""party"": ""petroleum_argus""}]",1
562FSupp2d260_settlement_agreement_the_agreement,562 F.Supp.2d 260,c007,6. Entire agreement and modification,NEGATIVE,1.1,westlaw,not_risky,0,0,none,not_risky,0.0,0.0,0,0,[],1
562FSupp2d260_settlement_agreement_the_agreement,562 F.Supp.2d 260,c008,7. Costs and attorneys’ fees,NEGATIVE,1.1,westlaw,not_risky,0,0,none,not_risky,0.0,0.0,0,0,[],1
562FSupp2d260_settlement_agreement_the_agreement,562 F.Supp.2d 260,c009,8. Confidentiality,NEGATIVE,1.1,westlaw,not_risky,0,0,none,risky_type1,1.0,0.0,2,0,"[{""issue"": ""The phrase \""will agree to keep\"" was open to reading as a future agreement to agree or as an immediate binding confidentiality obligation."", ""type"": 1, ""prob"": 1.0, ""kind"": ""Notable"", ""party"": ""argus_research_group""}, {""issue"": ""Narrow confidentiality exceptions. Clause 8  limits confidentiality exceptions to \""Court order and/or state and federal rules of civil procedure.\"" This is too narrow — it should also encompass disclosures required by applicable law, regulation, governmental authority, subpoena, or other legal process. This protects Argus Research Group from a breach claim if it must disclose the agreement terms for regulatory or compliance reasons."", ""type"": 0, ""prob"": 1.0, ""kind"": ""Notable"", ""party"": ""argus_research_group""}, {""issue"": ""The phrase \""will agree to keep\"" was open to reading as a future agreement to agree or as an immediate binding confidentiality obligation."", ""type"": 1, ""prob"": 1.0, ""kind"": ""Important"", ""party"": ""petroleum_argus""}, {""issue"": ""No breach remedy or injunctive relief provision. Clause 6  states this is the entire agreement but does not address remedies for breach. If Argus Research Group were to breach its covenants not to oppose (Clauses 2 and 3), Petroleum Argus Limited would benefit from an express acknowledgment that breach would cause irreparable harm entitling it to injunctive relief. Consider adding this concept to the entire agreement clause."", ""type"": 0, ""prob"": 1.0, ""kind"": ""Notable"", ""party"": ""petroleum_argus""}, {""issue"": ""Confidentiality exception too narrow. The confidentiality clause  only carves out disclosures required by \""Court order and/or state and federal rules of civil procedure.\"" Petroleum Argus Limited, as a UK company, may also need to disclose under non-US legal requirements, regulatory obligations, or stock exchange rules. The exception should be broadened to cover disclosures required by applicable law or regulation generally."", ""type"": 0, ""prob"": 1.0, ""kind"": ""Notable"", ""party"": ""petroleum_argus""}]",1
721FSupp2d613_license_agreement_with_the,721 F.Supp.2d 613,c001,Parties,NEGATIVE,1.1,westlaw,not_risky,0,0,none,not_risky,0.0,0.0,0,0,[],1
721FSupp2d613_license_agreement_with_the,721 F.Supp.2d 613,c002,1. License grant,NEGATIVE,1.1,westlaw,not_risky,0,0,none,risky_type1,1.0,0.0,1,0,"[{""issue"": ""The phrase “a license for use of the property” was open to reading as a revocable license or as an irrevocable interest or de facto lease."", ""type"": 1, ""prob"": 1.0, ""kind"": ""Notable"", ""party"": ""city_of_youngstown""}, {""issue"": ""License is Revocable by Nature — No Protection Against Early Termination. This agreement grants a \""license\"" rather than a lease. Under Ohio law, a license is generally revocable at will by the licensor. The agreement does not expressly state that the license is irrevocable during its term, which creates risk for Hardrives — particularly given that Hardrives intends to invest in using the Premises for production operations and corporate offices . Hardrives should seek language making the license irrevocable during the term, or alternatively, the agreement should be restructured as a lease to provide greater possessory rights."", ""type"": 0, ""prob"": 1.0, ""kind"": ""Important"", ""party"": ""hardrives_paving""}]",1
721FSupp2d613_license_agreement_with_the,721 F.Supp.2d 613,c003,2.1 Surplus property and economic-development use,NEGATIVE,1.1,westlaw,not_risky,0,0,none,risky_type1,1.0,0.0,2,0,"[{""issue"": ""The phrase “will be declared surplus property” left open whether the surplus declaration had already occurred at execution or remained a future event."", ""type"": 1, ""prob"": 1.0, ""kind"": ""Notable"", ""party"": ""city_of_youngstown""}, {""issue"": ""The phrase “will be declared surplus property” left open whether the required declaration had already been made at execution or was to occur later."", ""type"": 1, ""prob"": 1.0, ""kind"": ""Notable"", ""party"": ""hardrives_paving""}]",1
721FSupp2d613_license_agreement_with_the,721 F.Supp.2d 613,c004,2.2 Production and office use,NEGATIVE,1.1,westlaw,not_risky,0,0,none,not_risky,0.0,0.0,0,0,[],1
721FSupp2d613_license_agreement_with_the,721 F.Supp.2d 613,c005,2.3 Equipment and supplies use,NEGATIVE,1.1,westlaw,not_risky,0,0,none,not_risky,0.0,0.0,0,0,[],1
721FSupp2d613_license_agreement_with_the,721 F.Supp.2d 613,c006,3. Rental,NEGATIVE,1.1,westlaw,not_risky,0,0,none,not_risky,0.0,0.0,0,0,[],1
721FSupp2d613_license_agreement_with_the,721 F.Supp.2d 613,c007,4.1 Event of default,NEGATIVE,1.1,westlaw,not_risky,0,0,none,not_risky,0.0,0.0,0,0,"[{""issue"": ""No City Right to Terminate for Cause Beyond Payment Default. Section 4  only addresses default for failure to make the $1.00 annual payment. There is no provision allowing the City to terminate the license for other material breaches — such as environmental violations, failure to maintain insurance, waste of the Premises, unauthorized use, or failure to comply with applicable laws. The City should have broader termination rights for any material breach of Hardrives' obligations under Section 7."", ""type"": 0, ""prob"": 1.0, ""kind"": ""Important"", ""party"": ""city_of_youngstown""}]",1
721FSupp2d613_license_agreement_with_the,721 F.Supp.2d 613,c008,4.2 Right to cure,NEGATIVE,1.1,westlaw,not_risky,0,0,none,risky_type1,1.0,0.0,1,0,"[{""issue"": ""Cure Period Too Short for Default. Section 4 provides Hardrives only ten (10) days to cure a payment default after notice from the City. While the annual payment is only $1.00, the consequence of default is severe — Hardrives \""shall surrender all rights to the use of the Premises.\"" A 10-day cure period is quite short and should be extended to at least thirty (30) days to protect Hardrives from inadvertent loss of its license rights over a trivial payment."", ""type"": 0, ""prob"": 1.0, ""kind"": ""Notable"", ""party"": ""hardrives_paving""}, {""issue"": ""The phrase “written notice” left open how default notice had to be delivered and when it was deemed received."", ""type"": 1, ""prob"": 1.0, ""kind"": ""Notable"", ""party"": ""hardrives_paving""}]",1
721FSupp2d613_license_agreement_with_the,721 F.Supp.2d 613,c009,4.3 Uncured default consequences,NEGATIVE,1.1,westlaw,not_risky,0,0,none,risky_type2,0.0,1.0,0,2,"[{""issue"": ""Section 4’s reference to “the date payment is due” had to be read against Section 3, which specified a rental fee of one dollar per year but no due date, to determine when payment default could occur."", ""type"": 2, ""prob"": 1.0, ""kind"": ""Notable"", ""party"": ""city_of_youngstown""}, {""issue"": ""Section 4’s reference to “the date payment is due” had to be read against Section 3’s requirement to pay one dollar per year to determine when the annual payment was due and when default could occur."", ""type"": 2, ""prob"": 1.0, ""kind"": ""Minor"", ""party"": ""hardrives_paving""}]",1
721FSupp2d613_license_agreement_with_the,721 F.Supp.2d 613,c010,5. Terms,NEGATIVE,1.1,westlaw,not_risky,0,0,none,risky_type1,1.0,0.0,1,0,"[{""issue"": ""The phrase “for a term of one (1) year … or … until the date that title to the Premises is conveyed” left open whether the Agreement expired after one year or continued without title conveyance when no Development Agreement was executed."", ""type"": 1, ""prob"": 1.0, ""kind"": ""Notable"", ""party"": ""city_of_youngstown""}, {""issue"": ""Default Provision Only Addresses Payment — No City Default. Section 4 only addresses Hardrives' default for failure to make the $1.00 annual payment . There is no provision addressing a default by the City — for example, if the City fails to perform its obligations, breaches its representations and warranties, or fails to enter into the Development Agreement by December 31, 1999. Hardrives should have reciprocal remedies for City default."", ""type"": 0, ""prob"": 1.0, ""kind"": ""Notable"", ""party"": ""hardrives_paving""}]",1
721FSupp2d613_license_agreement_with_the,721 F.Supp.2d 613,c011,6.A. City authorization,NEGATIVE,1.1,westlaw,not_risky,0,0,none,risky_type1,1.0,0.0,1,0,"[{""issue"": ""The phrase “for a term of one (1) year … or … until the date that title to the Premises is conveyed” left open what happened if the Development Agreement was not executed or the one-year term expired before title transfer."", ""type"": 1, ""prob"": 1.0, ""kind"": ""Important"", ""party"": ""hardrives_paving""}]",1
721FSupp2d613_license_agreement_with_the,721 F.Supp.2d 613,c012,6.B.1 Licensing authority,NEGATIVE,1.1,westlaw,not_risky,0,0,none,not_risky,0.0,0.0,0,0,[],1
721FSupp2d613_license_agreement_with_the,721 F.Supp.2d 613,c013,6.B.2 No liens or claims,NEGATIVE,1.1,westlaw,not_risky,0,0,none,risky_type1,1.0,0.0,2,0,"[{""issue"": ""The phrase “clear of all liens and claims of any party” left open whether it reached historical liens and claims not created by or through the City."", ""type"": 1, ""prob"": 1.0, ""kind"": ""Important"", ""party"": ""city_of_youngstown""}, {""issue"": ""The phrase “any and all unrecorded easements identified by the City” left open whether the easements had to be identified in writing or listed in an attached exhibit."", ""type"": 1, ""prob"": 1.0, ""kind"": ""Notable"", ""party"": ""hardrives_paving""}]",1
721FSupp2d613_license_agreement_with_the,721 F.Supp.2d 613,c014,6.B.3 No legal or regulatory default,NEGATIVE,1.1,westlaw,not_risky,0,0,none,risky_type1,1.0,0.0,1,0,"[{""issue"": ""The phrase “there are no claims, actions, suits, or proceedings instituted, filed or threatened, which may affect the Premises” left open whether it reached claims unknown to the City."", ""type"": 1, ""prob"": 1.0, ""kind"": ""Minor"", ""party"": ""hardrives_paving""}]",1
721FSupp2d613_license_agreement_with_the,721 F.Supp.2d 613,c015,6.B.4 No proceedings,NEGATIVE,1.1,westlaw,not_risky,0,0,none,risky_type1,1.0,0.0,1,0,"[{""issue"": ""The phrase “there are no claims, actions, suits, or proceedings instituted, filed or threatened, which may affect the Premises” left open whether it reached unknown or unfiled claims."", ""type"": 1, ""prob"": 1.0, ""kind"": ""Important"", ""party"": ""city_of_youngstown""}]",1
721FSupp2d613_license_agreement_with_the,721 F.Supp.2d 613,c016,6.C. Easement and right-of-way use,NEGATIVE,1.1,westlaw,not_risky,0,0,none,not_risky,0.0,0.0,0,0,[],1
721FSupp2d613_license_agreement_with_the,721 F.Supp.2d 613,c017,6.D.1 Hazardous-material representation,NEGATIVE,1.1,westlaw,not_risky,0,0,none,risky_type1,1.0,0.0,1,0,"[{""issue"": ""The phrase “has never, and does not currently contain, nor is it contaminated by, any hazardous or toxic waste materials” was open to reading as an unqualified historical warranty of no contamination or as limited by Exhibit B and “in violation of any applicable environmental laws or regulations.”"", ""type"": 1, ""prob"": 1.0, ""kind"": ""Important"", ""party"": ""city_of_youngstown""}, {""issue"": ""\""As Is\"" Acceptance Should Disclaim Additional Warranties. Section 8  provides that Hardrives accepts the Premises \""as is\"" but the disclaimer could be strengthened. The City should add explicit disclaimers of implied warranties of fitness and merchantability to better protect against condition-related claims, especially given the former industrial use and known environmental conditions."", ""type"": 0, ""prob"": 1.0, ""kind"": ""Minor"", ""party"": ""city_of_youngstown""}]",1
721FSupp2d613_license_agreement_with_the,721 F.Supp.2d 613,c018,6.D.2 No environmental clean-up liability or lien,NEGATIVE,1.1,westlaw,not_risky,0,0,none,not_risky,0.0,0.0,0,0,[],1
721FSupp2d613_license_agreement_with_the,721 F.Supp.2d 613,c019,7.A. Hardrives authorization,NEGATIVE,1.1,westlaw,not_risky,0,0,none,not_risky,0.0,0.0,0,0,"[{""issue"": ""City's Environmental Warranty Lacks Indemnification for Pre-Existing Contamination. Section 6.D's environmental representation is heavily qualified — the City only warrants that contamination does not violate applicable environmental laws . Given the ESA findings showing petroleum hydrocarbons, PCBs, lead, and asbestos on the site , Hardrives should insist that the City expressly indemnify Hardrives for any pre-existing environmental conditions. Without this, Hardrives could face environmental cleanup liability for conditions that predated its occupancy."", ""type"": 0, ""prob"": 1.0, ""kind"": ""Important"", ""party"": ""hardrives_paving""}]",1
721FSupp2d613_license_agreement_with_the,721 F.Supp.2d 613,c020,7.B. Waste and surrender,NEGATIVE,1.1,westlaw,not_risky,0,0,none,not_risky,0.0,0.0,0,0,"[{""issue"": ""No Right of Inspection Reserved for City. The Agreement does not reserve the City's right to inspect the Premises during the license term. Given that Hardrives will be conducting industrial operations (paving material production) on a site with known environmental sensitivity, the City should have an express right to enter and inspect the Premises upon reasonable notice to verify compliance with environmental and other obligations. Section 7.B  addresses surrender condition but adding inspection language there would strengthen the City's position."", ""type"": 0, ""prob"": 1.0, ""kind"": ""Notable"", ""party"": ""city_of_youngstown""}, {""issue"": ""No Right to Remove Improvements or Personal Property on Termination. Section 7.B requires Hardrives to \""surrender the Premises to the City upon termination of this Agreement in as good a condition as received.\"" There is no express provision allowing Hardrives to remove its trade fixtures, equipment, personal property, and improvements it may have installed during the term. Hardrives should have the right to remove its property and any improvements it made at its own expense."", ""type"": 0, ""prob"": 1.0, ""kind"": ""Notable"", ""party"": ""hardrives_paving""}]",1
721FSupp2d613_license_agreement_with_the,721 F.Supp.2d 613,c021,7.C.1 Comprehensive liability insurance,NEGATIVE,1.1,westlaw,not_risky,0,0,none,risky_type1,1.0,0.0,1,0,"[{""issue"": ""Insurance Amount May Be Inadequate for Former Industrial Site. Section 7.C  requires Hardrives to maintain only $1,000,000 in comprehensive liability coverage. For a 58-acre former steel manufacturing site with documented environmental contamination, this amount may be inadequate to protect the City against potential environmental or personal injury claims. The City should require a higher coverage amount and should also require property/casualty insurance on the Premises and environmental liability insurance."", ""type"": 0, ""prob"": 1.0, ""kind"": ""Important"", ""party"": ""city_of_youngstown""}, {""issue"": ""The phrase “$1,000,000.00” in “comprehensive liability coverage” was open to reading as a per-occurrence limit or as an aggregate limit."", ""type"": 1, ""prob"": 1.0, ""kind"": ""Notable"", ""party"": ""hardrives_paving""}]",1
721FSupp2d613_license_agreement_with_the,721 F.Supp.2d 613,c022,7.C.2 Workers' compensation insurance,NEGATIVE,1.1,westlaw,not_risky,0,0,none,not_risky,0.0,0.0,0,0,[],1
721FSupp2d613_license_agreement_with_the,721 F.Supp.2d 613,c023,7.D.1 Hazardous-material precautions,NEGATIVE,1.1,westlaw,not_risky,0,0,none,risky_type1,1.0,0.0,1,0,"[{""issue"": ""The phrase “any hazardous material or waste” left open whether it reached asphalt, solvents, petroleum products, and other materials used in normal paving operations."", ""type"": 1, ""prob"": 1.0, ""kind"": ""Important"", ""party"": ""hardrives_paving""}]",1
721FSupp2d613_license_agreement_with_the,721 F.Supp.2d 613,c024,7.D.2 Environmental compliance,NEGATIVE,1.1,westlaw,not_risky,0,0,none,not_risky,0.0,0.0,0,0,[],1
721FSupp2d613_license_agreement_with_the,721 F.Supp.2d 613,c025,7.E. Hold harmless,NEGATIVE,1.1,westlaw,not_risky,0,0,none,risky_type1,1.0,0.0,3,0,"[{""issue"": ""The phrase “resulting from injury on or about the Premises or in conjunction with Hardrives’ use and occupancy” left open whether it reached environmental claims, property damage, or regulatory enforcement actions."", ""type"": 1, ""prob"": 1.0, ""kind"": ""Important"", ""party"": ""city_of_youngstown""}, {""issue"": ""The phrase “Environmental Protection Agency laws or regulations” left open whether it reached Ohio EPA regulations, local environmental ordinances, and federal environmental statutes not administered by the EPA."", ""type"": 1, ""prob"": 1.0, ""kind"": ""Notable"", ""party"": ""city_of_youngstown""}, {""issue"": ""The phrases “any and all claims, liabilities, damages, and losses” and “injury on or about the Premises” left open whether the indemnity reached injuries caused by the City’s own negligence, pre-existing environmental conditions, or unrelated third parties."", ""type"": 1, ""prob"": 1.0, ""kind"": ""Important"", ""party"": ""hardrives_paving""}]",1
721FSupp2d613_license_agreement_with_the,721 F.Supp.2d 613,c026,7.F. Legal compliance for work,NEGATIVE,1.1,westlaw,not_risky,0,0,none,not_risky,0.0,0.0,0,0,[],1
721FSupp2d613_license_agreement_with_the,721 F.Supp.2d 613,c027,8. As-is condition,NEGATIVE,1.1,westlaw,not_risky,0,0,none,not_risky,0.0,0.0,0,0,[],1
721FSupp2d613_license_agreement_with_the,721 F.Supp.2d 613,c028,9.1 Entire agreement,NEGATIVE,1.1,westlaw,not_risky,0,0,none,not_risky,0.0,0.0,0,0,[],1
721FSupp2d613_license_agreement_with_the,721 F.Supp.2d 613,c029,9.2 Written amendments,NEGATIVE,1.1,westlaw,not_risky,0,0,none,not_risky,0.0,0.0,0,0,[],1
721FSupp2d613_license_agreement_with_the,721 F.Supp.2d 613,c030,9.3 Assignment,NEGATIVE,1.1,westlaw,not_risky,0,0,none,not_risky,0.0,0.0,0,0,[],1
721FSupp2d613_license_agreement_with_the,721 F.Supp.2d 613,c031,10. Governing law,NEGATIVE,1.1,westlaw,not_risky,0,0,none,not_risky,0.0,0.0,0,0,[],1
721FSupp2d613_license_agreement_with_the,721 F.Supp.2d 613,c032,11. Survival,NEGATIVE,1.1,westlaw,not_risky,0,0,none,risky_type1,1.0,0.0,1,0,"[{""issue"": ""The phrase “written notice” left open how notice had to be delivered, where it had to be sent, and when it became effective."", ""type"": 1, ""prob"": 1.0, ""kind"": ""Minor"", ""party"": ""city_of_youngstown""}]",1
721FSupp2d613_license_agreement_with_the,721 F.Supp.2d 613,c033,12. Defined parties include successors and assigns,NEGATIVE,1.1,westlaw,not_risky,0,0,none,risky_type1,1.0,1.0,1,2,"[{""issue"": ""Section 12’s inclusion of “successors, and assigns” could not be squared with Section 9’s statement that the Agreement was “not assignable by either party without the written consent of the other party” on whether assignment required written consent."", ""type"": 2, ""prob"": 1.0, ""kind"": ""Notable"", ""party"": ""city_of_youngstown""}, {""issue"": ""The phrase “all warranties, covenants, representations, and guarantees shall survive the execution and delivery of this Agreement” left open how long those obligations survived."", ""type"": 1, ""prob"": 1.0, ""kind"": ""Notable"", ""party"": ""city_of_youngstown""}, {""issue"": ""Section 12’s statement that the parties included their “successors, and assigns” could not be squared with Section 9’s requirement of written consent to assignment on whether assigns were automatically bound or only consented assigns were included."", ""type"": 2, ""prob"": 1.0, ""kind"": ""Minor"", ""party"": ""hardrives_paving""}]",1
721FSupp2d613_license_agreement_with_the,721 F.Supp.2d 613,c034,Exhibit A.1 Premises definition by deed reference,NEGATIVE,1.1,westlaw,not_risky,0,0,none,risky_type1,1.0,0.0,2,0,"[{""issue"": ""The general phrase “shall include, but is not limited to” sat against the specific description of Parcel No. 3 and left open whether the Premises extended to other portions of the former LTV Steel site."", ""type"": 1, ""prob"": 1.0, ""kind"": ""Notable"", ""party"": ""city_of_youngstown""}, {""issue"": ""The general phrase “shall include, but is not limited to” sat against the specific legal description of Parcel No. 3 and left open whether the licensed Premises extended beyond that parcel."", ""type"": 1, ""prob"": 1.0, ""kind"": ""Minor"", ""party"": ""hardrives_paving""}]",1
721FSupp2d613_license_agreement_with_the,721 F.Supp.2d 613,c035,Exhibit A.2 Parcel No. 3 legal description,NEGATIVE,1.1,westlaw,not_risky,0,0,none,not_risky,0.0,0.0,0,0,[],1
721FSupp2d613_license_agreement_with_the,721 F.Supp.2d 613,c036,Exhibit A.3 Exceptions from Parcel No. 3,NEGATIVE,1.1,westlaw,not_risky,0,0,none,not_risky,0.0,0.0,0,0,[],1
808FSupp2d552_trademark_license_and_cooperation,808 F.Supp.2d 552,c001,Preamble; Parties,NEGATIVE,1.1,westlaw,not_risky,0,0,none,not_risky,0.0,0.0,0,0,[],1
808FSupp2d552_trademark_license_and_cooperation,808 F.Supp.2d 552,c002,1(a) Hard Rock Marks,NEGATIVE,1.1,westlaw,not_risky,0,0,none,not_risky,0.0,0.0,0,0,[],1
808FSupp2d552_trademark_license_and_cooperation,808 F.Supp.2d 552,c003,1(b) Hard Rock Hotel Marks,NEGATIVE,1.1,westlaw,not_risky,0,0,none,not_risky,0.0,0.0,0,0,[],1
808FSupp2d552_trademark_license_and_cooperation,808 F.Supp.2d 552,c004,1(c) Hard Rock Casino Marks,NEGATIVE,1.1,westlaw,not_risky,0,0,none,not_risky,0.0,0.0,0,0,[],1
808FSupp2d552_trademark_license_and_cooperation,808 F.Supp.2d 552,c005,1(d) Hotel,NEGATIVE,1.1,westlaw,not_risky,0,0,none,not_risky,0.0,0.0,0,0,[],1
808FSupp2d552_trademark_license_and_cooperation,808 F.Supp.2d 552,c006,1(e) Casino,NEGATIVE,1.1,westlaw,not_risky,0,0,none,not_risky,0.0,0.0,0,0,[],1
808FSupp2d552_trademark_license_and_cooperation,808 F.Supp.2d 552,c007,1(f) Hotel/Casino,NEGATIVE,1.1,westlaw,not_risky,0,0,none,not_risky,0.0,0.0,0,0,[],1
808FSupp2d552_trademark_license_and_cooperation,808 F.Supp.2d 552,c008,1(g) Hard Rock Hotel,NEGATIVE,1.1,westlaw,not_risky,0,0,none,not_risky,0.0,0.0,0,0,[],1
808FSupp2d552_trademark_license_and_cooperation,808 F.Supp.2d 552,c009,1(h) Hard Rock Casino,NEGATIVE,1.1,westlaw,not_risky,0,0,none,not_risky,0.0,0.0,0,0,[],1
808FSupp2d552_trademark_license_and_cooperation,808 F.Supp.2d 552,c010,1(i) Hard Rock Hotel/Casino,NEGATIVE,1.1,westlaw,not_risky,0,0,none,not_risky,0.0,0.0,0,0,[],1
808FSupp2d552_trademark_license_and_cooperation,808 F.Supp.2d 552,c011,1(j) Hard Rock Facilities,NEGATIVE,1.1,westlaw,not_risky,0,0,none,not_risky,0.0,0.0,0,0,[],1
808FSupp2d552_trademark_license_and_cooperation,808 F.Supp.2d 552,c012,1(k) Morton Territories,NEGATIVE,1.1,westlaw,not_risky,0,0,none,not_risky,0.0,0.0,0,0,[],1
808FSupp2d552_trademark_license_and_cooperation,808 F.Supp.2d 552,c013,1(l) Licensed Services,POSITIVE,1.1,westlaw,risky,1,0,1.1,not_risky,0.0,0.0,0,0,[],1
808FSupp2d552_trademark_license_and_cooperation,808 F.Supp.2d 552,c014,1(m) Licensed Products,NEGATIVE,1.1,westlaw,not_risky,0,0,none,not_risky,0.0,0.0,0,0,[],1
808FSupp2d552_trademark_license_and_cooperation,808 F.Supp.2d 552,c015,1(n) Licensor,NEGATIVE,1.1,westlaw,not_risky,0,0,none,not_risky,0.0,0.0,0,0,[],1
808FSupp2d552_trademark_license_and_cooperation,808 F.Supp.2d 552,c016,2(a) Licensed Rights,POSITIVE,1.1,westlaw,risky,1,0,1.1,risky_type1,1.0,0.0,4,0,"[{""issue"": ""The phrase “subject only to whatever actions or inactions may have been taken or not taken by Morton regarding ownership of the rights” left open which prior actions or inactions qualified Licensor’s ownership representation."", ""type"": 1, ""prob"": 1.0, ""kind"": ""Important"", ""party"": ""licensee_peter_morton""}, {""issue"": ""Duplicate \""operation\"" in Grant Clause. Section 2(a)  contains \""development, operation, ownership, management, operation of and promotion\"" — the word \""operation\"" appears twice. This appears to be a drafting error."", ""type"": 0, ""prob"": 1.0, ""kind"": ""Minor"", ""party"": ""licensee_peter_morton""}, {""issue"": ""The phrase “subject only to whatever actions or inactions may have been taken or not taken by Morton” left open which of Morton’s prior actions or inactions qualified the ownership warranty."", ""type"": 1, ""prob"": 1.0, ""kind"": ""Notable"", ""party"": ""licensor_rank_licensing""}, {""issue"": ""The phrase “anywhere in the world” left open whether the worldwide promotional right reached activities that materially interfered with Licensor’s or other licensees’ established operations outside the Morton Territories."", ""type"": 1, ""prob"": 1.0, ""kind"": ""Notable"", ""party"": ""licensor_rank_licensing""}, {""issue"": ""Duplicate \""operation\"" in Grant Clause. Section 2(a)  lists \""development, operation, ownership, management, operation of and promotion\"" — the word \""operation\"" appears twice, which appears to be a drafting error. One instance should likely be removed or replaced with another term (e.g., \""construction\"")."", ""type"": 0, ""prob"": 1.0, ""kind"": ""Minor"", ""party"": ""licensor_rank_licensing""}, {""issue"": ""The phrase “by its nature, must survive the termination of this Agreement” left open whether Sections 3, 6, 7, 11, and 14 survived termination."", ""type"": 1, ""prob"": 1.0, ""kind"": ""Minor"", ""party"": ""licensor_rank_licensing""}]",1
808FSupp2d552_trademark_license_and_cooperation,808 F.Supp.2d 552,c017,2(b)(i) Hotel and Casino restrictions,NEGATIVE,1.1,westlaw,not_risky,0,0,none,not_risky,0.0,0.0,0,0,[],1
808FSupp2d552_trademark_license_and_cooperation,808 F.Supp.2d 552,c018,2(b)(ii) Restaurant restrictions,NEGATIVE,1.1,westlaw,not_risky,0,0,none,not_risky,0.0,0.0,0,0,"[{""issue"": ""Licensee Has No Reporting or Accounting Obligations. Despite the grant of exclusive rights to use the Hard Rock marks for hotel/casino operations and merchandise sales, there is no provision requiring Licensee to provide Licensor with periodic reports on the use of the marks, the number and location of facilities opened, merchandise sales volumes, or sublicenses/franchises granted. Without reporting requirements, Licensor has limited visibility into how its marks are being used. Consider adding at minimum an annual reporting obligation covering the status and scope of Licensee's use of the licensed marks, and requiring copies of all sublicense or franchise agreements (the latter is partially addressed in Section 10  but only requires providing \""a copy\"" with no timing requirement)."", ""type"": 0, ""prob"": 1.0, ""kind"": ""Notable"", ""party"": ""licensor_rank_licensing""}]",1
808FSupp2d552_trademark_license_and_cooperation,808 F.Supp.2d 552,c019,2(b)(iii) Marks and registrations,NEGATIVE,1.1,westlaw,not_risky,0,0,none,risky_type1,1.0,0.0,1,0,"[{""issue"": ""The phrase “would be reasonably likely to affect” left open what likelihood was required before Licensee’s fallback filing right was triggered."", ""type"": 1, ""prob"": 1.0, ""kind"": ""Minor"", ""party"": ""licensee_peter_morton""}, {""issue"": ""Mandatory Consent to All Registration Requests. Section 2(b)(iii)  requires Licensor to consent to any registration request by Licensee without discretion. This could force Licensor to file registrations it deems unnecessary, overly broad, or strategically harmful to its overall trademark portfolio. Licensor should retain reasonable discretion."", ""type"": 0, ""prob"": 1.0, ""kind"": ""Notable"", ""party"": ""licensor_rank_licensing""}, {""issue"": ""No Licensee Obligation to Actively Develop or Operate. Section 9(b)  provides a royalty-free, fully-paid license with no minimum development or use obligation. Combined with the perpetual term and exclusive territorial rights, Licensee could warehouse the marks in the Morton Territories indefinitely without opening a single facility. Consider conditioning the royalty-free status on Licensee's active and continuous use of the marks."", ""type"": 0, ""prob"": 1.0, ""kind"": ""Notable"", ""party"": ""licensor_rank_licensing""}, {""issue"": ""Best Efforts Standard for Trademark Registrations. Section 2(b)(iii)  requires Licensor to use \""best efforts\"" to maintain, protect, and preserve trademark registrations. Under New York law, \""best efforts\"" is the most demanding effort standard. Consider replacing with \""commercially reasonable efforts\"" for appropriate flexibility."", ""type"": 0, ""prob"": 1.0, ""kind"": ""Minor"", ""party"": ""licensor_rank_licensing""}, {""issue"": ""Costs of Remedial Trademark Filings Not Allocated. Section 2(b)(iii)  allows Licensee to prepare and file trademark documentation on Licensor's behalf if Licensor fails to maintain registrations. The provision is silent on cost allocation. Consider specifying that Licensee bears the costs of such remedial filings."", ""type"": 0, ""prob"": 1.0, ""kind"": ""Minor"", ""party"": ""licensor_rank_licensing""}]",1
808FSupp2d552_trademark_license_and_cooperation,808 F.Supp.2d 552,c020,2(b)(iv) Licensed Product sales restrictions,NEGATIVE,1.1,westlaw,not_risky,0,0,none,risky_type1,1.0,0.0,1,0,"[{""issue"": ""Broad Prohibition on Internet Merchandise Sales. Section 2(b)(v)  restricts Internet-sold Licensed Products to bearing only the \""Internet address as the Licensed Products' location\"" and prohibits cross-selling between Internet and retail channels. This rigid separation of Internet and retail merchandise could limit Morton's business flexibility and revenue potential as e-commerce grows. Morton should seek to relax this restriction or add a mechanism for the parties to revisit it periodically."", ""type"": 0, ""prob"": 1.0, ""kind"": ""Notable"", ""party"": ""licensee_peter_morton""}, {""issue"": ""Mail Order Prohibition Overly Restrictive. Section 2(b)(iv)  prohibits Licensee from selling Licensed Products \""through mail order.\"" This blanket prohibition prevents Morton from using catalog or direct-mail sales channels, which could unnecessarily limit revenue opportunities, especially given that Internet sales are already permitted under Section 2(b)(v)."", ""type"": 0, ""prob"": 1.0, ""kind"": ""Minor"", ""party"": ""licensee_peter_morton""}, {""issue"": ""The phrase “where there is both a Hard Rock Hotel/Casino or Hard Rock Casino and a Hard Rock Cafe restaurant” left open whether the restriction reached a location in the Morton Territories with a Hard Rock Hotel/Casino or Hard Rock Casino but no Hard Rock Cafe restaurant."", ""type"": 1, ""prob"": 1.0, ""kind"": ""Notable"", ""party"": ""licensee_peter_morton""}]",1
808FSupp2d552_trademark_license_and_cooperation,808 F.Supp.2d 552,c021,2(b)(v) Internet sales,NEGATIVE,1.1,westlaw,not_risky,0,0,none,risky_type1,1.0,0.0,1,0,"[{""issue"": ""The phrase “sell Licensed Products through the Internet” left open whether Internet sales could be made to customers outside the Morton Territories."", ""type"": 1, ""prob"": 1.0, ""kind"": ""Notable"", ""party"": ""licensor_rank_licensing""}]",1
808FSupp2d552_trademark_license_and_cooperation,808 F.Supp.2d 552,c022,2(b)(vi) Logo use restrictions,NEGATIVE,1.1,westlaw,not_risky,0,0,none,not_risky,0.0,0.0,0,0,"[{""issue"": ""Exhibit E Designations Subject to Permanent Cessation. Section 2(b)(viii)  requires that after 18 months, Licensee \""shall forever cease displaying such designations or selling such merchandise\"" for the Exhibit E items. The word \""forever\"" combined with \""without the express written consent of Licensor\"" gives Licensor significant leverage. Morton should negotiate for the ability to continue using Exhibit E designations with Licensor's consent (not to be unreasonably withheld), or extend the sunset period."", ""type"": 0, ""prob"": 1.0, ""kind"": ""Notable"", ""party"": ""licensee_peter_morton""}]",1
808FSupp2d552_trademark_license_and_cooperation,808 F.Supp.2d 552,c023,2(b)(vii) Exhibit D designations,NEGATIVE,1.1,westlaw,not_risky,0,0,none,not_risky,0.0,0.0,0,0,[],1
808FSupp2d552_trademark_license_and_cooperation,808 F.Supp.2d 552,c024,2(b)(viii) Exhibit E designations,NEGATIVE,1.1,westlaw,not_risky,0,0,none,not_risky,0.0,0.0,0,0,[],1
808FSupp2d552_trademark_license_and_cooperation,808 F.Supp.2d 552,c025,2(b)(ix) Riverboat terminology,NEGATIVE,1.1,westlaw,not_risky,0,0,none,not_risky,0.0,0.0,0,0,[],1
808FSupp2d552_trademark_license_and_cooperation,808 F.Supp.2d 552,c026,3(a) Reservation and ownership of rights,NEGATIVE,1.1,westlaw,not_risky,0,0,none,risky_type1,1.0,0.0,1,0,"[{""issue"": ""The phrase “a Hard Rock Hotel in the State of Nevada” left open whether the Nevada restriction reached a standalone Hard Rock Hotel that did not include a Casino, as well as a Hard Rock Hotel/Casino."", ""type"": 1, ""prob"": 1.0, ""kind"": ""Important"", ""party"": ""licensor_rank_licensing""}]",1
808FSupp2d552_trademark_license_and_cooperation,808 F.Supp.2d 552,c027,3(b) Non-challenge covenant,NEGATIVE,1.1,westlaw,not_risky,0,0,none,not_risky,0.0,0.0,0,0,"[{""issue"": ""No Consent Requirement for Assignment by Licensee. Section 18  provides that the Agreement binds successors, transferees, and assigns but contains no restriction on Licensee's ability to assign. Licensee could assign the perpetual, royalty-free, exclusive trademark license to any third party without Licensor's consent. This is a critical gap for Rank Licensing."", ""type"": 0, ""prob"": 1.0, ""kind"": ""Important"", ""party"": ""licensor_rank_licensing""}]",1
808FSupp2d552_trademark_license_and_cooperation,808 F.Supp.2d 552,c028,3(c) Goodwill,NEGATIVE,1.1,westlaw,not_risky,0,0,none,risky_type1,1.0,0.0,1,0,"[{""issue"": ""The phrase “all associated goodwill generated thereby” was open to reading as covering only goodwill in the Hard Rock Hotel Marks and Hard Rock Casino Marks or as also covering goodwill in Licensee’s business operations generally."", ""type"": 1, ""prob"": 1.0, ""kind"": ""Notable"", ""party"": ""licensee_peter_morton""}]",1
808FSupp2d552_trademark_license_and_cooperation,808 F.Supp.2d 552,c029,3(d) Modifying words,NEGATIVE,1.1,westlaw,not_risky,0,0,none,not_risky,0.0,0.0,0,0,[],1
808FSupp2d552_trademark_license_and_cooperation,808 F.Supp.2d 552,c030,3(e) Use under Agreement,NEGATIVE,1.1,westlaw,not_risky,0,0,none,not_risky,0.0,0.0,0,0,[],1
808FSupp2d552_trademark_license_and_cooperation,808 F.Supp.2d 552,c031,4(a) Quality standards,POSITIVE,1.1,westlaw,risky,1,0,1.1,not_risky,0.0,0.0,0,0,[],1
808FSupp2d552_trademark_license_and_cooperation,808 F.Supp.2d 552,c032,4(b) Inspection rights,NEGATIVE,1.1,westlaw,not_risky,0,0,none,not_risky,0.0,0.0,0,0,[],1
808FSupp2d552_trademark_license_and_cooperation,808 F.Supp.2d 552,c033,4(c) Samples and testing,NEGATIVE,1.1,westlaw,not_risky,0,0,none,not_risky,0.0,0.0,0,0,"[{""issue"": ""No Right to Approve Licensed Products Before Sale. Section 4(c)  only requires Licensee to furnish samples \""during such inspections\"" rather than requiring pre-approval of new Licensed Products before they are introduced to market. This is a significant weakness in Licensor's quality control. Consider requiring prior written approval for new product categories."", ""type"": 0, ""prob"": 1.0, ""kind"": ""Notable"", ""party"": ""licensor_rank_licensing""}]",1
808FSupp2d552_trademark_license_and_cooperation,808 F.Supp.2d 552,c034,4(d) Legal compliance,NEGATIVE,1.1,westlaw,not_risky,0,0,none,not_risky,0.0,0.0,0,0,[],1
808FSupp2d552_trademark_license_and_cooperation,808 F.Supp.2d 552,c035,4(e) Marks and registration notices,NEGATIVE,1.1,westlaw,not_risky,0,0,none,not_risky,0.0,0.0,0,0,[],1
808FSupp2d552_trademark_license_and_cooperation,808 F.Supp.2d 552,c036,4(f) Purpose of monitoring rights,NEGATIVE,1.1,westlaw,not_risky,0,0,none,not_risky,0.0,0.0,0,0,[],1
808FSupp2d552_trademark_license_and_cooperation,808 F.Supp.2d 552,c037,5(a) Quality disputes and arbitration procedure,POSITIVE,1.1,westlaw,risky,1,0,1.1,not_risky,0.0,0.0,0,0,[],1
808FSupp2d552_trademark_license_and_cooperation,808 F.Supp.2d 552,c038,5(b) Arbitration remedies and procedure,NEGATIVE,1.1,westlaw,not_risky,0,0,none,not_risky,0.0,0.0,0,0,"[{""issue"": ""Arbitration Costs Not Shifted to Losing Party. Section 5(a)  requires arbitration fees and costs to be \""shared equally by the parties.\"" This means Morton bears half the costs even if he prevails. Morton should negotiate for the arbitrator to have discretion to award costs to the prevailing party, or at minimum shift fees to the non-prevailing party."", ""type"": 0, ""prob"": 1.0, ""kind"": ""Notable"", ""party"": ""licensee_peter_morton""}, {""issue"": ""Arbitration Costs Shared Equally. Section 5(a)  requires all arbitration fees and costs to be \""shared equally by the parties.\"" For quality control disputes that Licensor initiates to protect its trademark rights, equal cost-sharing may discourage Licensor from enforcing quality standards. Consider providing that the non-prevailing party bears all fees and costs."", ""type"": 0, ""prob"": 1.0, ""kind"": ""Minor"", ""party"": ""licensor_rank_licensing""}]",1
808FSupp2d552_trademark_license_and_cooperation,808 F.Supp.2d 552,c039,5(c) Arbitration decision,NEGATIVE,1.1,westlaw,not_risky,0,0,none,not_risky,0.0,0.0,0,0,[],1
808FSupp2d552_trademark_license_and_cooperation,808 F.Supp.2d 552,c040,5(d) Excluded disputes,POSITIVE,1.1,westlaw,risky,1,0,1.1,not_risky,0.0,0.0,0,0,[],1
808FSupp2d552_trademark_license_and_cooperation,808 F.Supp.2d 552,c041,6(a) Protection of marks,POSITIVE,1.1,westlaw,risky,1,0,1.1,risky_type1,1.0,0.0,1,0,"[{""issue"": ""\""Best Efforts\"" Standard for Trademark Protection Is Mutual. Section 6(a)  requires both Licensor and Licensee to use \""best efforts\"" to protect the marks. Under New York law, \""best efforts\"" is the highest standard of performance obligation. While this is favorable in binding Licensor, it imposes an equally high burden on Morton. Consider changing to \""commercially reasonable efforts\"" for the Licensee's obligation while retaining \""best efforts\"" for Licensor."", ""type"": 0, ""prob"": 1.0, ""kind"": ""Minor"", ""party"": ""licensee_peter_morton""}, {""issue"": ""The phrase “best efforts” left open whether Licensor was required to pursue every possible avenue to protect the Hard Rock Hotel Marks and Hard Rock Casino Marks."", ""type"": 1, ""prob"": 1.0, ""kind"": ""Minor"", ""party"": ""licensor_rank_licensing""}]",1
808FSupp2d552_trademark_license_and_cooperation,808 F.Supp.2d 552,c042,6(b) Registration and damaging actions,NEGATIVE,1.1,westlaw,not_risky,0,0,none,not_risky,0.0,0.0,0,0,[],1
808FSupp2d552_trademark_license_and_cooperation,808 F.Supp.2d 552,c043,6(c) Similar designations,NEGATIVE,1.1,westlaw,not_risky,0,0,none,not_risky,0.0,0.0,0,0,[],1
808FSupp2d552_trademark_license_and_cooperation,808 F.Supp.2d 552,c044,6(d) Infringement proceedings,NEGATIVE,1.1,westlaw,not_risky,0,0,none,not_risky,0.0,0.0,0,0,"[{""issue"": ""Licensor Has Full Control of Joint Proceedings. Section 6(d)  provides that \""Licensor will always have full control of any joint proceedings\"" while costs are \""borne equally.\"" Morton shares costs equally but has no control over the proceedings. Morton should have consent rights over any settlement that could adversely affect his rights in the Morton Territories."", ""type"": 0, ""prob"": 1.0, ""kind"": ""Important"", ""party"": ""licensee_peter_morton""}]",1
808FSupp2d552_trademark_license_and_cooperation,808 F.Supp.2d 552,c045,7. Indemnification,NEGATIVE,1.1,westlaw,not_risky,0,0,none,not_risky,0.0,0.0,0,0,"[{""issue"": ""One-Sided Indemnification. Section 7  provides only a one-way indemnification from Licensee (Morton) to Licensor. There is no reciprocal indemnification from Licensor to Licensee — for example, for breaches of Licensor's representations regarding ownership of the marks, or for third-party IP claims arising from the marks themselves. Morton should insist on mutual indemnification, particularly given that Licensor warrants it owns the licensed rights."", ""type"": 0, ""prob"": 1.0, ""kind"": ""Important"", ""party"": ""licensee_peter_morton""}, {""issue"": ""Indemnification Lacks Defense Procedure and Cost Allocation. Section 7  provides a one-way indemnification from Licensee to Licensor, which is favorable to Rank Licensing. However, the clause lacks standard procedural protections: no mention of attorneys' fees, costs, or expenses in the scope of covered losses. Adding \""costs and expenses (including reasonable attorneys' fees)\"" would strengthen enforceability for Licensor."", ""type"": 0, ""prob"": 1.0, ""kind"": ""Notable"", ""party"": ""licensor_rank_licensing""}]",1
808FSupp2d552_trademark_license_and_cooperation,808 F.Supp.2d 552,c046,8(a)(1) Promotional cooperation,POSITIVE,1.1,westlaw,risky,1,0,1.1,not_risky,0.0,0.0,0,0,[],1
808FSupp2d552_trademark_license_and_cooperation,808 F.Supp.2d 552,c047,8(a)(2) Books and histories,NEGATIVE,1.1,westlaw,not_risky,0,0,none,not_risky,0.0,0.0,0,0,[],1
808FSupp2d552_trademark_license_and_cooperation,808 F.Supp.2d 552,c048,8(a)(3) Maps,NEGATIVE,1.1,westlaw,not_risky,0,0,none,not_risky,0.0,0.0,0,0,[],1
808FSupp2d552_trademark_license_and_cooperation,808 F.Supp.2d 552,c049,8(a)(4) Event sponsorship,NEGATIVE,1.1,westlaw,not_risky,0,0,none,not_risky,0.0,0.0,0,0,[],1
808FSupp2d552_trademark_license_and_cooperation,808 F.Supp.2d 552,c050,8(b) Worldwide Web sites,POSITIVE,1.1,westlaw,risky,1,0,1.1,not_risky,0.0,0.0,0,0,[],1
808FSupp2d552_trademark_license_and_cooperation,808 F.Supp.2d 552,c051,9(a) Term,NEGATIVE,1.1,westlaw,not_risky,0,0,none,not_risky,0.0,0.0,0,0,[],1
808FSupp2d552_trademark_license_and_cooperation,808 F.Supp.2d 552,c052,9(b) Royalties,NEGATIVE,1.1,westlaw,not_risky,0,0,none,not_risky,0.0,0.0,0,0,[],1
808FSupp2d552_trademark_license_and_cooperation,808 F.Supp.2d 552,c053,9(c) First Offer Rights,NEGATIVE,1.1,westlaw,not_risky,0,0,none,risky_type1,1.0,0.0,1,0,"[{""issue"": ""The phrase “sale, assignment, or conveyance of all or substantially all of his assets and/or rights” left open whether it reached internal reorganizations, transfers to affiliates, or estate-planning transfers to family members or trusts."", ""type"": 1, ""prob"": 1.0, ""kind"": ""Notable"", ""party"": ""licensee_peter_morton""}, {""issue"": ""Weak First Offer Rights — No Matching Right. Section 9(c)  provides Licensor with only a right of first negotiation (30 days) but no right of first refusal or matching right. After the 30-day window, Licensee can sell to any third party on any terms per Licensee's sole discretion  — potentially at terms far more favorable than what was offered to Licensor. For Rank Licensing's protection, Licensor should have a right to match any bona fide third-party offer before a transaction closes."", ""type"": 0, ""prob"": 1.0, ""kind"": ""Important"", ""party"": ""licensor_rank_licensing""}]",1
808FSupp2d552_trademark_license_and_cooperation,808 F.Supp.2d 552,c054,10. Sublicense and Franchise Rights,POSITIVE,1.1,westlaw,risky,1,0,1.1,not_risky,0.0,0.0,0,0,"[{""issue"": ""Perpetual License with No Termination Right. Section 9(a)  grants the license \""in perpetuity\"" with no termination for cause provision anywhere in the Agreement. This is extremely unfavorable to Rank Licensing — Licensor has permanently granted away the Hard Rock Hotel and Casino Marks in the Morton Territories with no ability to terminate even if Licensee materially breaches. At minimum, the perpetual term should be conditioned on ongoing compliance, with a termination right for uncured material breach."", ""type"": 0, ""prob"": 1.0, ""kind"": ""Important"", ""party"": ""licensor_rank_licensing""}, {""issue"": ""Unrestricted Sublicense/Franchise Rights Without Licensor Consent. Section 10  grants Licensee the right to sublicense or franchise \""any or all\"" rights without requiring Licensor's prior written consent or approval. This is a significant concern for Rank Licensing because it allows Morton to transfer use of the Hard Rock Hotel and Casino Marks to unknown third parties whose operations, reputation, and financial capacity Licensor cannot vet. At minimum, sublicensing and franchising should require Licensor's prior written consent, not to be unreasonably withheld."", ""type"": 0, ""prob"": 1.0, ""kind"": ""Important"", ""party"": ""licensor_rank_licensing""}]",1
808FSupp2d552_trademark_license_and_cooperation,808 F.Supp.2d 552,c055,11(a) Injunctive Relief,NEGATIVE,1.1,westlaw,not_risky,0,0,none,not_risky,0.0,0.0,0,0,"[{""issue"": ""Perpetual Non-Attack Obligation. Section 3(b)  requires Licensee to agree \""during the Term of this Agreement or thereafter, never to attack\"" Licensor's rights in the marks. Since the license is perpetual, this non-attack clause binds Morton forever. Morton should negotiate a carve-out allowing challenges in the event Licensor materially breaches the agreement or the marks are found to have been fraudulently registered."", ""type"": 0, ""prob"": 1.0, ""kind"": ""Notable"", ""party"": ""licensee_peter_morton""}, {""issue"": ""Injunctive Relief Without Bond Primarily Favors Licensor. Section 11(a)  provides that Licensor can obtain injunctive relief \""without bond\"" for any breach by Licensee. While the clause does grant Morton reciprocal injunctive relief for Licensor's breach of the Nevada exclusivity, the \""without bond\"" waiver should apply equally. More importantly, the general injunctive relief entitlement covers any breach by Licensee but only a narrow breach by Licensor. Morton should seek broader reciprocal injunctive relief rights — for example, covering breaches of the exclusivity of Morton's license in the Morton Territories."", ""type"": 0, ""prob"": 1.0, ""kind"": ""Important"", ""party"": ""licensee_peter_morton""}, {""issue"": ""Licensee's Injunctive Relief Limited to Nevada Exclusivity. Section 11(a)  grants Licensee injunctive relief only for Licensor's breach of the Nevada hotel prohibition in clause 3(a). However, Morton's exclusive license in the entire Morton Territories is equally critical. If Licensor were to license or operate competing Hard Rock Hotel/Casinos within the Morton Territories in breach of Section 2(a)'s exclusivity, Morton should also be entitled to injunctive relief. The clause should be expanded to cover breaches of the exclusivity grant."", ""type"": 0, ""prob"": 1.0, ""kind"": ""Important"", ""party"": ""licensee_peter_morton""}]",1
808FSupp2d552_trademark_license_and_cooperation,808 F.Supp.2d 552,c056,11(b) Other Remedies,NEGATIVE,1.1,westlaw,not_risky,0,0,none,not_risky,0.0,0.0,0,0,[],1
808FSupp2d552_trademark_license_and_cooperation,808 F.Supp.2d 552,c057,12. Notices,NEGATIVE,1.1,westlaw,not_risky,0,0,none,risky_type2,0.0,1.0,0,2,"[{""issue"": ""Section 12 could not be squared with the provision identifying Rank Licensing, Inc. as Licensor on whether notice addressed to Hard Rock Cafe International (DEL), Inc. constituted notice to Licensor."", ""type"": 2, ""prob"": 1.0, ""kind"": ""Notable"", ""party"": ""licensee_peter_morton""}, {""issue"": ""No Notice Provision for Email or Electronic Communication. Section 12  limits permitted notice methods to hand-delivery, certified/registered mail, telecopier, or air courier. There is no provision for email or other modern electronic communication methods. While this may have been standard in 1996, Morton should consider updating the notice provisions to include email as a permitted method of notice, especially for time-sensitive communications."", ""type"": 0, ""prob"": 1.0, ""kind"": ""Minor"", ""party"": ""licensee_peter_morton""}, {""issue"": ""Section 12 could not be squared with the provision identifying Rank Licensing, Inc. as Licensor on whether notice directed to Hard Rock Cafe International (DEL), Inc. was effective notice to Licensor."", ""type"": 2, ""prob"": 1.0, ""kind"": ""Notable"", ""party"": ""licensor_rank_licensing""}]",1
808FSupp2d552_trademark_license_and_cooperation,808 F.Supp.2d 552,c058,13. Relationship of the Parties,NEGATIVE,1.1,westlaw,not_risky,0,0,none,not_risky,0.0,0.0,0,0,"[{""issue"": ""No Consent to Jurisdiction or Waiver of Jury Trial. Section 14  provides for claims to be prosecuted in New York courts but lacks express consent to personal jurisdiction and venue, and no waiver of jury trial. Without these, Licensee (a California individual) could challenge jurisdiction or demand a jury trial."", ""type"": 0, ""prob"": 1.0, ""kind"": ""Notable"", ""party"": ""licensor_rank_licensing""}]",1
808FSupp2d552_trademark_license_and_cooperation,808 F.Supp.2d 552,c059,14. Applicable Law and Disputes,NEGATIVE,1.1,westlaw,not_risky,0,0,none,not_risky,0.0,0.0,0,0,[],1
808FSupp2d552_trademark_license_and_cooperation,808 F.Supp.2d 552,c060,15. Severability,NEGATIVE,1.1,westlaw,not_risky,0,0,none,not_risky,0.0,0.0,0,0,[],1
808FSupp2d552_trademark_license_and_cooperation,808 F.Supp.2d 552,c061,16. Survivability,NEGATIVE,1.1,westlaw,not_risky,0,0,none,not_risky,0.0,0.0,0,0,[],1
808FSupp2d552_trademark_license_and_cooperation,808 F.Supp.2d 552,c062,17. Integration,NEGATIVE,1.1,westlaw,not_risky,0,0,none,not_risky,0.0,0.0,0,0,[],1
808FSupp2d552_trademark_license_and_cooperation,808 F.Supp.2d 552,c063,18. Binding Effect,NEGATIVE,1.1,westlaw,not_risky,0,0,none,not_risky,0.0,0.0,0,0,"[{""issue"": ""No Licensor Authority Representation from Licensee. Section 19  provides a representation from Licensor that it has all necessary power and authority to execute and perform this Agreement. However, there is no corresponding representation from Licensee (Peter A. Morton). Given the significant rights being granted and the binding nature of the obligations, Licensor should receive a reciprocal authority and capacity representation from Licensee."", ""type"": 0, ""prob"": 1.0, ""kind"": ""Minor"", ""party"": ""licensor_rank_licensing""}]",1
808FSupp2d552_trademark_license_and_cooperation,808 F.Supp.2d 552,c064,19. Authority of Licensor,NEGATIVE,1.1,westlaw,not_risky,0,0,none,not_risky,0.0,0.0,0,0,[],1
808FSupp2d552_trademark_license_and_cooperation,808 F.Supp.2d 552,c065,20. Enforceability,NEGATIVE,1.1,westlaw,not_risky,0,0,none,not_risky,0.0,0.0,0,0,"[{""issue"": ""Errant Comma in Enforceability Clause. Section 20  contains a misplaced comma (\""This Agreement constitutes, the valid and binding agreements\"") that creates a grammatical error and could arguably affect interpretation."", ""type"": 0, ""prob"": 1.0, ""kind"": ""Minor"", ""party"": ""licensor_rank_licensing""}]",1
808FSupp2d552_trademark_license_and_cooperation,808 F.Supp.2d 552,c066,21. Noncontravention,NEGATIVE,1.1,westlaw,not_risky,0,0,none,not_risky,0.0,0.0,0,0,[],1
808FSupp2d552_trademark_license_and_cooperation,808 F.Supp.2d 552,c067,22. Waiver of Terms,NEGATIVE,1.1,westlaw,not_risky,0,0,none,not_risky,0.0,0.0,0,0,[],1
808FSupp2d552_trademark_license_and_cooperation,808 F.Supp.2d 552,c068,23. Amendment of Agreement,NEGATIVE,1.1,westlaw,not_risky,0,0,none,not_risky,0.0,0.0,0,0,[],1
808FSupp2d552_trademark_license_and_cooperation,808 F.Supp.2d 552,c069,Exhibit C. Logo designations,NEGATIVE,1.1,westlaw,not_risky,0,0,none,not_risky,0.0,0.0,0,0,[],1
817FSupp2d1357_settlement_and_release_agreement,817 F.Supp.2d 1357,c001,Release by Releasors,NEGATIVE,1.1,westlaw,not_risky,0,0,none,not_risky,0.0,0.0,0,0,"[{""issue"": ""No Dismissal Required for Fulton County Action. The agreement references two lawsuits—one in Fulton County (Civil Action No. 2006-cv-120104)  and one in DeKalb County (Civil Action No. 07-CV-6694-9) —but only requires Releasors to dismiss the DeKalb County action with prejudice . There is no express obligation to dismiss the Fulton County action. If the Fulton County case is still pending, American Guarantee should require its dismissal with prejudice as well."", ""type"": 0, ""prob"": 1.0, ""kind"": ""Important"", ""party"": ""releasee_american_guarantee""}, {""issue"": ""No Payment Timing or Method Specified. The agreement references $350,000 as consideration  but does not specify when payment is due, how it is to be made (e.g., wire transfer, check), or to whom payment should be directed. This lack of specificity could lead to disputes about whether payment was properly tendered, which could jeopardize the enforceability of the release. Consider adding payment timing, method, and payee details."", ""type"": 0, ""prob"": 1.0, ""kind"": ""Notable"", ""party"": ""releasee_american_guarantee""}, {""issue"": ""Governing Law Clause Lacks Venue/Jurisdiction Provision. The governing law clause  specifies Georgia law but does not include a venue or jurisdiction provision. If a dispute arises over the interpretation or enforcement of this Release, the parties could be forced to litigate the venue question. American Guarantee should add a consent-to-jurisdiction and venue provision designating a specific Georgia county to avoid forum-shopping by the Releasors."", ""type"": 0, ""prob"": 1.0, ""kind"": ""Notable"", ""party"": ""releasee_american_guarantee""}, {""issue"": ""No Payment Timing or Method Specified. The agreement references $350,000 in consideration  but does not specify when, how, or to whom payment is to be made (e.g., wire transfer, check, to counsel's trust account, within a certain number of days). The absence of payment mechanics creates risk that Entaire may execute the release and dismiss the DeKalb County action without actually receiving funds. The payment terms should specify the method, timing, and recipient of payment."", ""type"": 0, ""prob"": 1.0, ""kind"": ""Important"", ""party"": ""releasors_entaire_rosen""}]",1
817FSupp2d1357_settlement_and_release_agreement,817 F.Supp.2d 1357,c002,Prior claim and release intent,NEGATIVE,1.1,westlaw,not_risky,0,0,none,not_risky,0.0,0.0,0,0,[],1
817FSupp2d1357_settlement_and_release_agreement,817 F.Supp.2d 1357,c003,Covenant not to sue,NEGATIVE,1.1,westlaw,not_risky,0,0,none,not_risky,0.0,0.0,0,0,"[{""issue"": ""Only DeKalb Action Dismissed — Fulton County Action Not Addressed. Releasors agree to dismiss Civil Action No. 07-CV-6694-9 in DeKalb County with prejudice , but the agreement does not address the disposition of Civil Action No. 2006-cv-120104 in Fulton County . If that action is still pending, it should also be dismissed with prejudice as part of this settlement. If it has already been resolved, the agreement should so state. Leaving it unaddressed creates ambiguity."", ""type"": 0, ""prob"": 1.0, ""kind"": ""Important"", ""party"": ""releasors_entaire_rosen""}]",1
817FSupp2d1357_settlement_and_release_agreement,817 F.Supp.2d 1357,c004,Release by Releasees,NEGATIVE,1.1,westlaw,not_risky,0,0,none,not_risky,0.0,0.0,0,0,"[{""issue"": ""Mutual Release Lacks Covenant Not to Sue from Releasors' Side. While Releasors provide a covenant not to sue Releasees , the mutual release granted by Releasees to Releasors  does not include a reciprocal covenant not to sue. Under Georgia law, a release and a covenant not to sue are distinct—a release extinguishes the claim while a covenant not to sue is merely a promise not to bring suit. The asymmetry is favorable to American Guarantee, but the mutual release language in the Releasees-to-Releasors direction should be tightened to ensure it only covers claims \""directly or indirectly related to the Lawsuits\"" and does not inadvertently release future unrelated claims."", ""type"": 0, ""prob"": 1.0, ""kind"": ""Notable"", ""party"": ""releasee_american_guarantee""}]",1
817FSupp2d1357_settlement_and_release_agreement,817 F.Supp.2d 1357,c005,No assignment or subrogation representation,NEGATIVE,1.1,westlaw,not_risky,0,0,none,risky_type1,1.0,0.0,1,0,"[{""issue"": ""The fragment `as part of the consideration for Releasors’` was incomplete and left open whether the mutual release was part of the consideration for Releasors' execution of this Release."", ""type"": 1, ""prob"": 1.0, ""kind"": ""Important"", ""party"": ""releasors_entaire_rosen""}, {""issue"": ""No Representation of Authority from Releasees. The non-assignment representation at  and  runs only from Releasors, warranting they have not assigned claims. There is no corresponding representation from Releasees that they have authority to enter into this settlement, have not assigned any counterclaims, and that the person signing on behalf of American Guarantee and Liability Insurance Company has proper corporate authority. This is a standard representation that protects Entaire from later challenges to the settlement's validity."", ""type"": 0, ""prob"": 1.0, ""kind"": ""Notable"", ""party"": ""releasors_entaire_rosen""}]",1
817FSupp2d1357_settlement_and_release_agreement,817 F.Supp.2d 1357,c006,1. Capacity,NEGATIVE,1.1,westlaw,not_risky,0,0,none,not_risky,0.0,0.0,0,0,"[{""issue"": ""No Representation of Signing Authority for Corporate Entities. The competency representation  states that the Parties are \""persons over 18 years of age or corporate entities registered to do business in the State of Georgia.\"" However, it does not include a representation that the individuals signing on behalf of the corporate Releasors (Entaire Global Companies, Inc. and Entaire Global Financial, Inc.) have actual authority to bind those entities. American Guarantee should require an express representation of signing authority to avoid later challenges to the enforceability of the release."", ""type"": 0, ""prob"": 1.0, ""kind"": ""Notable"", ""party"": ""releasee_american_guarantee""}, {""issue"": ""No Attorneys' Fees Provision for Enforcement. The Release lacks a provision addressing which party bears attorneys' fees in the event of a dispute over enforcement of this agreement. Under Georgia law, absent a contractual provision, each party typically bears its own fees. Including a prevailing-party attorneys' fees clause would incentivize compliance and protect Entaire if it needs to enforce the settlement terms (e.g., compel payment or enforce confidentiality)."", ""type"": 0, ""prob"": 1.0, ""kind"": ""Notable"", ""party"": ""releasors_entaire_rosen""}]",1
817FSupp2d1357_settlement_and_release_agreement,817 F.Supp.2d 1357,c007,2. Independent judgment and non-reliance,NEGATIVE,1.1,westlaw,not_risky,0,0,none,not_risky,0.0,0.0,0,0,[],1
817FSupp2d1357_settlement_and_release_agreement,817 F.Supp.2d 1357,c008,3. Voluntary execution,NEGATIVE,1.1,westlaw,not_risky,0,0,none,not_risky,0.0,0.0,0,0,[],1
817FSupp2d1357_settlement_and_release_agreement,817 F.Supp.2d 1357,c009,4. Entire agreement,POSITIVE,1.1,westlaw,risky,1,0,1.1,not_risky,0.0,0.0,0,0,[],1
817FSupp2d1357_settlement_and_release_agreement,817 F.Supp.2d 1357,c010,5. No assignment or subrogation,NEGATIVE,1.1,westlaw,not_risky,0,0,none,not_risky,0.0,0.0,0,0,"[{""issue"": ""Duplicate Non-Assignment Representation. The non-assignment representation appears twice in the agreement — once in the opening section  and again as numbered paragraph 5 . These are substantively identical. The duplication is unnecessary and could create confusion if one were later amended but not the other. Consider removing one instance."", ""type"": 0, ""prob"": 1.0, ""kind"": ""Minor"", ""party"": ""releasors_entaire_rosen""}]",1
817FSupp2d1357_settlement_and_release_agreement,817 F.Supp.2d 1357,c011,Reliance on Releasors’ representations,NEGATIVE,1.1,westlaw,not_risky,0,0,none,not_risky,0.0,0.0,0,0,[],1
817FSupp2d1357_settlement_and_release_agreement,817 F.Supp.2d 1357,c012,No admission of liability,NEGATIVE,1.1,westlaw,not_risky,0,0,none,not_risky,0.0,0.0,0,0,"[{""issue"": ""Reliance on Releasors' Representations Is One-Sided. The provision at  states that Releasees \""duly rely upon the truth, accuracy and validity of all promises, representations and warranties of the Releasors.\"" This creates a one-sided reliance framework where only the Releasees benefit from the representations and warranties. Since Releasors are also making decisions based on representations (e.g., Releasees' authority to settle, mutual release), there should be reciprocal language acknowledging Releasors' reliance on Releasees' representations as well."", ""type"": 0, ""prob"": 1.0, ""kind"": ""Notable"", ""party"": ""releasors_entaire_rosen""}]",1
817FSupp2d1357_settlement_and_release_agreement,817 F.Supp.2d 1357,c013,Comprehensive release,NEGATIVE,1.1,westlaw,not_risky,0,0,none,risky_type1,1.0,0.0,2,0,"[{""issue"": ""The phrase `no matter how remotely any such potential claim may be related to the Lawsuits` left open whether the release reached claims having only a tangential connection to the underlying disputes or claims entirely unrelated to them."", ""type"": 1, ""prob"": 1.0, ""kind"": ""Important"", ""party"": ""releasors_entaire_rosen""}, {""issue"": ""The phrase `even to the extent of death` left open whether the release reached wrongful-death or survival claims unrelated to the commercial settlement."", ""type"": 1, ""prob"": 1.0, ""kind"": ""Notable"", ""party"": ""releasors_entaire_rosen""}]",1
817FSupp2d1357_settlement_and_release_agreement,817 F.Supp.2d 1357,c014,Indemnification,NEGATIVE,1.1,westlaw,not_risky,0,0,none,risky_type1,1.0,0.0,2,0,"[{""issue"": ""The phrase `protect, indemnify and hold harmless` was open to reading as covering attorneys' fees, costs of defense, and expenses or as not covering them."", ""type"": 1, ""prob"": 1.0, ""kind"": ""Important"", ""party"": ""releasee_american_guarantee""}, {""issue"": ""Indemnification Is One-Sided Against Releasors. The indemnification provision  requires Releasors to indemnify and hold harmless Releasees against claims or liens, including by specific law firms . However, there is no reciprocal indemnification from Releasees to Releasors. Given that this is a mutual settlement, Entaire should insist on mutual indemnification for third-party claims arising from the Lawsuits, or at minimum narrow this obligation to liens or claims that are solely within Releasors' control (e.g., their own attorneys' liens)."", ""type"": 0, ""prob"": 1.0, ""kind"": ""Important"", ""party"": ""releasors_entaire_rosen""}, {""issue"": ""The phrase `any insurance company, government agency, law firm ... or any other entity related to the Lawsuits` left open whether the indemnity reached government regulatory actions or third-party claims unrelated to Releasors' conduct."", ""type"": 1, ""prob"": 1.0, ""kind"": ""Notable"", ""party"": ""releasors_entaire_rosen""}]",1
817FSupp2d1357_settlement_and_release_agreement,817 F.Supp.2d 1357,c015,Full and final satisfaction,NEGATIVE,1.1,westlaw,not_risky,0,0,none,not_risky,0.0,0.0,0,0,[],1
817FSupp2d1357_settlement_and_release_agreement,817 F.Supp.2d 1357,c016,Confidentiality and non-use,POSITIVE,1.1,westlaw,risky,1,0,1.1,risky_type1,1.0,0.0,1,0,"[{""issue"": ""No Tax Indemnification or Reporting Allocation. The agreement does not address tax consequences of the $350,000 settlement payment—there is no provision allocating responsibility for tax reporting (e.g., 1099 issuance), no representation regarding the tax treatment of the payment, and no indemnification of American Guarantee for any tax liability that may arise. Under IRS rules, the payor may have reporting obligations, and absent a clear allocation, disputes could arise. Consider adding a provision clarifying tax responsibilities and indemnifying American Guarantee for any adverse tax consequences."", ""type"": 0, ""prob"": 1.0, ""kind"": ""Notable"", ""party"": ""releasee_american_guarantee""}, {""issue"": ""The phrase `as may be required by law` left open whether it permitted routine business disclosures to accountants, tax advisors, financial advisors, regulatory bodies, and in connection with financial reporting."", ""type"": 1, ""prob"": 1.0, ""kind"": ""Important"", ""party"": ""releasors_entaire_rosen""}, {""issue"": ""No Remedy Specified for Confidentiality Breach. The confidentiality provision  states the terms shall remain confidential but does not specify any remedy for breach. Without a remedy provision (such as injunctive relief or liquidated damages), a breach of confidentiality could be difficult to enforce in practice. Consider adding that the non-breaching party shall be entitled to seek injunctive relief in addition to any other available remedies."", ""type"": 0, ""prob"": 1.0, ""kind"": ""Notable"", ""party"": ""releasors_entaire_rosen""}]",1
817FSupp2d1357_settlement_and_release_agreement,817 F.Supp.2d 1357,c017,Mutual benefit and payment allocation,NEGATIVE,1.1,westlaw,not_risky,0,0,none,risky_type1,1.0,0.0,1,0,"[{""issue"": ""The fragment `no part of the monetary payment is in` was incomplete and left open whether no part of the monetary payment was in exchange for confidentiality."", ""type"": 1, ""prob"": 1.0, ""kind"": ""Important"", ""party"": ""releasee_american_guarantee""}]",1
817FSupp2d1357_settlement_and_release_agreement,817 F.Supp.2d 1357,c018,Acknowledgment of terms and counsel,NEGATIVE,1.1,westlaw,not_risky,0,0,none,not_risky,0.0,0.0,0,0,"[{""issue"": ""Confidentiality Lacks Remedies for Breach. The confidentiality provision  prohibits disclosure of the settlement terms but provides no remedy for breach—such as injunctive relief, liquidated damages, or an express right to recover attorneys' fees for enforcement. Without a remedies provision, American Guarantee may face difficulty enforcing confidentiality if the Releasors disclose the settlement terms. Additionally, there is no carve-out for disclosures to tax advisors, accountants, or in connection with regulatory filings, which could make the clause impractical."", ""type"": 0, ""prob"": 1.0, ""kind"": ""Important"", ""party"": ""releasee_american_guarantee""}]",1
817FSupp2d1357_settlement_and_release_agreement,817 F.Supp.2d 1357,c019,Governing law,NEGATIVE,1.1,westlaw,not_risky,0,0,none,not_risky,0.0,0.0,0,0,[],1
871FSupp2d671_2005_noncompetition_agreement,871 F.Supp.2d 671,c001,Preamble; Parties,NEGATIVE,1.1,westlaw,not_risky,0,0,none,not_risky,0.0,0.0,0,0,[],1
871FSupp2d671_2005_noncompetition_agreement,871 F.Supp.2d 671,c002,Background A. Stock Purchase,NEGATIVE,1.1,westlaw,not_risky,0,0,none,not_risky,0.0,0.0,0,0,[],1
871FSupp2d671_2005_noncompetition_agreement,871 F.Supp.2d 671,c003,Background B. Execution Condition,NEGATIVE,1.1,westlaw,not_risky,0,0,none,not_risky,0.0,0.0,0,0,[],1
871FSupp2d671_2005_noncompetition_agreement,871 F.Supp.2d 671,c004,Background C. Incorporated Definitions,NEGATIVE,1.1,westlaw,not_risky,0,0,none,not_risky,0.0,0.0,0,0,[],1
871FSupp2d671_2005_noncompetition_agreement,871 F.Supp.2d 671,c005,1(A). Business,NEGATIVE,1.1,westlaw,not_risky,0,0,none,risky_type1,1.0,0.0,1,0,"[{""issue"": ""The definition of “Business,” including the phrase “hospitals and physicians in the United States,” left open whether it reached services for other healthcare providers or new service lines."", ""type"": 1, ""prob"": 1.0, ""kind"": ""Notable"", ""party"": ""company_ajuba""}]",1
871FSupp2d671_2005_noncompetition_agreement,871 F.Supp.2d 671,c006,1(B). Company,NEGATIVE,1.1,westlaw,not_risky,0,0,none,risky_type1,1.0,0.0,1,0,"[{""issue"": ""Assignment Rights Too Narrow for Company. The successors and assigns provision  allows the Company to assign its rights only to an \""affiliate\"" without the other party's consent. This is too restrictive — in a sale of the business, merger, or change-of-control transaction, the Company should be able to assign this noncompete to the acquirer without needing the Shareholder's consent."", ""type"": 0, ""prob"": 1.0, ""kind"": ""Important"", ""party"": ""company_ajuba""}, {""issue"": ""The phrase “at any time after the date of this Agreement” left open whether “Company” reached future, unidentified successors, subsidiaries, and affiliates as the Company grew or was acquired."", ""type"": 1, ""prob"": 1.0, ""kind"": ""Important"", ""party"": ""shareholder_saharia""}]",1
871FSupp2d671_2005_noncompetition_agreement,871 F.Supp.2d 671,c007,1(C). Customer,NEGATIVE,1.1,westlaw,not_risky,0,0,none,risky_type1,1.0,0.0,2,0,"[{""issue"": ""Short Lookback Period for Former Customers. The definition of \""Customer\"" in Section 1(C)  includes entities that were clients during only the six-month period prior to the Agreement. This is a relatively short lookback — customers who left within the preceding 12 or 24 months may still have valuable relationships and information the Shareholder could exploit. From the Company's perspective, extending this to twelve months would better protect against solicitation of recently departed clients."", ""type"": 0, ""prob"": 1.0, ""kind"": ""Notable"", ""party"": ""company_ajuba""}, {""issue"": ""Prospective Client Restriction Weakened by Material Contact Requirement. The definition of \""Customer\"" in Section 1(C)  includes prospective clients actively sought during the twelve months prior to the Agreement, but only those \""with whom the Shareholder had material contact while a shareholder of the Company\"" . The \""material contact\"" qualifier significantly narrows protection — the Shareholder may have knowledge of prospective clients pursued by the Company's sales team even without direct personal contact. From the Company's perspective, removing or softening this qualifier (e.g., \""of which the Shareholder had knowledge\"") would broaden protection."", ""type"": 0, ""prob"": 1.0, ""kind"": ""Notable"", ""party"": ""company_ajuba""}, {""issue"": ""The definition of “Business” left open whether it reached virtually any healthcare revenue cycle management role or only the specific services actually provided by the Company as of the closing date."", ""type"": 1, ""prob"": 1.0, ""kind"": ""Important"", ""party"": ""shareholder_saharia""}, {""issue"": ""The phrase “actively sought” as a prospective client left open which entities pursued by the Buyer qualified, including entities the Shareholder had no way to know were being pursued."", ""type"": 1, ""prob"": 1.0, ""kind"": ""Notable"", ""party"": ""shareholder_saharia""}]",1
871FSupp2d671_2005_noncompetition_agreement,871 F.Supp.2d 671,c008,1(D). Restricted Period,NEGATIVE,1.1,westlaw,not_risky,0,0,none,not_risky,0.0,0.0,0,0,[],1
871FSupp2d671_2005_noncompetition_agreement,871 F.Supp.2d 671,c009,1(E). Restricted Area,NEGATIVE,1.1,westlaw,not_risky,0,0,none,not_risky,0.0,0.0,0,0,[],1
871FSupp2d671_2005_noncompetition_agreement,871 F.Supp.2d 671,c010,2(A). Non-Competition; Non-Solicitation,NEGATIVE,1.1,westlaw,not_risky,0,0,none,risky_type1,1.0,0.0,2,0,"[{""issue"": ""Passive Investment Threshold Too High. The carve-out for passive investments permits the Shareholder to hold up to 2% of a publicly traded corporation's outstanding capital stock . For a large-cap competitor, a 2% stake could represent a substantial financial interest and potential influence. From the Company's perspective, this threshold should be reduced to 1% (or even less) to minimize the risk that the Shareholder gains meaningful involvement with a competitor through a public equity position."", ""type"": 0, ""prob"": 1.0, ""kind"": ""Minor"", ""party"": ""company_ajuba""}, {""issue"": ""Employee Non-Solicit Missing Independent Contractors. The employee non-solicitation provision in Section 2(A)(3)  restricts the Shareholder from soliciting \""employee, sales agent, or consultant\"" of the Company but does not expressly cover independent contractors. Many key service providers in healthcare claims processing may be classified as independent contractors. The Company should broaden this coverage."", ""type"": 0, ""prob"": 1.0, ""kind"": ""Minor"", ""party"": ""company_ajuba""}, {""issue"": ""Passive Investment Threshold Too Low at 2%. The non-compete carve-out for passive investments  only permits holding less than 2% of a publicly traded corporation. This is below market standard, which typically allows up to 5%. The threshold should be increased to better protect Saharia's investment flexibility."", ""type"": 0, ""prob"": 1.0, ""kind"": ""Notable"", ""party"": ""shareholder_saharia""}, {""issue"": ""The phrase “the United States, its territories and protectorates” left open whether the Restricted Area reached states where the Company did not conduct business or have customers."", ""type"": 1, ""prob"": 1.0, ""kind"": ""Notable"", ""party"": ""shareholder_saharia""}, {""issue"": ""The phrase “directly or indirectly in the Restricted Area” left open whether work performed in India that touched U.S. customers fell within the restriction."", ""type"": 1, ""prob"": 1.0, ""kind"": ""Important"", ""party"": ""shareholder_saharia""}]",1
871FSupp2d671_2005_noncompetition_agreement,871 F.Supp.2d 671,c011,2(B). Reasonableness and Enforceability,NEGATIVE,1.1,westlaw,not_risky,0,0,none,not_risky,0.0,0.0,0,0,"[{""issue"": ""No Tolling Provision for Breach Period. The Restricted Period is defined as three years from the Agreement date , but there is no tolling provision. Without tolling, the Shareholder could violate the non-compete and simply run out the clock. From the Company's perspective, a tolling clause should be added so that the Restricted Period is extended by the duration of any breach."", ""type"": 0, ""prob"": 1.0, ""kind"": ""Important"", ""party"": ""company_ajuba""}, {""issue"": ""Judicial Modification Clause Encourages Overreach. The blue-pencil / judicial reformation provision  invites the court to narrow overly broad restrictions rather than strike them. This incentivizes the Company to draft aggressively broad restrictions knowing a court will simply trim them to what is enforceable. From Saharia's perspective, if a provision is found unreasonable, it should be void rather than reformed."", ""type"": 0, ""prob"": 1.0, ""kind"": ""Notable"", ""party"": ""shareholder_saharia""}, {""issue"": ""Pre-Negotiated Acknowledgment of Reasonableness. Section 2(B)  contains a pre-negotiated acknowledgment that the restrictions \""are reasonable in scope and duration.\"" This language weakens Saharia's ability to later argue the restrictions are unreasonable if challenged in court. Consider removing \""and agrees\"" so this is merely an acknowledgment rather than a binding concession."", ""type"": 0, ""prob"": 1.0, ""kind"": ""Minor"", ""party"": ""shareholder_saharia""}, {""issue"": ""Court Directed to Enforce Restrictions to \""Fullest Extent\"". Section 2(B)  states \""It is the intention of the Parties that a court shall enforce these restrictions to the fullest extent permitted by law.\"" This provision directs courts to maximize enforcement against Saharia. From Saharia's perspective, the agreement should not include language that advocates for the broadest possible enforcement of restrictions against him."", ""type"": 0, ""prob"": 1.0, ""kind"": ""Minor"", ""party"": ""shareholder_saharia""}]",1
871FSupp2d671_2005_noncompetition_agreement,871 F.Supp.2d 671,c012,2(C). Equitable Relief,NEGATIVE,1.1,westlaw,not_risky,0,0,none,not_risky,0.0,0.0,0,0,"[{""issue"": ""Injunctive Relief Without Bond Requirement. Section 2(C)  waives the bond requirement for injunctive relief. This is unfavorable to Saharia because a bond protects the restrained party from damages if an injunction is later found to have been wrongly granted. The bond waiver should be removed."", ""type"": 0, ""prob"": 1.0, ""kind"": ""Notable"", ""party"": ""shareholder_saharia""}]",1
871FSupp2d671_2005_noncompetition_agreement,871 F.Supp.2d 671,c013,3(A). Confidentiality,NEGATIVE,1.1,westlaw,not_risky,0,0,none,risky_type1,1.0,0.0,2,0,"[{""issue"": ""The phrase “an adequate opportunity to interpose an objection” left open what period and form of notice counted as “adequate.”"", ""type"": 1, ""prob"": 1.0, ""kind"": ""Notable"", ""party"": ""company_ajuba""}, {""issue"": ""The term “Confidential Information” left open whether the obligation applying “at any time, either during or subsequent to the Restricted Period” reached non-trade-secret information, including price lists, sales figures, and billing procedures, without time limitation."", ""type"": 1, ""prob"": 1.0, ""kind"": ""Notable"", ""party"": ""shareholder_saharia""}]",1
871FSupp2d671_2005_noncompetition_agreement,871 F.Supp.2d 671,c014,3(B). Confidentiality Remedies and Survival,NEGATIVE,1.1,westlaw,not_risky,0,0,none,not_risky,0.0,0.0,0,0,"[{""issue"": ""No Return or Destruction of Confidential Information. The confidentiality provision in Section 3  prohibits the Shareholder from disclosing or using Confidential Information but does not impose any obligation to return or destroy Confidential Information in the Shareholder's possession. From the Company's perspective, including a return/destruction obligation would strengthen protection. Consider adding a sentence at the end of Section 3(A) requiring the Shareholder to return or certify destruction of all Confidential Information upon the Company's request."", ""type"": 0, ""prob"": 1.0, ""kind"": ""Notable"", ""party"": ""company_ajuba""}, {""issue"": ""Confidentiality Bond Waiver (Section 3). Similar to Section 2(C), the confidentiality enforcement provision  also waives the bond requirement for equitable relief. This is unfavorable to Saharia and should be removed for the same reasons."", ""type"": 0, ""prob"": 1.0, ""kind"": ""Minor"", ""party"": ""shareholder_saharia""}]",1
871FSupp2d671_2005_noncompetition_agreement,871 F.Supp.2d 671,c015,4. No Disparagement,NEGATIVE,1.1,westlaw,not_risky,0,0,none,risky_type1,1.0,1.0,1,1,"[{""issue"": ""The phrase “except as part of any dispute resolution proceeding” was open to reading as covering public statements made simply because a dispute existed or as covering only testimony, filings, and submissions within proceedings."", ""type"": 1, ""prob"": 1.0, ""kind"": ""Notable"", ""party"": ""company_ajuba""}, {""issue"": ""No Prevailing Party Attorney's Fees. The remedies provision in Section 2(C)  entitles the Company to injunctive relief but does not address recovery of attorney's fees and costs incurred in enforcement. Adding fee-shifting would strengthen the Company's position and deter the Shareholder from contesting enforcement."", ""type"": 0, ""prob"": 1.0, ""kind"": ""Notable"", ""party"": ""company_ajuba""}, {""issue"": ""Section 3(B)’s statement that the confidentiality provisions “shall survive the termination of this Agreement” had to be read against Section 3(A)’s requirement applying “at any time, either during or subsequent to the Restricted Period” to determine how long the confidentiality obligation survived."", ""type"": 2, ""prob"": 1.0, ""kind"": ""Minor"", ""party"": ""company_ajuba""}, {""issue"": ""Mutual Non-Disparagement May Limit Company's Legitimate Communications. The no-disparagement clause in Section 4  is fully mutual. This could limit the Company's ability to make truthful statements in the ordinary course of business — for example, explaining to clients or employees why the Shareholder is no longer involved. Consider carving out truthful statements made in the ordinary course of business or as required by law."", ""type"": 0, ""prob"": 1.0, ""kind"": ""Minor"", ""party"": ""company_ajuba""}, {""issue"": ""Non-Disparagement Applies Indefinitely and Only Benefits Company. The no-disparagement clause  applies \""indefinitely\"" after the Agreement ends. While it is stated as mutual (\""no Party shall disparage\""), in practice this primarily constrains Saharia, as the Company is the entity with ongoing business interests. Consider adding a reasonable time limitation or ensuring the provision is truly reciprocal by binding the Company's officers and directors."", ""type"": 0, ""prob"": 1.0, ""kind"": ""Minor"", ""party"": ""shareholder_saharia""}]",1
871FSupp2d671_2005_noncompetition_agreement,871 F.Supp.2d 671,c016,5(A). Entire Agreement; Third Party Beneficiaries,NEGATIVE,1.1,westlaw,not_risky,0,0,none,not_risky,0.0,0.0,0,0,"[{""issue"": ""Buyer as Third-Party Beneficiary Expands Enforcement Risk. The third-party beneficiary clause  makes the Buyer a third-party beneficiary, meaning both the Company and the Buyer can independently enforce the non-compete against Saharia. This creates dual enforcement exposure. Consider removing this provision or clarifying that the Buyer's rights are subject to the same limitations and defenses."", ""type"": 0, ""prob"": 1.0, ""kind"": ""Minor"", ""party"": ""shareholder_saharia""}]",1
871FSupp2d671_2005_noncompetition_agreement,871 F.Supp.2d 671,c017,5(B). No Waiver,NEGATIVE,1.1,westlaw,not_risky,0,0,none,not_risky,0.0,0.0,0,0,[],1
871FSupp2d671_2005_noncompetition_agreement,871 F.Supp.2d 671,c018,5(C). Amendment,NEGATIVE,1.1,westlaw,not_risky,0,0,none,not_risky,0.0,0.0,0,0,[],1
871FSupp2d671_2005_noncompetition_agreement,871 F.Supp.2d 671,c019,5(D). Representation,NEGATIVE,1.1,westlaw,not_risky,0,0,none,not_risky,0.0,0.0,0,0,[],1
871FSupp2d671_2005_noncompetition_agreement,871 F.Supp.2d 671,c020,5(E). Governing Law,NEGATIVE,1.1,westlaw,not_risky,0,0,none,not_risky,0.0,0.0,0,0,[],1
871FSupp2d671_2005_noncompetition_agreement,871 F.Supp.2d 671,c021,5(F). Jurisdiction,NEGATIVE,1.1,westlaw,not_risky,0,0,none,risky_type1,1.0,0.0,1,0,"[{""issue"": ""No Waiver of Jury Trial. The governing law and jurisdiction provision in Section 5(E)  does not include a waiver of jury trial. In enforcement actions for noncompetition and confidentiality agreements, a bench trial is generally more favorable to the enforcing party (here, the Company). Adding a mutual waiver of jury trial would benefit the Company."", ""type"": 0, ""prob"": 1.0, ""kind"": ""Notable"", ""party"": ""company_ajuba""}, {""issue"": ""The phrase “served on any party anywhere in the world” left open whether it permitted service without compliance with applicable international service conventions or adequate notice."", ""type"": 1, ""prob"": 1.0, ""kind"": ""Minor"", ""party"": ""shareholder_saharia""}]",1
871FSupp2d671_2005_noncompetition_agreement,871 F.Supp.2d 671,c022,5(G). Successors and Assigns,NEGATIVE,1.1,westlaw,not_risky,0,0,none,not_risky,0.0,0.0,0,0,[],1
871FSupp2d671_2005_noncompetition_agreement,871 F.Supp.2d 671,c023,5(H). Counterparts,NEGATIVE,1.1,westlaw,not_risky,0,0,none,not_risky,0.0,0.0,0,0,[],1
871FSupp2d671_2005_noncompetition_agreement,871 F.Supp.2d 671,c024,5(I). Partial Invalidity,NEGATIVE,1.1,westlaw,not_risky,0,0,none,not_risky,0.0,0.0,0,0,[],1
871FSupp2d671_2005_noncompetition_agreement,871 F.Supp.2d 671,c025,5(J). Notices,NEGATIVE,1.1,westlaw,not_risky,0,0,none,not_risky,0.0,0.0,0,0,"[{""issue"": ""Notice Provision Lacks Email as Delivery Method. The notice provision  permits delivery by courier, mail, and facsimile, but does not include email as an acceptable method of delivery. Facsimile is largely obsolete, and email is the standard modern business communication method. Adding email would ensure the Company can deliver effective notice efficiently."", ""type"": 0, ""prob"": 1.0, ""kind"": ""Minor"", ""party"": ""company_ajuba""}, {""issue"": ""Notice Provision Lacks Email as Delivery Method. The notice provision  only permits delivery by telex, facsimile, courier, or mail. Telex is obsolete and email is not included. Given that Saharia is based in India, email would be the most practical and reliable method of communication. Adding email as an accepted delivery method would modernize the provision and benefit both parties."", ""type"": 0, ""prob"": 1.0, ""kind"": ""Minor"", ""party"": ""shareholder_saharia""}]",1
97FSupp3d548_mortgage_loan_purchase_agreement,97 F.Supp.3d 548,c001,Parties,NEGATIVE,2.2,westlaw,not_risky,0,0,none,not_risky,0.0,0.0,0,0,[],1
97FSupp3d548_mortgage_loan_purchase_agreement,97 F.Supp.3d 548,c002,Sale and intended securitization,NEGATIVE,2.2,westlaw,not_risky,0,0,none,not_risky,0.0,0.0,0,0,[],1
97FSupp3d548_mortgage_loan_purchase_agreement,97 F.Supp.3d 548,c003,Registration Statement and Prospectus definitions,NEGATIVE,2.2,westlaw,not_risky,0,0,none,not_risky,0.0,0.0,0,0,[],1
97FSupp3d548_mortgage_loan_purchase_agreement,97 F.Supp.3d 548,c004,Free Writing Prospectus definition,NEGATIVE,2.2,westlaw,not_risky,0,0,none,not_risky,0.0,0.0,0,0,[],1
97FSupp3d548_mortgage_loan_purchase_agreement,97 F.Supp.3d 548,c005,Prospectus Supplement definition,NEGATIVE,2.2,westlaw,not_risky,0,0,none,not_risky,0.0,0.0,0,0,[],1
97FSupp3d548_mortgage_loan_purchase_agreement,97 F.Supp.3d 548,c006,Underwriting Agreement definition,NEGATIVE,2.2,westlaw,not_risky,0,0,none,not_risky,0.0,0.0,0,0,[],1
97FSupp3d548_mortgage_loan_purchase_agreement,97 F.Supp.3d 548,c007,SECTION 1. Definitions,NEGATIVE,2.2,westlaw,not_risky,0,0,none,not_risky,0.0,0.0,0,0,[],1
97FSupp3d548_mortgage_loan_purchase_agreement,97 F.Supp.3d 548,c008,Aames Capital Mortgage Loans definition,NEGATIVE,2.2,westlaw,not_risky,0,0,none,not_risky,0.0,0.0,0,0,[],1
97FSupp3d548_mortgage_loan_purchase_agreement,97 F.Supp.3d 548,c009,"Accredited Assignment, Assumption and Recognition Agreement definition",NEGATIVE,2.2,westlaw,not_risky,0,0,none,not_risky,0.0,0.0,0,0,[],1
97FSupp3d548_mortgage_loan_purchase_agreement,97 F.Supp.3d 548,c010,Accredited Mortgage Loans definition,NEGATIVE,2.2,westlaw,not_risky,0,0,none,not_risky,0.0,0.0,0,0,[],1
97FSupp3d548_mortgage_loan_purchase_agreement,97 F.Supp.3d 548,c011,Acquisition Price definition,NEGATIVE,2.2,westlaw,not_risky,0,0,none,risky_type1,1.0,0.0,1,0,"[{""issue"": ""The blank dollar figures in the “Acquisition Price” definition left unsettled the consideration and accrued interest payable for the EMC and MSMCH Mortgage Loans."", ""type"": 1, ""prob"": 1.0, ""kind"": ""Important"", ""party"": ""purchaser_bear_stearns""}]",1
97FSupp3d548_mortgage_loan_purchase_agreement,97 F.Supp.3d 548,c012,Aegis Mortgage Loans definition,NEGATIVE,2.2,westlaw,not_risky,0,0,none,not_risky,0.0,0.0,0,0,[],1
97FSupp3d548_mortgage_loan_purchase_agreement,97 F.Supp.3d 548,c013,Closing Date definition,NEGATIVE,2.2,westlaw,not_risky,0,0,none,not_risky,0.0,0.0,0,0,[],1
97FSupp3d548_mortgage_loan_purchase_agreement,97 F.Supp.3d 548,c014,Covered Loan definition,NEGATIVE,2.2,westlaw,not_risky,0,0,none,not_risky,0.0,0.0,0,0,[],1
97FSupp3d548_mortgage_loan_purchase_agreement,97 F.Supp.3d 548,c015,Cut-off Date definition,NEGATIVE,2.2,westlaw,not_risky,0,0,none,not_risky,0.0,0.0,0,0,[],1
97FSupp3d548_mortgage_loan_purchase_agreement,97 F.Supp.3d 548,c016,Cut-off Date Balance definition,NEGATIVE,2.2,westlaw,not_risky,0,0,none,not_risky,0.0,0.0,0,0,[],1
97FSupp3d548_mortgage_loan_purchase_agreement,97 F.Supp.3d 548,c017,Deleted Mortgage Loan definition,NEGATIVE,2.2,westlaw,not_risky,0,0,none,not_risky,0.0,0.0,0,0,[],1
97FSupp3d548_mortgage_loan_purchase_agreement,97 F.Supp.3d 548,c018,Decision One Mortgage Loans definition,NEGATIVE,2.2,westlaw,not_risky,0,0,none,not_risky,0.0,0.0,0,0,[],1
97FSupp3d548_mortgage_loan_purchase_agreement,97 F.Supp.3d 548,c019,Deutsche Bank Custodial Agreement definition,NEGATIVE,2.2,westlaw,not_risky,0,0,none,not_risky,0.0,0.0,0,0,[],1
97FSupp3d548_mortgage_loan_purchase_agreement,97 F.Supp.3d 548,c020,Due Date definition,NEGATIVE,2.2,westlaw,not_risky,0,0,none,not_risky,0.0,0.0,0,0,[],1
97FSupp3d548_mortgage_loan_purchase_agreement,97 F.Supp.3d 548,c021,EMC Mortgage Loans definition,NEGATIVE,2.2,westlaw,not_risky,0,0,none,not_risky,0.0,0.0,0,0,[],1
97FSupp3d548_mortgage_loan_purchase_agreement,97 F.Supp.3d 548,c022,First NLC Mortgage Loans definition,NEGATIVE,2.2,westlaw,not_risky,0,0,none,not_risky,0.0,0.0,0,0,[],1
97FSupp3d548_mortgage_loan_purchase_agreement,97 F.Supp.3d 548,c023,Fremont Mortgage Loans definition,NEGATIVE,2.2,westlaw,not_risky,0,0,none,not_risky,0.0,0.0,0,0,[],1
97FSupp3d548_mortgage_loan_purchase_agreement,97 F.Supp.3d 548,c024,High Cost Loan definition,NEGATIVE,2.2,westlaw,not_risky,0,0,none,not_risky,0.0,0.0,0,0,[],1
97FSupp3d548_mortgage_loan_purchase_agreement,97 F.Supp.3d 548,c025,MERS definition,NEGATIVE,2.2,westlaw,not_risky,0,0,none,not_risky,0.0,0.0,0,0,[],1
97FSupp3d548_mortgage_loan_purchase_agreement,97 F.Supp.3d 548,c026,MERS® System definition,NEGATIVE,2.2,westlaw,not_risky,0,0,none,not_risky,0.0,0.0,0,0,[],1
97FSupp3d548_mortgage_loan_purchase_agreement,97 F.Supp.3d 548,c027,Meritage Mortgage Loans definition,NEGATIVE,2.2,westlaw,not_risky,0,0,none,not_risky,0.0,0.0,0,0,[],1
97FSupp3d548_mortgage_loan_purchase_agreement,97 F.Supp.3d 548,c028,MILA Mortgage Loans definition,NEGATIVE,2.2,westlaw,not_risky,0,0,none,not_risky,0.0,0.0,0,0,[],1
97FSupp3d548_mortgage_loan_purchase_agreement,97 F.Supp.3d 548,c029,Moody’s definition,NEGATIVE,2.2,westlaw,not_risky,0,0,none,not_risky,0.0,0.0,0,0,[],1
97FSupp3d548_mortgage_loan_purchase_agreement,97 F.Supp.3d 548,c030,Mortgage definition,NEGATIVE,2.2,westlaw,not_risky,0,0,none,not_risky,0.0,0.0,0,0,[],1
97FSupp3d548_mortgage_loan_purchase_agreement,97 F.Supp.3d 548,c031,Mortgage File definition,NEGATIVE,2.2,westlaw,not_risky,0,0,none,not_risky,0.0,0.0,0,0,[],1
97FSupp3d548_mortgage_loan_purchase_agreement,97 F.Supp.3d 548,c032,Mortgage Loan definition,NEGATIVE,2.2,westlaw,not_risky,0,0,none,not_risky,0.0,0.0,0,0,[],1
97FSupp3d548_mortgage_loan_purchase_agreement,97 F.Supp.3d 548,c033,Mortgage Loan Schedule definition,NEGATIVE,2.2,westlaw,not_risky,0,0,none,risky_type1,1.0,0.0,1,0,"[{""issue"": ""The phrase “the Mortgage Loan is has a balloon payment” contained a grammatical error that left the intended meaning of item (29) uncertain."", ""type"": 1, ""prob"": 1.0, ""kind"": ""Minor"", ""party"": ""purchaser_bear_stearns""}]",1
97FSupp3d548_mortgage_loan_purchase_agreement,97 F.Supp.3d 548,c034,Mortgage Rate definition,NEGATIVE,2.2,westlaw,not_risky,0,0,none,not_risky,0.0,0.0,0,0,[],1
97FSupp3d548_mortgage_loan_purchase_agreement,97 F.Supp.3d 548,c035,Mortgagor definition,NEGATIVE,2.2,westlaw,not_risky,0,0,none,not_risky,0.0,0.0,0,0,[],1
97FSupp3d548_mortgage_loan_purchase_agreement,97 F.Supp.3d 548,c036,MSMCH Mortgage Loans definition,NEGATIVE,2.2,westlaw,not_risky,0,0,none,not_risky,0.0,0.0,0,0,[],1
97FSupp3d548_mortgage_loan_purchase_agreement,97 F.Supp.3d 548,c037,MSMCH Represented Mortgage Loans definition,NEGATIVE,2.2,westlaw,not_risky,0,0,none,risky_type1,1.0,0.0,1,0,"[{""issue"": ""The enumerated originator list in the definition of “MSMCH Represented Mortgage Loans” left open whether it reached loans originated by WMC Mortgage Corp. and Meritage Mortgage Corporation."", ""type"": 1, ""prob"": 1.0, ""kind"": ""Important"", ""party"": ""purchaser_bear_stearns""}]",1
97FSupp3d548_mortgage_loan_purchase_agreement,97 F.Supp.3d 548,c038,Net Mortgage Rate definition,NEGATIVE,2.2,westlaw,not_risky,0,0,none,not_risky,0.0,0.0,0,0,[],1
97FSupp3d548_mortgage_loan_purchase_agreement,97 F.Supp.3d 548,c039,New Century Mortgage Loans definition,NEGATIVE,2.2,westlaw,not_risky,0,0,none,risky_type2,0.0,1.0,0,1,"[{""issue"": ""The “Net Mortgage Rate” definition had to be read against item (23) of the “Mortgage Loan Schedule” definition to determine whether the Master Servicing Fee Rate was deducted from the Mortgage Rate."", ""type"": 2, ""prob"": 1.0, ""kind"": ""Notable"", ""party"": ""purchaser_bear_stearns""}]",1
97FSupp3d548_mortgage_loan_purchase_agreement,97 F.Supp.3d 548,c040,Opinion of Counsel definition,NEGATIVE,2.2,westlaw,not_risky,0,0,none,not_risky,0.0,0.0,0,0,[],1
97FSupp3d548_mortgage_loan_purchase_agreement,97 F.Supp.3d 548,c041,Option One Mortgage Loans definition,NEGATIVE,2.2,westlaw,not_risky,0,0,none,not_risky,0.0,0.0,0,0,[],1
97FSupp3d548_mortgage_loan_purchase_agreement,97 F.Supp.3d 548,c042,Person definition,NEGATIVE,2.2,westlaw,not_risky,0,0,none,not_risky,0.0,0.0,0,0,[],1
97FSupp3d548_mortgage_loan_purchase_agreement,97 F.Supp.3d 548,c043,Piggyback Loan definition,NEGATIVE,2.2,westlaw,not_risky,0,0,none,not_risky,0.0,0.0,0,0,[],1
97FSupp3d548_mortgage_loan_purchase_agreement,97 F.Supp.3d 548,c044,Purchase Price definition,NEGATIVE,2.2,westlaw,not_risky,0,0,none,risky_type1,1.0,0.0,1,0,"[{""issue"": ""The phrase “any costs and damages (if any)” left open whether all anti-predatory lending costs and damages were included without a cap or a requirement that they be reasonable, documented, and actually incurred."", ""type"": 1, ""prob"": 1.0, ""kind"": ""Notable"", ""party"": ""sellers_emc_morgan_stanley""}]",1
97FSupp3d548_mortgage_loan_purchase_agreement,97 F.Supp.3d 548,c045,Rating Agencies definition,NEGATIVE,2.2,westlaw,not_risky,0,0,none,not_risky,0.0,0.0,0,0,[],1
97FSupp3d548_mortgage_loan_purchase_agreement,97 F.Supp.3d 548,c046,Replacement Mortgage Loan definition,NEGATIVE,2.2,westlaw,not_risky,0,0,none,risky_type1,1.0,0.0,2,0,"[{""issue"": ""The phrase “costs and damages (if any) incurred by the Purchaser in connection with any violation of such Mortgage Loan of any anti-predatory lending laws” left open whether it reached costs and damages incurred by the Trust, Trustee, or Certificateholders and violations beyond anti-predatory lending laws."", ""type"": 1, ""prob"": 1.0, ""kind"": ""Notable"", ""party"": ""purchaser_bear_stearns""}, {""issue"": ""The phrase “meet on the date of such substitution the requirements stated herein” left open which requirements a Replacement Mortgage Loan had to satisfy."", ""type"": 1, ""prob"": 1.0, ""kind"": ""Important"", ""party"": ""purchaser_bear_stearns""}]",1
97FSupp3d548_mortgage_loan_purchase_agreement,97 F.Supp.3d 548,c047,Standard & Poor’s definition,NEGATIVE,2.2,westlaw,not_risky,0,0,none,not_risky,0.0,0.0,0,0,[],1
97FSupp3d548_mortgage_loan_purchase_agreement,97 F.Supp.3d 548,c048,Underlying EMC Purchase Agreement definition,NEGATIVE,2.2,westlaw,not_risky,0,0,none,not_risky,0.0,0.0,0,0,[],1
97FSupp3d548_mortgage_loan_purchase_agreement,97 F.Supp.3d 548,c049,Value definition,NEGATIVE,2.2,westlaw,not_risky,0,0,none,not_risky,0.0,0.0,0,0,[],1
97FSupp3d548_mortgage_loan_purchase_agreement,97 F.Supp.3d 548,c050,Wells Fargo definition,NEGATIVE,2.2,westlaw,not_risky,0,0,none,not_risky,0.0,0.0,0,0,[],1
97FSupp3d548_mortgage_loan_purchase_agreement,97 F.Supp.3d 548,c051,Wells Fargo Custodial Agreement definition,NEGATIVE,2.2,westlaw,not_risky,0,0,none,not_risky,0.0,0.0,0,0,[],1
97FSupp3d548_mortgage_loan_purchase_agreement,97 F.Supp.3d 548,c052,Wilmington Finance Mortgage Loans definition,NEGATIVE,2.2,westlaw,not_risky,0,0,none,not_risky,0.0,0.0,0,0,[],1
97FSupp3d548_mortgage_loan_purchase_agreement,97 F.Supp.3d 548,c053,WMC Mortgage Loans definition,NEGATIVE,2.2,westlaw,not_risky,0,0,none,not_risky,0.0,0.0,0,0,[],1
97FSupp3d548_mortgage_loan_purchase_agreement,97 F.Supp.3d 548,c054,SECTION 2(a). Purchase and Sale,NEGATIVE,2.2,westlaw,not_risky,0,0,none,not_risky,0.0,0.0,0,0,[],1
97FSupp3d548_mortgage_loan_purchase_agreement,97 F.Supp.3d 548,c055,SECTION 2(b). Closing location,NEGATIVE,2.2,westlaw,not_risky,0,0,none,not_risky,0.0,0.0,0,0,"[{""issue"": ""Closing Location Determined Solely at Purchaser's Counsel Office. Section 2(b)  provides that the closing \""will take place on the Closing Date at the office of the Purchaser's counsel in New York, New York or such other place as the parties shall agree.\"" While the alternative allows agreement, the default location is the Purchaser's counsel's office. This is a minor point but worth noting — the default should ideally be a neutral location or mutually agreed location."", ""type"": 0, ""prob"": 1.0, ""kind"": ""Minor"", ""party"": ""sellers_emc_morgan_stanley""}]",1
97FSupp3d548_mortgage_loan_purchase_agreement,97 F.Supp.3d 548,c056,SECTION 2(c). Acquisition Price payment,NEGATIVE,2.2,westlaw,not_risky,0,0,none,not_risky,0.0,0.0,0,0,[],1
97FSupp3d548_mortgage_loan_purchase_agreement,97 F.Supp.3d 548,c057,SECTION 3. Mortgage Loan Schedule,NEGATIVE,2.2,westlaw,not_risky,0,0,none,not_risky,0.0,0.0,0,0,[],1
97FSupp3d548_mortgage_loan_purchase_agreement,97 F.Supp.3d 548,c058,SECTION 4(a). Payment entitlements,NEGATIVE,2.2,westlaw,not_risky,0,0,none,not_risky,0.0,0.0,0,0,[],1
97FSupp3d548_mortgage_loan_purchase_agreement,97 F.Supp.3d 548,c059,SECTION 4(b). Transfer and Mortgage Files,NEGATIVE,2.2,westlaw,not_risky,0,0,none,risky_type1,1.0,0.0,1,0,"[{""issue"": ""Recording Costs Allocated Solely to EMC. Section 6(a)  provides that all recording fees and expenses for assignments of mortgage shall be borne by EMC alone, even though MSMCH is also a Mortgage Loan Seller with its own mortgage loans. This is inconsistent with the structure of the Agreement where both EMC and MSMCH sell loans. As the Purchaser, it is important that each Seller bear its own recording costs to ensure MSMCH has proper incentive to complete recordings. The provision should allocate costs to the applicable Mortgage Loan Seller."", ""type"": 0, ""prob"": 1.0, ""kind"": ""Notable"", ""party"": ""purchaser_bear_stearns""}, {""issue"": ""The phrase “borne by EMC” left open who bore recording costs attributable to MSMCH Mortgage Loans when the recording obligation applied to “EMC or MSMCH, as applicable.”"", ""type"": 1, ""prob"": 1.0, ""kind"": ""Minor"", ""party"": ""sellers_emc_morgan_stanley""}]",1
97FSupp3d548_mortgage_loan_purchase_agreement,97 F.Supp.3d 548,c060,SECTION 4(c). MERS assignments,NEGATIVE,2.2,westlaw,not_risky,0,0,none,risky_type1,1.0,0.0,1,0,"[{""issue"": ""MERS Update Expense Only at EMC's Cost. Section 4(c)  provides that EMC or MSMCH will cause the MERS® System to be updated within 30 days after Closing, but specifies that this will be done \""at EMC's own expense\"" even when MSMCH is the applicable party. This should be revised so that each Mortgage Loan Seller bears its own expense for updating MERS records for its respective loans, to ensure the obligation is properly allocated."", ""type"": 0, ""prob"": 1.0, ""kind"": ""Notable"", ""party"": ""purchaser_bear_stearns""}, {""issue"": ""The combination of “EMC or MSMCH, as applicable” and “at EMC’s own expense” left open whether EMC bore the expense when MSMCH performed the MERS update for MSMCH Mortgage Loans."", ""type"": 1, ""prob"": 1.0, ""kind"": ""Notable"", ""party"": ""sellers_emc_morgan_stanley""}]",1
97FSupp3d548_mortgage_loan_purchase_agreement,97 F.Supp.3d 548,c061,SECTION 5(a). Examination of Mortgage Files,NEGATIVE,2.2,westlaw,not_risky,0,0,none,not_risky,0.0,0.0,0,0,"[{""issue"": ""Broad Information Access Without Confidentiality Protection. Section 5(a)  requires each Mortgage Loan Seller to provide information and make Mortgage Files available to investors and prospective investors without any confidentiality protections. MSMCH should ensure prospective investors are bound by appropriate confidentiality obligations before receiving sensitive loan-level information."", ""type"": 0, ""prob"": 1.0, ""kind"": ""Minor"", ""party"": ""sellers_emc_morgan_stanley""}]",1
97FSupp3d548_mortgage_loan_purchase_agreement,97 F.Supp.3d 548,c062,SECTION 5(b). Substitution and release,NEGATIVE,2.2,westlaw,not_risky,0,0,none,not_risky,0.0,0.0,0,0,[],1
97FSupp3d548_mortgage_loan_purchase_agreement,97 F.Supp.3d 548,c063,SECTION 6(a). Recordation,NEGATIVE,2.2,westlaw,not_risky,0,0,none,risky_type1,1.0,0.0,3,0,"[{""issue"": ""The two recording triggers both numbered “(iv)” left their sequential identification and the scope of the enumerated triggers uncertain."", ""type"": 1, ""prob"": 1.0, ""kind"": ""Notable"", ""party"": ""purchaser_bear_stearns""}, {""issue"": ""The gap between “at no expense to” and “Certificates evidencing Percentage Interests” omitted text identifying the expense bearer and the beginning of the recording-trigger list."", ""type"": 1, ""prob"": 1.0, ""kind"": ""Important"", ""party"": ""sellers_emc_morgan_stanley""}, {""issue"": ""The two recording triggers both numbered “(iv)” left their sequential identification and the scope of the enumerated triggers uncertain."", ""type"": 1, ""prob"": 1.0, ""kind"": ""Notable"", ""party"": ""sellers_emc_morgan_stanley""}]",1
97FSupp3d548_mortgage_loan_purchase_agreement,97 F.Supp.3d 548,c064,SECTION 6(b). Sale and security interest,NEGATIVE,2.2,westlaw,not_risky,0,0,none,risky_type1,1.0,0.0,2,0,"[{""issue"": ""The reference to “Section 9-305 (or comparable provision)” used the former UCC section number rather than the revised Section 9-313, leaving the statutory reference for perfection by possession inaccurate."", ""type"": 1, ""prob"": 1.0, ""kind"": ""Notable"", ""party"": ""purchaser_bear_stearns""}, {""issue"": ""The reference to “Section 9-305 (or comparable provision)” used the former UCC section number rather than revised Section 9-313, leaving the statutory reference for perfection by possession or delivery inaccurate."", ""type"": 1, ""prob"": 1.0, ""kind"": ""Minor"", ""party"": ""sellers_emc_morgan_stanley""}]",1
97FSupp3d548_mortgage_loan_purchase_agreement,97 F.Supp.3d 548,c065,SECTION 7(a). EMC organization,NEGATIVE,2.2,westlaw,not_risky,0,0,none,not_risky,0.0,0.0,0,0,[],1
97FSupp3d548_mortgage_loan_purchase_agreement,97 F.Supp.3d 548,c066,SECTION 7(b). EMC power,NEGATIVE,2.2,westlaw,not_risky,0,0,none,not_risky,0.0,0.0,0,0,[],1
97FSupp3d548_mortgage_loan_purchase_agreement,97 F.Supp.3d 548,c067,SECTION 7(c). EMC authorization and conflicts,NEGATIVE,2.2,westlaw,not_risky,0,0,none,not_risky,0.0,0.0,0,0,[],1
97FSupp3d548_mortgage_loan_purchase_agreement,97 F.Supp.3d 548,c068,SECTION 7(d). EMC governmental consents,NEGATIVE,2.2,westlaw,not_risky,0,0,none,not_risky,0.0,0.0,0,0,[],1
97FSupp3d548_mortgage_loan_purchase_agreement,97 F.Supp.3d 548,c069,SECTION 7(e). EMC enforceability,NEGATIVE,2.2,westlaw,not_risky,0,0,none,not_risky,0.0,0.0,0,0,[],1
97FSupp3d548_mortgage_loan_purchase_agreement,97 F.Supp.3d 548,c070,SECTION 7(f). EMC litigation,NEGATIVE,2.2,westlaw,not_risky,0,0,none,risky_type1,1.0,0.0,1,0,"[{""issue"": ""The words “EMC not in default” omitted “is,” leaving the purported affirmative representation grammatically incomplete."", ""type"": 1, ""prob"": 1.0, ""kind"": ""Notable"", ""party"": ""purchaser_bear_stearns""}]",1
97FSupp3d548_mortgage_loan_purchase_agreement,97 F.Supp.3d 548,c071,SECTION 7(g). Mortgage Loan Seller’s Information,NEGATIVE,2.2,westlaw,not_risky,0,0,none,not_risky,0.0,0.0,0,0,"[{""issue"": ""MSMCH Missing Information Accuracy Representation. Section 7(g)  requires EMC to represent that its \""Mortgage Loan Seller's Information\"" does not contain untrue statements or material omissions. However, the parallel MSMCH representations in Section 9  contain no equivalent representation. Given the SEC registration context and securities law liability risk, the Purchaser should require MSMCH to provide an identical information accuracy representation. This gap could leave the Purchaser exposed if MSMCH's contributed information is inaccurate."", ""type"": 0, ""prob"": 1.0, ""kind"": ""Important"", ""party"": ""purchaser_bear_stearns""}]",1
97FSupp3d548_mortgage_loan_purchase_agreement,97 F.Supp.3d 548,c072,SECTION 8(a). EMC ownership of loans,NEGATIVE,2.2,westlaw,not_risky,0,0,none,not_risky,0.0,0.0,0,0,[],1
97FSupp3d548_mortgage_loan_purchase_agreement,97 F.Supp.3d 548,c073,SECTION 9(a). MSMCH organization,NEGATIVE,2.2,westlaw,not_risky,0,0,none,not_risky,0.0,0.0,0,0,[],1
97FSupp3d548_mortgage_loan_purchase_agreement,97 F.Supp.3d 548,c074,SECTION 9(b). MSMCH power,NEGATIVE,2.2,westlaw,not_risky,0,0,none,not_risky,0.0,0.0,0,0,[],1
97FSupp3d548_mortgage_loan_purchase_agreement,97 F.Supp.3d 548,c075,SECTION 9(c). MSMCH authorization and conflicts,NEGATIVE,2.2,westlaw,not_risky,0,0,none,not_risky,0.0,0.0,0,0,[],1
97FSupp3d548_mortgage_loan_purchase_agreement,97 F.Supp.3d 548,c076,SECTION 9(d). MSMCH governmental consents,NEGATIVE,2.2,westlaw,not_risky,0,0,none,not_risky,0.0,0.0,0,0,[],1
97FSupp3d548_mortgage_loan_purchase_agreement,97 F.Supp.3d 548,c077,SECTION 9(e). MSMCH enforceability,NEGATIVE,2.2,westlaw,not_risky,0,0,none,not_risky,0.0,0.0,0,0,[],1
97FSupp3d548_mortgage_loan_purchase_agreement,97 F.Supp.3d 548,c078,SECTION 9(f). MSMCH litigation,NEGATIVE,2.2,westlaw,not_risky,0,0,none,risky_type1,1.0,0.0,1,0,"[{""issue"": ""The phrase “any amendments hereto which may be required by either Rating Agency” left open whether it reached material amendments requested unilaterally by a Rating Agency."", ""type"": 1, ""prob"": 1.0, ""kind"": ""Notable"", ""party"": ""purchaser_bear_stearns""}]",1
97FSupp3d548_mortgage_loan_purchase_agreement,97 F.Supp.3d 548,c079,SECTION 10(a)(1). Schedule accuracy,NEGATIVE,2.2,westlaw,not_risky,0,0,none,not_risky,0.0,0.0,0,0,"[{""issue"": ""EMC Mortgage Loan Representations Significantly Narrower Than MSMCH's. Section 8  contains only a single representation from EMC regarding the EMC Mortgage Loans—an ownership representation in Section 8(a) . By contrast, Section 10 contains 24 detailed representations from MSMCH covering compliance with laws, no defaults, title insurance, appraisals, no predatory lending, and many other critical topics. This creates a significant gap in the Purchaser's protections for EMC Mortgage Loans. The Purchaser should negotiate for EMC to provide comparable representations to those made by MSMCH in Section 10, or at minimum include representations regarding compliance with applicable laws, no High Cost Loans, and absence of defaults. Additionally, Section 8 contains no cure/repurchase/substitution remedy for breach of EMC's representation, unlike the detailed remedy provisions in Section 10 for MSMCH."", ""type"": 0, ""prob"": 1.0, ""kind"": ""Important"", ""party"": ""purchaser_bear_stearns""}]",1
97FSupp3d548_mortgage_loan_purchase_agreement,97 F.Supp.3d 548,c080,SECTION 10(a)(2). Legal compliance,NEGATIVE,2.2,westlaw,not_risky,0,0,none,not_risky,0.0,0.0,0,0,[],1
97FSupp3d548_mortgage_loan_purchase_agreement,97 F.Supp.3d 548,c081,SECTION 10(a)(3). High Cost and Covered Loans,NEGATIVE,2.2,westlaw,not_risky,0,0,none,not_risky,0.0,0.0,0,0,"[{""issue"": ""Absolute Anti-Predatory Lending Representation for All Mortgage Loans. Section 10(a)(3)  provides an absolute representation that \""no Mortgage Loan is covered by the Home Ownership and Equity Protection Act of 1994 and no Mortgage Loan is in violation of any comparable state or local law.\"" This representation applies to all Mortgage Loans (not just MSMCH Represented Mortgage Loans), and is made without any knowledge qualifier. Given the complexity of state and local anti-predatory lending laws across multiple jurisdictions, MSMCH should consider qualifying this with \""to the best of MSMCH's knowledge\"" for the state/local law portion."", ""type"": 0, ""prob"": 1.0, ""kind"": ""Notable"", ""party"": ""sellers_emc_morgan_stanley""}]",1
97FSupp3d548_mortgage_loan_purchase_agreement,97 F.Supp.3d 548,c082,SECTION 10(b)(1). Payment history,NEGATIVE,2.2,westlaw,not_risky,0,0,none,not_risky,0.0,0.0,0,0,[],1
97FSupp3d548_mortgage_loan_purchase_agreement,97 F.Supp.3d 548,c083,SECTION 10(b)(2). No defenses,NEGATIVE,2.2,westlaw,not_risky,0,0,none,risky_type1,1.0,0.0,1,0,"[{""issue"": ""The phrase “is not subject to any right of rescission, set-off, counterclaim or defense” left open whether it reached rights or defenses MSMCH could not verify for loans originated by third parties."", ""type"": 1, ""prob"": 1.0, ""kind"": ""Notable"", ""party"": ""sellers_emc_morgan_stanley""}]",1
97FSupp3d548_mortgage_loan_purchase_agreement,97 F.Supp.3d 548,c084,SECTION 10(b)(3). Hazard insurance,NEGATIVE,2.2,westlaw,not_risky,0,0,none,not_risky,0.0,0.0,0,0,[],1
97FSupp3d548_mortgage_loan_purchase_agreement,97 F.Supp.3d 548,c085,SECTION 10(b)(4). Valid lien,NEGATIVE,2.2,westlaw,not_risky,0,0,none,not_risky,0.0,0.0,0,0,[],1
97FSupp3d548_mortgage_loan_purchase_agreement,97 F.Supp.3d 548,c086,SECTION 10(b)(5). Validity of documents,NEGATIVE,2.2,westlaw,not_risky,0,0,none,risky_type1,1.0,0.0,1,0,"[{""issue"": ""Fraud Representation Qualified by MSMCH's Knowledge. Section 10(b)(5)  represents that no fraud, error, omission, misrepresentation, or negligence has occurred, but qualifies this as to third parties with \""to the knowledge of MSMCH.\"" Given the subprime nature of these mortgage loans and the higher risk of originator fraud, this knowledge qualifier provides limited protection to the Purchaser. The Purchaser should negotiate for a broader representation, at least with respect to fraud at the originator level (e.g., \""to the knowledge of MSMCH after reasonable inquiry\"" or removing the qualifier entirely for fraud)."", ""type"": 0, ""prob"": 1.0, ""kind"": ""Notable"", ""party"": ""purchaser_bear_stearns""}, {""issue"": ""The phrase “to the knowledge of MSMCH” was open to reading “knowledge” as actual knowledge or as including constructive knowledge."", ""type"": 1, ""prob"": 1.0, ""kind"": ""Notable"", ""party"": ""sellers_emc_morgan_stanley""}]",1
97FSupp3d548_mortgage_loan_purchase_agreement,97 F.Supp.3d 548,c087,SECTION 10(b)(6). Title insurance,NEGATIVE,2.2,westlaw,not_risky,0,0,none,not_risky,0.0,0.0,0,0,[],1
97FSupp3d548_mortgage_loan_purchase_agreement,97 F.Supp.3d 548,c088,SECTION 10(b)(7). No defaults,NEGATIVE,2.2,westlaw,not_risky,0,0,none,not_risky,0.0,0.0,0,0,[],1
97FSupp3d548_mortgage_loan_purchase_agreement,97 F.Supp.3d 548,c089,SECTION 10(b)(8). Full disbursement,NEGATIVE,2.2,westlaw,not_risky,0,0,none,not_risky,0.0,0.0,0,0,[],1
97FSupp3d548_mortgage_loan_purchase_agreement,97 F.Supp.3d 548,c090,SECTION 10(b)(9). No mechanics’ liens,NEGATIVE,2.2,westlaw,not_risky,0,0,none,not_risky,0.0,0.0,0,0,[],1
97FSupp3d548_mortgage_loan_purchase_agreement,97 F.Supp.3d 548,c091,SECTION 10(b)(10). Customary provisions,NEGATIVE,2.2,westlaw,not_risky,0,0,none,not_risky,0.0,0.0,0,0,[],1
97FSupp3d548_mortgage_loan_purchase_agreement,97 F.Supp.3d 548,c092,SECTION 10(b)(11). Due-on-sale,NEGATIVE,2.2,westlaw,not_risky,0,0,none,not_risky,0.0,0.0,0,0,[],1
97FSupp3d548_mortgage_loan_purchase_agreement,97 F.Supp.3d 548,c093,SECTION 10(b)(12). Property condition,NEGATIVE,2.2,westlaw,not_risky,0,0,none,risky_type1,1.0,0.0,1,0,"[{""issue"": ""The statements “There is no proceeding pending or, to MSMCH’s knowledge, threatened” and “There have not been any condemnation proceedings” left open whether the latter statement was also qualified by MSMCH’s knowledge."", ""type"": 1, ""prob"": 1.0, ""kind"": ""Minor"", ""party"": ""purchaser_bear_stearns""}, {""issue"": ""Absolute Representation That Each Property Is \""In Good Repair\"". Section 10(b)(12)  includes an absolute representation that \""each Mortgaged Property is in good repair.\"" This is an unusually strong representation for a mortgage loan seller to make, particularly for a pool of subprime loans where MSMCH may not have inspected each property. MSMCH should qualify this to \""to MSMCH's knowledge\"" or \""as of the date of origination\"" to limit liability for post-origination property deterioration."", ""type"": 0, ""prob"": 1.0, ""kind"": ""Notable"", ""party"": ""sellers_emc_morgan_stanley""}]",1
97FSupp3d548_mortgage_loan_purchase_agreement,97 F.Supp.3d 548,c094,SECTION 10(b)(13). Origination practices,NEGATIVE,2.2,westlaw,not_risky,0,0,none,not_risky,0.0,0.0,0,0,"[{""issue"": ""Suitability Representation Makes MSMCH Responsible for Originator Conduct. Section 10(b)(13)  represents that \""The Mortgagor was not encouraged or required to select a Mortgage Loan product offered by the Originator which is a higher cost product designed for less creditworthy mortgagors...\"" This representation effectively makes MSMCH responsible for the origination practices of third-party originators (Aames, Aegis, Decision One, First NLC, MILA, New Century, Option One, Wilmington). MSMCH was not the originator of these loans and may have limited ability to verify origination-level suitability practices. Consider qualifying this representation with \""to MSMCH's knowledge\"" or limiting it to information available in the Mortgage File."", ""type"": 0, ""prob"": 1.0, ""kind"": ""Important"", ""party"": ""sellers_emc_morgan_stanley""}]",1
97FSupp3d548_mortgage_loan_purchase_agreement,97 F.Supp.3d 548,c095,SECTION 10(b)(15). Outstanding charges,NEGATIVE,2.2,westlaw,not_risky,0,0,none,not_risky,0.0,0.0,0,0,[],1
97FSupp3d548_mortgage_loan_purchase_agreement,97 F.Supp.3d 548,c096,SECTION 10(b)(16). Original terms unmodified,NEGATIVE,2.2,westlaw,not_risky,0,0,none,risky_type1,1.0,0.0,1,0,"[{""issue"": ""The phrase “in any respect” left open whether the impairment representation reached immaterial administrative changes as well as economically meaningful modifications."", ""type"": 1, ""prob"": 1.0, ""kind"": ""Minor"", ""party"": ""sellers_emc_morgan_stanley""}]",1
97FSupp3d548_mortgage_loan_purchase_agreement,97 F.Supp.3d 548,c097,SECTION 10(b)(17). Qualified mortgage,NEGATIVE,2.2,westlaw,not_risky,0,0,none,not_risky,0.0,0.0,0,0,[],1
97FSupp3d548_mortgage_loan_purchase_agreement,97 F.Supp.3d 548,c098,SECTION 10(b)(18). MSMCH ownership,NEGATIVE,2.2,westlaw,not_risky,0,0,none,risky_type1,1.0,0.0,1,0,"[{""issue"": ""The phrase “Solely with respect to the Fremont Mortgage Loans, the New Century Mortgage Loans and any First NLC Mortgage Loans and Accredited Mortgage Loans” left open whether MSMCH’s ownership representation reached loans from the other named originators."", ""type"": 1, ""prob"": 1.0, ""kind"": ""Important"", ""party"": ""purchaser_bear_stearns""}]",1
97FSupp3d548_mortgage_loan_purchase_agreement,97 F.Supp.3d 548,c099,SECTION 10(b)(19). Improvements and encroachments,NEGATIVE,2.2,westlaw,not_risky,0,0,none,not_risky,0.0,0.0,0,0,"[{""issue"": ""Absolute Zoning Representation Without Knowledge Qualifier. Section 10(b)(19)  represents absolutely that \""No improvement located on or being part of the Mortgaged Property is in violation of any applicable zoning law or regulation.\"" This is an absolute representation that MSMCH may not be able to verify for every property in the pool. MSMCH should add a knowledge qualifier, such as \""to MSMCH's knowledge,\"" to avoid strict liability for unknown zoning violations."", ""type"": 0, ""prob"": 1.0, ""kind"": ""Notable"", ""party"": ""sellers_emc_morgan_stanley""}]",1
97FSupp3d548_mortgage_loan_purchase_agreement,97 F.Supp.3d 548,c100,SECTION 10(b)(20). Appraisal,NEGATIVE,2.2,westlaw,not_risky,0,0,none,not_risky,0.0,0.0,0,0,"[{""issue"": ""Appraisal Representation States Appraiser \""Duly Appointed by MSMCH\"". Section 10(b)(20)  represents that appraisals were signed by \""a Qualified Appraiser, duly appointed by MSMCH.\"" However, since MSMCH was not the originator of the MSMCH Represented Mortgage Loans, the appraisers would have been appointed by the respective originators, not by MSMCH. This representation appears inaccurate on its face and should be corrected to refer to appointment by \""the applicable originator\"" or \""MSMCH or the applicable originator.\"""", ""type"": 0, ""prob"": 1.0, ""kind"": ""Important"", ""party"": ""sellers_emc_morgan_stanley""}]",1
97FSupp3d548_mortgage_loan_purchase_agreement,97 F.Supp.3d 548,c101,SECTION 10(b)(21). LTV,NEGATIVE,2.2,westlaw,not_risky,0,0,none,risky_type1,1.0,0.0,1,0,"[{""issue"": ""The undefined term “LTV” left open whether it meant the defined term “Loan-to-Value Ratio.”"", ""type"": 1, ""prob"": 1.0, ""kind"": ""Minor"", ""party"": ""purchaser_bear_stearns""}]",1
97FSupp3d548_mortgage_loan_purchase_agreement,97 F.Supp.3d 548,c102,SECTION 10(b)(22). Prepayment penalties,NEGATIVE,2.2,westlaw,not_risky,0,0,none,not_risky,0.0,0.0,0,0,"[{""issue"": ""MSMCH Obligation to Enforce Prepayment Penalties. Section 10(b)(22)  represents that each prepayment penalty \""is enforceable and will be enforced by MSMCH for the benefit of the Purchaser.\"" This creates an affirmative obligation on MSMCH to enforce prepayment penalties, which may be difficult for MSMCH to fulfill if it is not the servicer of the loans. Since servicing may be handled by third-party servicers, MSMCH should qualify this to \""will be enforced by MSMCH or the applicable servicer\"" to reflect the practical reality of who collects prepayment penalties."", ""type"": 0, ""prob"": 1.0, ""kind"": ""Notable"", ""party"": ""sellers_emc_morgan_stanley""}]",1
97FSupp3d548_mortgage_loan_purchase_agreement,97 F.Supp.3d 548,c103,SECTION 10(b)(23). Credit insurance,NEGATIVE,2.2,westlaw,not_risky,0,0,none,not_risky,0.0,0.0,0,0,[],1
97FSupp3d548_mortgage_loan_purchase_agreement,97 F.Supp.3d 548,c104,SECTION 10(b)(24). Arbitration,NEGATIVE,2.2,westlaw,not_risky,0,0,none,not_risky,0.0,0.0,0,0,[],1
97FSupp3d548_mortgage_loan_purchase_agreement,97 F.Supp.3d 548,c105,SECTION 10. Benefit and substitution,NEGATIVE,2.2,westlaw,not_risky,0,0,none,not_risky,0.0,0.0,0,0,[],1
97FSupp3d548_mortgage_loan_purchase_agreement,97 F.Supp.3d 548,c106,SECTION 10. Breach remedies,NEGATIVE,2.2,westlaw,not_risky,0,0,none,not_risky,0.0,0.0,0,0,"[{""issue"": ""90-Day Cure Period Shorter Than Market Standard. Section 10  provides only a 90-day cure period for MSMCH to address breaches of representations and warranties. This is shorter than the 120-day period in the Underlying EMC Purchase Agreement (Subsection 8.02)  for equivalent obligations. MSMCH should negotiate for consistency, extending the cure period to 120 days."", ""type"": 0, ""prob"": 1.0, ""kind"": ""Notable"", ""party"": ""sellers_emc_morgan_stanley""}, {""issue"": ""No Express Exclusion of Consequential Damages. Section 10's breach remedy provision  states that MSMCH's cure, purchase, or substitution obligations constitute the \""sole and exclusive remedy\"" for the Purchaser, Trustee, and Certificateholders. While this is helpful, the clause does not expressly exclude consequential, incidental, or punitive damages. MSMCH should consider adding an express exclusion to strengthen this protective provision."", ""type"": 0, ""prob"": 1.0, ""kind"": ""Notable"", ""party"": ""sellers_emc_morgan_stanley""}]",1
97FSupp3d548_mortgage_loan_purchase_agreement,97 F.Supp.3d 548,c107,SECTION 10. Accredited backstop,POSITIVE,2.2,westlaw,risky,0,1,2.2,risky_type1,1.0,0.0,1,0,"[{""issue"": ""The phrase “sole and exclusive remedy under this Agreement or otherwise” left open whether it reached claims arising from fraud or anti-predatory lending law violations and claims for consequential damages, indemnification, or equitable remedies."", ""type"": 1, ""prob"": 1.0, ""kind"": ""Important"", ""party"": ""purchaser_bear_stearns""}]",1
97FSupp3d548_mortgage_loan_purchase_agreement,97 F.Supp.3d 548,c108,SECTION 10. Cause of action accrual,NEGATIVE,2.2,westlaw,not_risky,0,0,none,not_risky,0.0,0.0,0,0,[],1
97FSupp3d548_mortgage_loan_purchase_agreement,97 F.Supp.3d 548,c109,SECTION 11. Assignment of agreements,NEGATIVE,2.2,westlaw,not_risky,0,0,none,not_risky,0.0,0.0,0,0,[],1
97FSupp3d548_mortgage_loan_purchase_agreement,97 F.Supp.3d 548,c110,SECTION 13(a). Purchaser organization,NEGATIVE,2.2,westlaw,not_risky,0,0,none,not_risky,0.0,0.0,0,0,[],1
97FSupp3d548_mortgage_loan_purchase_agreement,97 F.Supp.3d 548,c111,SECTION 13(b). Purchaser power,NEGATIVE,2.2,westlaw,not_risky,0,0,none,not_risky,0.0,0.0,0,0,[],1
97FSupp3d548_mortgage_loan_purchase_agreement,97 F.Supp.3d 548,c112,SECTION 13(c). Purchaser authorization and conflicts,NEGATIVE,2.2,westlaw,not_risky,0,0,none,not_risky,0.0,0.0,0,0,[],1
97FSupp3d548_mortgage_loan_purchase_agreement,97 F.Supp.3d 548,c113,SECTION 13(d). Purchaser governmental consents,NEGATIVE,2.2,westlaw,not_risky,0,0,none,not_risky,0.0,0.0,0,0,[],1
97FSupp3d548_mortgage_loan_purchase_agreement,97 F.Supp.3d 548,c114,SECTION 13(e). Purchaser enforceability,NEGATIVE,2.2,westlaw,not_risky,0,0,none,not_risky,0.0,0.0,0,0,[],1
97FSupp3d548_mortgage_loan_purchase_agreement,97 F.Supp.3d 548,c115,SECTION 13(f). Purchaser litigation,NEGATIVE,2.2,westlaw,not_risky,0,0,none,not_risky,0.0,0.0,0,0,[],1
97FSupp3d548_mortgage_loan_purchase_agreement,97 F.Supp.3d 548,c116,SECTION 14(a)(1). Purchaser closing condition—Seller performance,NEGATIVE,2.2,westlaw,not_risky,0,0,none,not_risky,0.0,0.0,0,0,"[{""issue"": ""Asymmetric Breach Standard in Closing Conditions. Section 14(a)(1)  requires that the Mortgage Loan Sellers' closing conditions include that \""no event shall have occurred which, with notice or the passage of time, would constitute a default.\"" However, the parallel Purchaser closing condition in Section 14(b)(1)  uses a weaker standard: \""no event shall have occurred which would constitute a breach by it of the terms of this Agreement.\"" The Mortgage Loan Sellers are held to a \""default\"" standard (which catches potential defaults), while the Purchaser is held only to a \""breach\"" standard without the potential breach qualifier. MSMCH should push for symmetry."", ""type"": 0, ""prob"": 1.0, ""kind"": ""Notable"", ""party"": ""sellers_emc_morgan_stanley""}]",1
97FSupp3d548_mortgage_loan_purchase_agreement,97 F.Supp.3d 548,c117,SECTION 14(a)(2). Purchaser closing documents,NEGATIVE,2.2,westlaw,not_risky,0,0,none,not_risky,0.0,0.0,0,0,[],1
97FSupp3d548_mortgage_loan_purchase_agreement,97 F.Supp.3d 548,c118,SECTION 14(a)(3). Certificate issuance,NEGATIVE,2.2,westlaw,not_risky,0,0,none,not_risky,0.0,0.0,0,0,[],1
97FSupp3d548_mortgage_loan_purchase_agreement,97 F.Supp.3d 548,c119,SECTION 14(a)(4). Other evidence,NEGATIVE,2.2,westlaw,not_risky,0,0,none,not_risky,0.0,0.0,0,0,[],1
97FSupp3d548_mortgage_loan_purchase_agreement,97 F.Supp.3d 548,c120,SECTION 14(b)(1). Seller closing condition—Purchaser performance,NEGATIVE,2.2,westlaw,not_risky,0,0,none,not_risky,0.0,0.0,0,0,[],1
97FSupp3d548_mortgage_loan_purchase_agreement,97 F.Supp.3d 548,c121,SECTION 14(b)(2). Seller closing documents,NEGATIVE,2.2,westlaw,not_risky,0,0,none,not_risky,0.0,0.0,0,0,[],1
97FSupp3d548_mortgage_loan_purchase_agreement,97 F.Supp.3d 548,c122,SECTION 15. Fees and Expenses,NEGATIVE,2.2,westlaw,not_risky,0,0,none,not_risky,0.0,0.0,0,0,[],1
97FSupp3d548_mortgage_loan_purchase_agreement,97 F.Supp.3d 548,c123,SECTION 16(a). Accountants’ Letters,NEGATIVE,2.2,westlaw,not_risky,0,0,none,risky_type1,1.0,0.0,2,0,"[{""issue"": ""The phrase “as previously agreed” left open which terms or agreement governed the payment of fees and expenses."", ""type"": 1, ""prob"": 1.0, ""kind"": ""Minor"", ""party"": ""purchaser_bear_stearns""}, {""issue"": ""The phrase “as previously agreed” left open which terms or agreement governed the payment of fees and expenses."", ""type"": 1, ""prob"": 1.0, ""kind"": ""Minor"", ""party"": ""sellers_emc_morgan_stanley""}]",1
97FSupp3d548_mortgage_loan_purchase_agreement,97 F.Supp.3d 548,c124,SECTION 18. Notices,NEGATIVE,2.2,westlaw,not_risky,0,0,none,risky_type2,0.0,1.0,0,1,"[{""issue"": ""Section 18’s EMC facsimile number, “(241-626-4714),” could not be squared with the “(469) 759-4714” number in the notice provision of the Underlying EMC Purchase Agreement."", ""type"": 2, ""prob"": 1.0, ""kind"": ""Notable"", ""party"": ""sellers_emc_morgan_stanley""}]",1
97FSupp3d548_mortgage_loan_purchase_agreement,97 F.Supp.3d 548,c125,SECTION 19. Transfer of Mortgage Loans,NEGATIVE,2.2,westlaw,not_risky,0,0,none,risky_type2,0.0,1.0,0,3,"[{""issue"": ""Section 19’s reference to benefits under Section 12 had to be read against Section 12’s “[Reserved]” designation to determine what benefits, if any, the Purchaser retained."", ""type"": 2, ""prob"": 1.0, ""kind"": ""Notable"", ""party"": ""purchaser_bear_stearns""}, {""issue"": ""Section 19’s reference to benefits under Section 12 had to be read against Section 12’s “[Reserved]” designation to determine what benefits were retained. Its reference to remedies in Sections 5 and 7 also had to be read against Sections 8 and 10, where the tool located the operative cure, repurchase, and substitution obligations."", ""type"": 2, ""prob"": 1.0, ""kind"": ""Important"", ""party"": ""sellers_emc_morgan_stanley""}, {""issue"": ""Section 19’s reference to cure, purchase, or substitution obligations in “Sections 5 and 7” could not be squared with Sections 8 and 10, which the tool identified as containing the applicable remedies."", ""type"": 2, ""prob"": 1.0, ""kind"": ""Important"", ""party"": ""sellers_emc_morgan_stanley""}]",1
97FSupp3d548_mortgage_loan_purchase_agreement,97 F.Supp.3d 548,c126,SECTION 20. Termination,NEGATIVE,2.2,westlaw,not_risky,0,0,none,risky_type2,0.0,1.0,0,1,"[{""issue"": ""Section 20’s reference to the closing conditions in “Section 11(b)” could not be squared with Section 14(b), which contained the conditions to the Mortgage Loan Sellers’ obligation to close."", ""type"": 2, ""prob"": 1.0, ""kind"": ""Important"", ""party"": ""purchaser_bear_stearns""}]",1
97FSupp3d548_mortgage_loan_purchase_agreement,97 F.Supp.3d 548,c127,SECTION 21. Survival,NEGATIVE,2.2,westlaw,not_risky,0,0,none,not_risky,0.0,0.0,0,0,[],1
97FSupp3d548_mortgage_loan_purchase_agreement,97 F.Supp.3d 548,c128,SECTION 22. Severability,NEGATIVE,2.2,westlaw,not_risky,0,0,none,not_risky,0.0,0.0,0,0,[],1
97FSupp3d548_mortgage_loan_purchase_agreement,97 F.Supp.3d 548,c129,SECTION 23. Counterparts,NEGATIVE,2.2,westlaw,not_risky,0,0,none,not_risky,0.0,0.0,0,0,[],1
97FSupp3d548_mortgage_loan_purchase_agreement,97 F.Supp.3d 548,c130,SECTION 24. Amendment,NEGATIVE,2.2,westlaw,not_risky,0,0,none,not_risky,0.0,0.0,0,0,[],1
97FSupp3d548_mortgage_loan_purchase_agreement,97 F.Supp.3d 548,c131,SECTION 25. GOVERNING LAW,NEGATIVE,2.2,westlaw,not_risky,0,0,none,not_risky,0.0,0.0,0,0,[],1
97FSupp3d548_mortgage_loan_purchase_agreement,97 F.Supp.3d 548,c132,SECTION 26. Further Assurances,NEGATIVE,2.2,westlaw,not_risky,0,0,none,not_risky,0.0,0.0,0,0,[],1
97FSupp3d548_mortgage_loan_purchase_agreement,97 F.Supp.3d 548,c133,SECTION 27. Successors and Assigns,NEGATIVE,2.2,westlaw,not_risky,0,0,none,risky_type1,1.0,0.0,2,0,"[{""issue"": ""The phrase “any amendments hereto which may be required by either Rating Agency” left open whether it reached amendments that materially increased a Mortgage Loan Seller’s obligations or liabilities."", ""type"": 1, ""prob"": 1.0, ""kind"": ""Notable"", ""party"": ""sellers_emc_morgan_stanley""}, {""issue"": ""The phrase “either party hereto” in a three-party agreement left uncertain whether the assignment restriction applied to any of the three parties or only to an unspecified pair."", ""type"": 1, ""prob"": 1.0, ""kind"": ""Minor"", ""party"": ""sellers_emc_morgan_stanley""}]",1
97FSupp3d548_mortgage_loan_purchase_agreement,97 F.Supp.3d 548,c134,SECTION 28. The Mortgage Loan Sellers,NEGATIVE,2.2,westlaw,not_risky,0,0,none,not_risky,0.0,0.0,0,0,[],1
97FSupp3d548_mortgage_loan_purchase_agreement,97 F.Supp.3d 548,c135,SECTION 29. Entire Agreement,NEGATIVE,2.2,westlaw,not_risky,0,0,none,not_risky,0.0,0.0,0,0,[],1
97FSupp3d548_mortgage_loan_purchase_agreement,97 F.Supp.3d 548,c136,SECTION 30. No Partnership,NEGATIVE,2.2,westlaw,not_risky,0,0,none,not_risky,0.0,0.0,0,0,[],1
97FSupp3d548_mortgage_loan_purchase_agreement,97 F.Supp.3d 548,c137,EXHIBIT 1. Contents of Mortgage File,NEGATIVE,2.2,westlaw,not_risky,0,0,none,not_risky,0.0,0.0,0,0,"[{""issue"": ""Mortgage File Missing Title Insurance Policy. Exhibit 1 (Contents of Mortgage File)  only requires \""[c]opy of the owner's title insurance policy or attorney's opinion of title and abstract of title, as applicable.\"" It does not require the lender's/mortgagee's title insurance policy, which is the policy that actually protects the Purchaser and its successors. While MSMCH represents in Section 10(b)(6)  that each loan is covered by an ALTA lender's title insurance policy, the Mortgage File should include the lender's title policy itself (not just the owner's policy) to ensure the Purchaser has physical access to the document supporting its lien priority."", ""type"": 0, ""prob"": 1.0, ""kind"": ""Notable"", ""party"": ""purchaser_bear_stearns""}]",1
97FSupp3d548_mortgage_loan_purchase_agreement,97 F.Supp.3d 548,c138,EXHIBIT 2. Mortgage Loan Schedule Information,NEGATIVE,2.2,westlaw,not_risky,0,0,none,not_risky,0.0,0.0,0,0,[],1
97FSupp3d548_mortgage_loan_purchase_agreement,97 F.Supp.3d 548,c139,EXHIBIT 2. Aggregate schedule information,NEGATIVE,2.2,westlaw,not_risky,0,0,none,not_risky,0.0,0.0,0,0,[],1
97FSupp3d548_mortgage_loan_purchase_agreement,97 F.Supp.3d 548,c140,Underlying Agreement parties,NEGATIVE,2.2,westlaw,not_risky,0,0,none,not_risky,0.0,0.0,0,0,[],1
97FSupp3d548_mortgage_loan_purchase_agreement,97 F.Supp.3d 548,c141,Underlying SECTION 1. Definitions,NEGATIVE,2.2,westlaw,not_risky,0,0,none,not_risky,0.0,0.0,0,0,[],1
97FSupp3d548_mortgage_loan_purchase_agreement,97 F.Supp.3d 548,c142,Accepted Servicing Practices definition,NEGATIVE,2.2,westlaw,not_risky,0,0,none,not_risky,0.0,0.0,0,0,[],1
97FSupp3d548_mortgage_loan_purchase_agreement,97 F.Supp.3d 548,c143,Adjustable Rate Mortgage Loan definition,NEGATIVE,2.2,westlaw,not_risky,0,0,none,not_risky,0.0,0.0,0,0,[],1
97FSupp3d548_mortgage_loan_purchase_agreement,97 F.Supp.3d 548,c144,Affiliate definition,NEGATIVE,2.2,westlaw,not_risky,0,0,none,not_risky,0.0,0.0,0,0,[],1
97FSupp3d548_mortgage_loan_purchase_agreement,97 F.Supp.3d 548,c145,Agreement definition,NEGATIVE,2.2,westlaw,not_risky,0,0,none,not_risky,0.0,0.0,0,0,[],1
97FSupp3d548_mortgage_loan_purchase_agreement,97 F.Supp.3d 548,c146,ALTA definition,NEGATIVE,2.2,westlaw,not_risky,0,0,none,not_risky,0.0,0.0,0,0,[],1
97FSupp3d548_mortgage_loan_purchase_agreement,97 F.Supp.3d 548,c147,Appraised Value definition,NEGATIVE,2.2,westlaw,not_risky,0,0,none,not_risky,0.0,0.0,0,0,[],1
97FSupp3d548_mortgage_loan_purchase_agreement,97 F.Supp.3d 548,c148,Assignment and Assumption Agreement definition,NEGATIVE,2.2,westlaw,not_risky,0,0,none,not_risky,0.0,0.0,0,0,[],1
97FSupp3d548_mortgage_loan_purchase_agreement,97 F.Supp.3d 548,c149,Assignment of Mortgage definition,NEGATIVE,2.2,westlaw,not_risky,0,0,none,not_risky,0.0,0.0,0,0,[],1
97FSupp3d548_mortgage_loan_purchase_agreement,97 F.Supp.3d 548,c150,Business Day definition,NEGATIVE,2.2,westlaw,not_risky,0,0,none,not_risky,0.0,0.0,0,0,[],1
97FSupp3d548_mortgage_loan_purchase_agreement,97 F.Supp.3d 548,c151,Closing Date definition,NEGATIVE,2.2,westlaw,not_risky,0,0,none,not_risky,0.0,0.0,0,0,[],1
97FSupp3d548_mortgage_loan_purchase_agreement,97 F.Supp.3d 548,c152,CLTV definition,NEGATIVE,2.2,westlaw,not_risky,0,0,none,not_risky,0.0,0.0,0,0,[],1
97FSupp3d548_mortgage_loan_purchase_agreement,97 F.Supp.3d 548,c153,Code definition,NEGATIVE,2.2,westlaw,not_risky,0,0,none,not_risky,0.0,0.0,0,0,[],1
97FSupp3d548_mortgage_loan_purchase_agreement,97 F.Supp.3d 548,c154,Condemnation Proceeds definition,NEGATIVE,2.2,westlaw,not_risky,0,0,none,not_risky,0.0,0.0,0,0,[],1
97FSupp3d548_mortgage_loan_purchase_agreement,97 F.Supp.3d 548,c155,Co-op definition,NEGATIVE,2.2,westlaw,not_risky,0,0,none,not_risky,0.0,0.0,0,0,[],1
97FSupp3d548_mortgage_loan_purchase_agreement,97 F.Supp.3d 548,c156,Co-op Lease definition,NEGATIVE,2.2,westlaw,not_risky,0,0,none,not_risky,0.0,0.0,0,0,[],1
97FSupp3d548_mortgage_loan_purchase_agreement,97 F.Supp.3d 548,c157,Co-op UCC Filing definition,NEGATIVE,2.2,westlaw,not_risky,0,0,none,not_risky,0.0,0.0,0,0,[],1
97FSupp3d548_mortgage_loan_purchase_agreement,97 F.Supp.3d 548,c158,Covered Loan definition,NEGATIVE,2.2,westlaw,not_risky,0,0,none,not_risky,0.0,0.0,0,0,[],1
97FSupp3d548_mortgage_loan_purchase_agreement,97 F.Supp.3d 548,c159,Custodian definition,NEGATIVE,2.2,westlaw,not_risky,0,0,none,not_risky,0.0,0.0,0,0,[],1
97FSupp3d548_mortgage_loan_purchase_agreement,97 F.Supp.3d 548,c160,Cut-off Date definition,NEGATIVE,2.2,westlaw,not_risky,0,0,none,not_risky,0.0,0.0,0,0,[],1
97FSupp3d548_mortgage_loan_purchase_agreement,97 F.Supp.3d 548,c161,Deleted Mortgage Loan definition,NEGATIVE,2.2,westlaw,not_risky,0,0,none,not_risky,0.0,0.0,0,0,[],1
97FSupp3d548_mortgage_loan_purchase_agreement,97 F.Supp.3d 548,c162,Delinquent definition,NEGATIVE,2.2,westlaw,not_risky,0,0,none,not_risky,0.0,0.0,0,0,[],1
97FSupp3d548_mortgage_loan_purchase_agreement,97 F.Supp.3d 548,c163,Due Date definition,NEGATIVE,2.2,westlaw,not_risky,0,0,none,not_risky,0.0,0.0,0,0,[],1
97FSupp3d548_mortgage_loan_purchase_agreement,97 F.Supp.3d 548,c164,Escrow Payments definition,NEGATIVE,2.2,westlaw,not_risky,0,0,none,not_risky,0.0,0.0,0,0,[],1
97FSupp3d548_mortgage_loan_purchase_agreement,97 F.Supp.3d 548,c165,Fannie Mae definition,NEGATIVE,2.2,westlaw,not_risky,0,0,none,not_risky,0.0,0.0,0,0,[],1
97FSupp3d548_mortgage_loan_purchase_agreement,97 F.Supp.3d 548,c166,FHA definition,NEGATIVE,2.2,westlaw,not_risky,0,0,none,not_risky,0.0,0.0,0,0,[],1
97FSupp3d548_mortgage_loan_purchase_agreement,97 F.Supp.3d 548,c167,First Lien Loan definition,NEGATIVE,2.2,westlaw,not_risky,0,0,none,not_risky,0.0,0.0,0,0,[],1
97FSupp3d548_mortgage_loan_purchase_agreement,97 F.Supp.3d 548,c168,Co-op Loan definition,NEGATIVE,2.2,westlaw,not_risky,0,0,none,not_risky,0.0,0.0,0,0,[],1
97FSupp3d548_mortgage_loan_purchase_agreement,97 F.Supp.3d 548,c169,Fixed Rate Mortgage Loan definition,NEGATIVE,2.2,westlaw,not_risky,0,0,none,not_risky,0.0,0.0,0,0,[],1
97FSupp3d548_mortgage_loan_purchase_agreement,97 F.Supp.3d 548,c170,FPD definition,NEGATIVE,2.2,westlaw,not_risky,0,0,none,not_risky,0.0,0.0,0,0,[],1
97FSupp3d548_mortgage_loan_purchase_agreement,97 F.Supp.3d 548,c171,Freddie Mac definition,NEGATIVE,2.2,westlaw,not_risky,0,0,none,not_risky,0.0,0.0,0,0,[],1
97FSupp3d548_mortgage_loan_purchase_agreement,97 F.Supp.3d 548,c172,Gross Margin definition,NEGATIVE,2.2,westlaw,not_risky,0,0,none,not_risky,0.0,0.0,0,0,[],1
97FSupp3d548_mortgage_loan_purchase_agreement,97 F.Supp.3d 548,c173,Group 1 Mortgage Loans definition,NEGATIVE,2.2,westlaw,not_risky,0,0,none,not_risky,0.0,0.0,0,0,[],1
97FSupp3d548_mortgage_loan_purchase_agreement,97 F.Supp.3d 548,c174,High Cost Loan definition,NEGATIVE,2.2,westlaw,not_risky,0,0,none,not_risky,0.0,0.0,0,0,[],1
97FSupp3d548_mortgage_loan_purchase_agreement,97 F.Supp.3d 548,c175,HUD definition,NEGATIVE,2.2,westlaw,not_risky,0,0,none,not_risky,0.0,0.0,0,0,[],1
97FSupp3d548_mortgage_loan_purchase_agreement,97 F.Supp.3d 548,c176,Index definition,NEGATIVE,2.2,westlaw,not_risky,0,0,none,not_risky,0.0,0.0,0,0,[],1
97FSupp3d548_mortgage_loan_purchase_agreement,97 F.Supp.3d 548,c177,Insurance Proceeds definition,NEGATIVE,2.2,westlaw,not_risky,0,0,none,not_risky,0.0,0.0,0,0,[],1
97FSupp3d548_mortgage_loan_purchase_agreement,97 F.Supp.3d 548,c178,Interest Rate Adjustment Date definition,NEGATIVE,2.2,westlaw,not_risky,0,0,none,not_risky,0.0,0.0,0,0,[],1
97FSupp3d548_mortgage_loan_purchase_agreement,97 F.Supp.3d 548,c179,Interim Funder definition,NEGATIVE,2.2,westlaw,not_risky,0,0,none,not_risky,0.0,0.0,0,0,[],1
97FSupp3d548_mortgage_loan_purchase_agreement,97 F.Supp.3d 548,c180,Investor definition,NEGATIVE,2.2,westlaw,not_risky,0,0,none,not_risky,0.0,0.0,0,0,[],1
97FSupp3d548_mortgage_loan_purchase_agreement,97 F.Supp.3d 548,c181,Letter Agreement definition,NEGATIVE,2.2,westlaw,not_risky,0,0,none,not_risky,0.0,0.0,0,0,[],1
97FSupp3d548_mortgage_loan_purchase_agreement,97 F.Supp.3d 548,c182,Lifetime Rate Cap definition,NEGATIVE,2.2,westlaw,not_risky,0,0,none,not_risky,0.0,0.0,0,0,[],1
97FSupp3d548_mortgage_loan_purchase_agreement,97 F.Supp.3d 548,c183,Liquidation Proceeds definition,NEGATIVE,2.2,westlaw,not_risky,0,0,none,not_risky,0.0,0.0,0,0,[],1
97FSupp3d548_mortgage_loan_purchase_agreement,97 F.Supp.3d 548,c184,Loan-to-Value Ratio definition,NEGATIVE,2.2,westlaw,not_risky,0,0,none,not_risky,0.0,0.0,0,0,[],1
97FSupp3d548_mortgage_loan_purchase_agreement,97 F.Supp.3d 548,c185,Manufactured Home definition,NEGATIVE,2.2,westlaw,not_risky,0,0,none,not_risky,0.0,0.0,0,0,[],1
97FSupp3d548_mortgage_loan_purchase_agreement,97 F.Supp.3d 548,c186,MERS definition,NEGATIVE,2.2,westlaw,not_risky,0,0,none,not_risky,0.0,0.0,0,0,[],1
97FSupp3d548_mortgage_loan_purchase_agreement,97 F.Supp.3d 548,c187,MERS Designated Mortgage Loan definition,NEGATIVE,2.2,westlaw,not_risky,0,0,none,not_risky,0.0,0.0,0,0,[],1
97FSupp3d548_mortgage_loan_purchase_agreement,97 F.Supp.3d 548,c188,MERS Procedure Manual definition,NEGATIVE,2.2,westlaw,not_risky,0,0,none,not_risky,0.0,0.0,0,0,[],1
97FSupp3d548_mortgage_loan_purchase_agreement,97 F.Supp.3d 548,c189,MERS System definition,NEGATIVE,2.2,westlaw,not_risky,0,0,none,not_risky,0.0,0.0,0,0,[],1
97FSupp3d548_mortgage_loan_purchase_agreement,97 F.Supp.3d 548,c190,Monthly Payment definition,NEGATIVE,2.2,westlaw,not_risky,0,0,none,not_risky,0.0,0.0,0,0,[],1
97FSupp3d548_mortgage_loan_purchase_agreement,97 F.Supp.3d 548,c191,Mortgage definition,NEGATIVE,2.2,westlaw,not_risky,0,0,none,not_risky,0.0,0.0,0,0,[],1
97FSupp3d548_mortgage_loan_purchase_agreement,97 F.Supp.3d 548,c192,Mortgage File definition,NEGATIVE,2.2,westlaw,not_risky,0,0,none,not_risky,0.0,0.0,0,0,[],1
97FSupp3d548_mortgage_loan_purchase_agreement,97 F.Supp.3d 548,c193,Mortgage Interest Rate definition,NEGATIVE,2.2,westlaw,not_risky,0,0,none,not_risky,0.0,0.0,0,0,[],1
97FSupp3d548_mortgage_loan_purchase_agreement,97 F.Supp.3d 548,c194,Mortgage Interest Rate Cap definition,NEGATIVE,2.2,westlaw,not_risky,0,0,none,not_risky,0.0,0.0,0,0,[],1
97FSupp3d548_mortgage_loan_purchase_agreement,97 F.Supp.3d 548,c195,Mortgage Loan definition,NEGATIVE,2.2,westlaw,not_risky,0,0,none,not_risky,0.0,0.0,0,0,[],1
97FSupp3d548_mortgage_loan_purchase_agreement,97 F.Supp.3d 548,c196,Mortgage Loan Documents definition,NEGATIVE,2.2,westlaw,not_risky,0,0,none,not_risky,0.0,0.0,0,0,[],1
97FSupp3d548_mortgage_loan_purchase_agreement,97 F.Supp.3d 548,c197,Mortgage Loan Schedule definition,NEGATIVE,2.2,westlaw,not_risky,0,0,none,not_risky,0.0,0.0,0,0,[],1
97FSupp3d548_mortgage_loan_purchase_agreement,97 F.Supp.3d 548,c198,Mortgage Note definition,NEGATIVE,2.2,westlaw,not_risky,0,0,none,not_risky,0.0,0.0,0,0,[],1
97FSupp3d548_mortgage_loan_purchase_agreement,97 F.Supp.3d 548,c199,Mortgaged Property definition,NEGATIVE,2.2,westlaw,not_risky,0,0,none,not_risky,0.0,0.0,0,0,[],1
97FSupp3d548_mortgage_loan_purchase_agreement,97 F.Supp.3d 548,c200,Mortgagee definition,NEGATIVE,2.2,westlaw,not_risky,0,0,none,not_risky,0.0,0.0,0,0,[],1
97FSupp3d548_mortgage_loan_purchase_agreement,97 F.Supp.3d 548,c201,Mortgagor definition,NEGATIVE,2.2,westlaw,not_risky,0,0,none,not_risky,0.0,0.0,0,0,[],1
97FSupp3d548_mortgage_loan_purchase_agreement,97 F.Supp.3d 548,c202,Originator definition,NEGATIVE,2.2,westlaw,not_risky,0,0,none,not_risky,0.0,0.0,0,0,[],1
97FSupp3d548_mortgage_loan_purchase_agreement,97 F.Supp.3d 548,c203,Periodic Rate Cap definition,NEGATIVE,2.2,westlaw,not_risky,0,0,none,not_risky,0.0,0.0,0,0,[],1
97FSupp3d548_mortgage_loan_purchase_agreement,97 F.Supp.3d 548,c204,Person definition,NEGATIVE,2.2,westlaw,not_risky,0,0,none,not_risky,0.0,0.0,0,0,[],1
97FSupp3d548_mortgage_loan_purchase_agreement,97 F.Supp.3d 548,c205,Prepayment Penalty definition,NEGATIVE,2.2,westlaw,not_risky,0,0,none,not_risky,0.0,0.0,0,0,[],1
97FSupp3d548_mortgage_loan_purchase_agreement,97 F.Supp.3d 548,c206,Principal Prepayment definition,NEGATIVE,2.2,westlaw,not_risky,0,0,none,not_risky,0.0,0.0,0,0,[],1
97FSupp3d548_mortgage_loan_purchase_agreement,97 F.Supp.3d 548,c207,Prior Purchase Agreement definition,NEGATIVE,2.2,westlaw,not_risky,0,0,none,not_risky,0.0,0.0,0,0,[],1
97FSupp3d548_mortgage_loan_purchase_agreement,97 F.Supp.3d 548,c208,Purchase Date definition,NEGATIVE,2.2,westlaw,not_risky,0,0,none,not_risky,0.0,0.0,0,0,[],1
97FSupp3d548_mortgage_loan_purchase_agreement,97 F.Supp.3d 548,c209,Purchase Price definition,NEGATIVE,2.2,westlaw,not_risky,0,0,none,not_risky,0.0,0.0,0,0,[],1
97FSupp3d548_mortgage_loan_purchase_agreement,97 F.Supp.3d 548,c210,Purchase Price Percentage definition,NEGATIVE,2.2,westlaw,not_risky,0,0,none,not_risky,0.0,0.0,0,0,[],1
97FSupp3d548_mortgage_loan_purchase_agreement,97 F.Supp.3d 548,c211,Purchaser definition,NEGATIVE,2.2,westlaw,not_risky,0,0,none,not_risky,0.0,0.0,0,0,[],1
97FSupp3d548_mortgage_loan_purchase_agreement,97 F.Supp.3d 548,c212,Qualified Appraiser definition,NEGATIVE,2.2,westlaw,not_risky,0,0,none,not_risky,0.0,0.0,0,0,[],1
97FSupp3d548_mortgage_loan_purchase_agreement,97 F.Supp.3d 548,c213,Qualified Correspondent definition,NEGATIVE,2.2,westlaw,not_risky,0,0,none,not_risky,0.0,0.0,0,0,[],1
97FSupp3d548_mortgage_loan_purchase_agreement,97 F.Supp.3d 548,c214,Qualified Substitute Mortgage Loan definition,NEGATIVE,2.2,westlaw,not_risky,0,0,none,not_risky,0.0,0.0,0,0,"[{""issue"": ""Automatic Successor Provision Lacks Creditworthiness Safeguard. Section 27  provides that any successor entity resulting from a merger, consolidation, or change in form shall automatically be considered the successor of such Mortgage Loan Seller without any consent or further action. This lacks any requirement that the successor maintain comparable financial strength. Since the Sellers' repurchase obligations are only as valuable as the entity behind them, the Purchaser should require that any successor entity maintain comparable net worth and financial condition."", ""type"": 0, ""prob"": 1.0, ""kind"": ""Notable"", ""party"": ""purchaser_bear_stearns""}]",1
97FSupp3d548_mortgage_loan_purchase_agreement,97 F.Supp.3d 548,c215,Rating Agency definition,NEGATIVE,2.2,westlaw,not_risky,0,0,none,not_risky,0.0,0.0,0,0,[],1
97FSupp3d548_mortgage_loan_purchase_agreement,97 F.Supp.3d 548,c216,Reconstitution definition,NEGATIVE,2.2,westlaw,not_risky,0,0,none,not_risky,0.0,0.0,0,0,[],1
97FSupp3d548_mortgage_loan_purchase_agreement,97 F.Supp.3d 548,c217,Reconstitution Agreements definition,NEGATIVE,2.2,westlaw,not_risky,0,0,none,not_risky,0.0,0.0,0,0,[],1
97FSupp3d548_mortgage_loan_purchase_agreement,97 F.Supp.3d 548,c218,Reconstitution Date definition,NEGATIVE,2.2,westlaw,not_risky,0,0,none,not_risky,0.0,0.0,0,0,[],1
97FSupp3d548_mortgage_loan_purchase_agreement,97 F.Supp.3d 548,c219,REMIC definition,NEGATIVE,2.2,westlaw,not_risky,0,0,none,not_risky,0.0,0.0,0,0,[],1
97FSupp3d548_mortgage_loan_purchase_agreement,97 F.Supp.3d 548,c220,Regulation AB definition,NEGATIVE,2.2,westlaw,not_risky,0,0,none,not_risky,0.0,0.0,0,0,[],1
97FSupp3d548_mortgage_loan_purchase_agreement,97 F.Supp.3d 548,c221,Representations and Warranties definition,NEGATIVE,2.2,westlaw,not_risky,0,0,none,not_risky,0.0,0.0,0,0,[],1
97FSupp3d548_mortgage_loan_purchase_agreement,97 F.Supp.3d 548,c222,Repurchase Price definition,NEGATIVE,2.2,westlaw,not_risky,0,0,none,not_risky,0.0,0.0,0,0,[],1
97FSupp3d548_mortgage_loan_purchase_agreement,97 F.Supp.3d 548,c223,Residential Dwelling definition,NEGATIVE,2.2,westlaw,not_risky,0,0,none,not_risky,0.0,0.0,0,0,[],1
97FSupp3d548_mortgage_loan_purchase_agreement,97 F.Supp.3d 548,c224,Saxon definition,NEGATIVE,2.2,westlaw,not_risky,0,0,none,not_risky,0.0,0.0,0,0,[],1
97FSupp3d548_mortgage_loan_purchase_agreement,97 F.Supp.3d 548,c225,Second Lien Loan definition,NEGATIVE,2.2,westlaw,not_risky,0,0,none,not_risky,0.0,0.0,0,0,[],1
97FSupp3d548_mortgage_loan_purchase_agreement,97 F.Supp.3d 548,c226,Securitization Transaction definition,NEGATIVE,2.2,westlaw,not_risky,0,0,none,not_risky,0.0,0.0,0,0,[],1
97FSupp3d548_mortgage_loan_purchase_agreement,97 F.Supp.3d 548,c227,Security Agreement definition,NEGATIVE,2.2,westlaw,not_risky,0,0,none,not_risky,0.0,0.0,0,0,[],1
97FSupp3d548_mortgage_loan_purchase_agreement,97 F.Supp.3d 548,c228,Seller definition,NEGATIVE,2.2,westlaw,not_risky,0,0,none,not_risky,0.0,0.0,0,0,[],1
97FSupp3d548_mortgage_loan_purchase_agreement,97 F.Supp.3d 548,c229,Seller Information definition,NEGATIVE,2.2,westlaw,not_risky,0,0,none,not_risky,0.0,0.0,0,0,[],1
97FSupp3d548_mortgage_loan_purchase_agreement,97 F.Supp.3d 548,c230,Servicer definition,NEGATIVE,2.2,westlaw,not_risky,0,0,none,not_risky,0.0,0.0,0,0,[],1
97FSupp3d548_mortgage_loan_purchase_agreement,97 F.Supp.3d 548,c231,Servicing Agreement definition,NEGATIVE,2.2,westlaw,not_risky,0,0,none,not_risky,0.0,0.0,0,0,[],1
97FSupp3d548_mortgage_loan_purchase_agreement,97 F.Supp.3d 548,c232,Servicing Fee definition,NEGATIVE,2.2,westlaw,not_risky,0,0,none,not_risky,0.0,0.0,0,0,[],1
97FSupp3d548_mortgage_loan_purchase_agreement,97 F.Supp.3d 548,c233,Servicing Rights definition,NEGATIVE,2.2,westlaw,not_risky,0,0,none,not_risky,0.0,0.0,0,0,[],1
97FSupp3d548_mortgage_loan_purchase_agreement,97 F.Supp.3d 548,c234,Stated Principal Balance definition,NEGATIVE,2.2,westlaw,not_risky,0,0,none,not_risky,0.0,0.0,0,0,[],1
97FSupp3d548_mortgage_loan_purchase_agreement,97 F.Supp.3d 548,c235,Underlying SECTION 2. Agreement to Purchase Mortgage Loans,NEGATIVE,2.2,westlaw,not_risky,0,0,none,not_risky,0.0,0.0,0,0,[],1
97FSupp3d548_mortgage_loan_purchase_agreement,97 F.Supp.3d 548,c236,Underlying SECTION 3. Mortgage Schedule,NEGATIVE,2.2,westlaw,not_risky,0,0,none,risky_type2,0.0,1.0,0,1,"[{""issue"": ""Section 3’s requirement that the Mortgage Loan Schedule be delivered “on the Closing Date” could not be squared with the Underlying EMC Purchase Agreement’s requirement that it be delivered “at least two (2) Business Days prior to the Closing Date.”"", ""type"": 2, ""prob"": 1.0, ""kind"": ""Notable"", ""party"": ""purchaser_bear_stearns""}, {""issue"": ""Termination Provision Lacks Survival Clause for Pre-Closing Breaches. Section 20  states that upon termination, \""each party shall be responsible for its own expenses.\"" However, it does not address whether any party has liability for a breach that caused the termination, or whether representations, warranties, and indemnification obligations survive termination. As the Purchaser, this could leave the Purchaser without recourse if a Mortgage Loan Seller's breach prevents closing. The provision should be revised to preserve the Purchaser's rights in respect of pre-termination breaches."", ""type"": 0, ""prob"": 1.0, ""kind"": ""Notable"", ""party"": ""purchaser_bear_stearns""}]",1
97FSupp3d548_mortgage_loan_purchase_agreement,97 F.Supp.3d 548,c237,Underlying SECTION 4. Purchase Price,NEGATIVE,2.2,westlaw,not_risky,0,0,none,not_risky,0.0,0.0,0,0,[],1
97FSupp3d548_mortgage_loan_purchase_agreement,97 F.Supp.3d 548,c238,Underlying SECTION 4. Purchaser payment entitlements,NEGATIVE,2.2,westlaw,not_risky,0,0,none,not_risky,0.0,0.0,0,0,[],1
97FSupp3d548_mortgage_loan_purchase_agreement,97 F.Supp.3d 548,c239,Underlying SECTION 5. Examination of Mortgage Files,NEGATIVE,2.2,westlaw,not_risky,0,0,none,not_risky,0.0,0.0,0,0,[],1
97FSupp3d548_mortgage_loan_purchase_agreement,97 F.Supp.3d 548,c240,Subsection 6.01. Conveyance of Mortgage Loans,NEGATIVE,2.2,westlaw,not_risky,0,0,none,not_risky,0.0,0.0,0,0,[],1
97FSupp3d548_mortgage_loan_purchase_agreement,97 F.Supp.3d 548,c241,Subsection 6.02. Books and Records,NEGATIVE,2.2,westlaw,not_risky,0,0,none,not_risky,0.0,0.0,0,0,[],1
97FSupp3d548_mortgage_loan_purchase_agreement,97 F.Supp.3d 548,c242,Subsection 6.02. Sale treatment,NEGATIVE,2.2,westlaw,not_risky,0,0,none,not_risky,0.0,0.0,0,0,[],1
97FSupp3d548_mortgage_loan_purchase_agreement,97 F.Supp.3d 548,c243,Subsection 6.03. Mortgage Loan Documents,NEGATIVE,2.2,westlaw,not_risky,0,0,none,not_risky,0.0,0.0,0,0,[],1
97FSupp3d548_mortgage_loan_purchase_agreement,97 F.Supp.3d 548,c244,Subsection 6.04. MERS Designated Loans,NEGATIVE,2.2,westlaw,not_risky,0,0,none,not_risky,0.0,0.0,0,0,[],1
97FSupp3d548_mortgage_loan_purchase_agreement,97 F.Supp.3d 548,c245,Underlying SECTION 7. Servicing retained,NEGATIVE,2.2,westlaw,not_risky,0,0,none,not_risky,0.0,0.0,0,0,[],1
97FSupp3d548_mortgage_loan_purchase_agreement,97 F.Supp.3d 548,c246,Underlying SECTION 7. Servicing Agreement assignment,NEGATIVE,2.2,westlaw,not_risky,0,0,none,not_risky,0.0,0.0,0,0,[],1
97FSupp3d548_mortgage_loan_purchase_agreement,97 F.Supp.3d 548,c247,Underlying SECTION 7. Non-transferred Loans,NEGATIVE,2.2,westlaw,not_risky,0,0,none,not_risky,0.0,0.0,0,0,[],1
97FSupp3d548_mortgage_loan_purchase_agreement,97 F.Supp.3d 548,c248,Subsection 8.01(a). Due Organization and Authority,NEGATIVE,2.2,westlaw,not_risky,0,0,none,not_risky,0.0,0.0,0,0,"[{""issue"": ""Termination — Each Party Bears Own Expenses Without Exception. Section 20  provides that upon termination \""each party shall be responsible for its own expenses.\"" This applies regardless of the reason for termination — even if the Purchaser fails to satisfy its closing conditions, MSMCH would bear its own costs. MSMCH should consider adding a provision that if termination results from the Purchaser's breach or failure to satisfy its obligations, the Purchaser should reimburse MSMCH's reasonable out-of-pocket expenses."", ""type"": 0, ""prob"": 1.0, ""kind"": ""Notable"", ""party"": ""sellers_emc_morgan_stanley""}]",1
97FSupp3d548_mortgage_loan_purchase_agreement,97 F.Supp.3d 548,c249,Subsection 8.01(b). No Consent Required,NEGATIVE,2.2,westlaw,not_risky,0,0,none,not_risky,0.0,0.0,0,0,[],1
97FSupp3d548_mortgage_loan_purchase_agreement,97 F.Supp.3d 548,c250,Subsection 8.01(c). Ordinary Course of Business,NEGATIVE,2.2,westlaw,not_risky,0,0,none,not_risky,0.0,0.0,0,0,[],1
97FSupp3d548_mortgage_loan_purchase_agreement,97 F.Supp.3d 548,c251,Subsection 8.01(d). No Conflicts,NEGATIVE,2.2,westlaw,not_risky,0,0,none,not_risky,0.0,0.0,0,0,[],1
97FSupp3d548_mortgage_loan_purchase_agreement,97 F.Supp.3d 548,c252,Subsection 8.01(e). No Litigation Pending,NEGATIVE,2.2,westlaw,not_risky,0,0,none,not_risky,0.0,0.0,0,0,[],1
97FSupp3d548_mortgage_loan_purchase_agreement,97 F.Supp.3d 548,c253,Subsection 8.01(f). Ability to Perform,NEGATIVE,2.2,westlaw,not_risky,0,0,none,not_risky,0.0,0.0,0,0,[],1
97FSupp3d548_mortgage_loan_purchase_agreement,97 F.Supp.3d 548,c254,Subsection 8.01(g). Sale Treatment,NEGATIVE,2.2,westlaw,not_risky,0,0,none,not_risky,0.0,0.0,0,0,[],1
97FSupp3d548_mortgage_loan_purchase_agreement,97 F.Supp.3d 548,c255,Subsection 8.02. Assignment of Originator representations,NEGATIVE,2.2,westlaw,not_risky,0,0,none,not_risky,0.0,0.0,0,0,[],1
97FSupp3d548_mortgage_loan_purchase_agreement,97 F.Supp.3d 548,c256,Subsection 8.02. Seller representations and survival,NEGATIVE,2.2,westlaw,not_risky,0,0,none,not_risky,0.0,0.0,0,0,[],1
97FSupp3d548_mortgage_loan_purchase_agreement,97 F.Supp.3d 548,c257,Subsection 8.02. Breach condition,NEGATIVE,2.2,westlaw,not_risky,0,0,none,not_risky,0.0,0.0,0,0,[],1
97FSupp3d548_mortgage_loan_purchase_agreement,97 F.Supp.3d 548,c258,"Subsection 8.02. Cure, repurchase or substitution",NEGATIVE,2.2,westlaw,not_risky,0,0,none,risky_type1,1.0,0.0,2,0,"[{""issue"": ""The phrase “the Closing Date or such later date as is agreed to by the Purchaser and such Mortgage Loan Seller” left open how late the Mortgage File Delivery Date could be."", ""type"": 1, ""prob"": 1.0, ""kind"": ""Minor"", ""party"": ""purchaser_bear_stearns""}, {""issue"": ""The provision that MSMCH would cure, substitute, or repurchase if Accredited failed to do so left open how long MSMCH’s backstop obligation continued."", ""type"": 1, ""prob"": 1.0, ""kind"": ""Important"", ""party"": ""sellers_emc_morgan_stanley""}, {""issue"": ""Underlying Agreement — Seller Uses \""Best Efforts\"" Cure Standard. In the Underlying EMC Purchase Agreement, Subsection 8.02  states \""The Seller shall use its best efforts promptly to cure such breach.\"" The \""best efforts\"" standard is a high legal obligation — higher than \""commercially reasonable efforts\"" or \""reasonable best efforts.\"" Since Morgan Stanley Mortgage Capital Inc. (now MSMCH) is the Seller under this agreement, this imposes the most demanding effort standard available. MSMCH should negotiate this down to \""commercially reasonable efforts\"" to align with market practice."", ""type"": 0, ""prob"": 1.0, ""kind"": ""Notable"", ""party"": ""sellers_emc_morgan_stanley""}, {""issue"": ""Underlying Agreement — Repurchase and Substitution at Purchaser's Option Only. In the Underlying EMC Purchase Agreement, Subsection 8.02  provides that remedies for breach are \""at the Purchaser's option\"" — meaning EMC (the Purchaser under that agreement) has sole discretion to choose between repurchase and substitution. Since MSMCH is the Seller under that agreement, MSMCH has no election right. MSMCH should negotiate for the right to elect substitution before being required to repurchase, as substitution is generally less costly."", ""type"": 0, ""prob"": 1.0, ""kind"": ""Notable"", ""party"": ""sellers_emc_morgan_stanley""}]",1
97FSupp3d548_mortgage_loan_purchase_agreement,97 F.Supp.3d 548,c259,Subsection 8.02. Repurchase and substitution procedure,NEGATIVE,2.2,westlaw,not_risky,0,0,none,not_risky,0.0,0.0,0,0,[],1
97FSupp3d548_mortgage_loan_purchase_agreement,97 F.Supp.3d 548,c260,Subsection 8.02. Substitution shortfall,NEGATIVE,2.2,westlaw,not_risky,0,0,none,not_risky,0.0,0.0,0,0,[],1
97FSupp3d548_mortgage_loan_purchase_agreement,97 F.Supp.3d 548,c261,Subsection 8.02. Indemnity and sole remedies,NEGATIVE,2.2,westlaw,not_risky,0,0,none,not_risky,0.0,0.0,0,0,[],1
97FSupp3d548_mortgage_loan_purchase_agreement,97 F.Supp.3d 548,c262,Subsection 8.02. Cause of action accrual,NEGATIVE,2.2,westlaw,not_risky,0,0,none,not_risky,0.0,0.0,0,0,[],1
97FSupp3d548_mortgage_loan_purchase_agreement,97 F.Supp.3d 548,c263,Subsection 8.03. Originator FPD remedies,NEGATIVE,2.2,westlaw,not_risky,0,0,none,not_risky,0.0,0.0,0,0,[],1
97FSupp3d548_mortgage_loan_purchase_agreement,97 F.Supp.3d 548,c264,Subsection 8.03. Additional repurchase events,NEGATIVE,2.2,westlaw,not_risky,0,0,none,not_risky,0.0,0.0,0,0,[],1
97FSupp3d548_mortgage_loan_purchase_agreement,97 F.Supp.3d 548,c265,Underlying SECTION 9. Closing logistics,NEGATIVE,2.2,westlaw,not_risky,0,0,none,not_risky,0.0,0.0,0,0,[],1
97FSupp3d548_mortgage_loan_purchase_agreement,97 F.Supp.3d 548,c266,Underlying SECTION 9(i). Loan-level information,NEGATIVE,2.2,westlaw,not_risky,0,0,none,not_risky,0.0,0.0,0,0,[],1
97FSupp3d548_mortgage_loan_purchase_agreement,97 F.Supp.3d 548,c267,Underlying SECTION 9(ii). Representations and no default,NEGATIVE,2.2,westlaw,not_risky,0,0,none,not_risky,0.0,0.0,0,0,[],1
97FSupp3d548_mortgage_loan_purchase_agreement,97 F.Supp.3d 548,c268,Underlying SECTION 9(iii). Closing documents,NEGATIVE,2.2,westlaw,not_risky,0,0,none,not_risky,0.0,0.0,0,0,[],1
97FSupp3d548_mortgage_loan_purchase_agreement,97 F.Supp.3d 548,c269,Underlying SECTION 9(iv). Release of documents,NEGATIVE,2.2,westlaw,not_risky,0,0,none,not_risky,0.0,0.0,0,0,[],1
97FSupp3d548_mortgage_loan_purchase_agreement,97 F.Supp.3d 548,c270,Underlying SECTION 9(v). Compliance with other terms,NEGATIVE,2.2,westlaw,not_risky,0,0,none,not_risky,0.0,0.0,0,0,[],1
97FSupp3d548_mortgage_loan_purchase_agreement,97 F.Supp.3d 548,c271,Underlying SECTION 9. Purchase Price payment,NEGATIVE,2.2,westlaw,not_risky,0,0,none,not_risky,0.0,0.0,0,0,[],1
97FSupp3d548_mortgage_loan_purchase_agreement,97 F.Supp.3d 548,c272,Underlying SECTION 10. Closing Documents,NEGATIVE,2.2,westlaw,not_risky,0,0,none,not_risky,0.0,0.0,0,0,[],1
97FSupp3d548_mortgage_loan_purchase_agreement,97 F.Supp.3d 548,c273,Underlying SECTION 11. Costs,NEGATIVE,2.2,westlaw,not_risky,0,0,none,not_risky,0.0,0.0,0,0,[],1
97FSupp3d548_mortgage_loan_purchase_agreement,97 F.Supp.3d 548,c274,Underlying SECTION 12. Reconstitution right,NEGATIVE,2.2,westlaw,not_risky,0,0,none,not_risky,0.0,0.0,0,0,[],1
97FSupp3d548_mortgage_loan_purchase_agreement,97 F.Supp.3d 548,c275,Underlying SECTION 12. Reconstitution limit,NEGATIVE,2.2,westlaw,not_risky,0,0,none,not_risky,0.0,0.0,0,0,[],1
97FSupp3d548_mortgage_loan_purchase_agreement,97 F.Supp.3d 548,c276,Underlying SECTION 12. Seller cooperation,NEGATIVE,2.2,westlaw,not_risky,0,0,none,not_risky,0.0,0.0,0,0,[],1
97FSupp3d548_mortgage_loan_purchase_agreement,97 F.Supp.3d 548,c277,Underlying SECTION 12. Originator representations and Seller backstop,NEGATIVE,2.2,westlaw,not_risky,0,0,none,not_risky,0.0,0.0,0,0,[],1
97FSupp3d548_mortgage_loan_purchase_agreement,97 F.Supp.3d 548,c278,Underlying SECTION 12. Untransferred loans remain subject,NEGATIVE,2.2,westlaw,not_risky,0,0,none,not_risky,0.0,0.0,0,0,[],1
97FSupp3d548_mortgage_loan_purchase_agreement,97 F.Supp.3d 548,c279,Underlying SECTION 12. Seller Information delivery,NEGATIVE,2.2,westlaw,not_risky,0,0,none,not_risky,0.0,0.0,0,0,[],1
97FSupp3d548_mortgage_loan_purchase_agreement,97 F.Supp.3d 548,c280,Underlying SECTION 12. Seller Information indemnity,NEGATIVE,2.2,westlaw,not_risky,0,0,none,not_risky,0.0,0.0,0,0,[],1
97FSupp3d548_mortgage_loan_purchase_agreement,97 F.Supp.3d 548,c281,Underlying SECTION 13. Grant of Security Interest,NEGATIVE,2.2,westlaw,not_risky,0,0,none,not_risky,0.0,0.0,0,0,[],1
97FSupp3d548_mortgage_loan_purchase_agreement,97 F.Supp.3d 548,c282,Underlying SECTION 14. Notices,NEGATIVE,2.2,westlaw,not_risky,0,0,none,risky_type1,1.0,0.0,1,0,"[{""issue"": ""The notice language permitting delivery by facsimile while referring to a “return receipt” for registered or certified mail left open whether registered or certified mail was an authorized delivery method."", ""type"": 1, ""prob"": 1.0, ""kind"": ""Minor"", ""party"": ""purchaser_bear_stearns""}]",1
97FSupp3d548_mortgage_loan_purchase_agreement,97 F.Supp.3d 548,c283,Underlying SECTION 15. Severability Clause,NEGATIVE,2.2,westlaw,not_risky,0,0,none,not_risky,0.0,0.0,0,0,[],1
97FSupp3d548_mortgage_loan_purchase_agreement,97 F.Supp.3d 548,c284,Underlying SECTION 16. Counterparts,NEGATIVE,2.2,westlaw,not_risky,0,0,none,not_risky,0.0,0.0,0,0,[],1
97FSupp3d548_mortgage_loan_purchase_agreement,97 F.Supp.3d 548,c285,Underlying SECTION 17. Intention of the Parties,NEGATIVE,2.2,westlaw,not_risky,0,0,none,not_risky,0.0,0.0,0,0,[],1
97FSupp3d548_mortgage_loan_purchase_agreement,97 F.Supp.3d 548,c286,Underlying SECTION 18. Successors and Assigns,NEGATIVE,2.2,westlaw,not_risky,0,0,none,not_risky,0.0,0.0,0,0,[],1
97FSupp3d548_mortgage_loan_purchase_agreement,97 F.Supp.3d 548,c287,Underlying SECTION 19. Waivers,NEGATIVE,2.2,westlaw,not_risky,0,0,none,not_risky,0.0,0.0,0,0,[],1
97FSupp3d548_mortgage_loan_purchase_agreement,97 F.Supp.3d 548,c288,Underlying SECTION 20. Exhibits,NEGATIVE,2.2,westlaw,not_risky,0,0,none,not_risky,0.0,0.0,0,0,[],1
97FSupp3d548_mortgage_loan_purchase_agreement,97 F.Supp.3d 548,c289,"Underlying SECTION 21(a). Defined terms, number and gender",NEGATIVE,2.2,westlaw,not_risky,0,0,none,not_risky,0.0,0.0,0,0,[],1
97FSupp3d548_mortgage_loan_purchase_agreement,97 F.Supp.3d 548,c290,Underlying SECTION 21(b). Accounting terms,NEGATIVE,2.2,westlaw,not_risky,0,0,none,not_risky,0.0,0.0,0,0,[],1
97FSupp3d548_mortgage_loan_purchase_agreement,97 F.Supp.3d 548,c291,Underlying SECTION 21(c). References to subdivisions,NEGATIVE,2.2,westlaw,not_risky,0,0,none,not_risky,0.0,0.0,0,0,[],1
97FSupp3d548_mortgage_loan_purchase_agreement,97 F.Supp.3d 548,c292,Underlying SECTION 21(d). Subsection references,NEGATIVE,2.2,westlaw,not_risky,0,0,none,not_risky,0.0,0.0,0,0,[],1
97FSupp3d548_mortgage_loan_purchase_agreement,97 F.Supp.3d 548,c293,Underlying SECTION 21(e). Herein references,NEGATIVE,2.2,westlaw,not_risky,0,0,none,not_risky,0.0,0.0,0,0,[],1
97FSupp3d548_mortgage_loan_purchase_agreement,97 F.Supp.3d 548,c294,Underlying SECTION 21(f). Include or including,NEGATIVE,2.2,westlaw,not_risky,0,0,none,not_risky,0.0,0.0,0,0,[],1
97FSupp3d548_mortgage_loan_purchase_agreement,97 F.Supp.3d 548,c295,Underlying SECTION 22. Reproduction of Documents,NEGATIVE,2.2,westlaw,not_risky,0,0,none,not_risky,0.0,0.0,0,0,[],1
97FSupp3d548_mortgage_loan_purchase_agreement,97 F.Supp.3d 548,c296,Underlying SECTION 23. Further Agreements,NEGATIVE,2.2,westlaw,not_risky,0,0,none,not_risky,0.0,0.0,0,0,[],1
97FSupp3d548_mortgage_loan_purchase_agreement,97 F.Supp.3d 548,c297,Underlying SECTION 24. Recordation of Assignments,NEGATIVE,2.2,westlaw,not_risky,0,0,none,not_risky,0.0,0.0,0,0,[],1
97FSupp3d548_mortgage_loan_purchase_agreement,97 F.Supp.3d 548,c298,Underlying SECTION 25. No Solicitation,NEGATIVE,2.2,westlaw,not_risky,0,0,none,not_risky,0.0,0.0,0,0,[],1
97FSupp3d548_mortgage_loan_purchase_agreement,97 F.Supp.3d 548,c299,Underlying SECTION 25. General promotions,NEGATIVE,2.2,westlaw,not_risky,0,0,none,not_risky,0.0,0.0,0,0,[],1
97FSupp3d548_mortgage_loan_purchase_agreement,97 F.Supp.3d 548,c300,Underlying SECTION 26. Waiver of Trial by Jury,NEGATIVE,2.2,westlaw,not_risky,0,0,none,not_risky,0.0,0.0,0,0,[],1
97FSupp3d548_mortgage_loan_purchase_agreement,97 F.Supp.3d 548,c301,Underlying SECTION 27. Governing Law and Jurisdiction,NEGATIVE,2.2,westlaw,not_risky,0,0,none,not_risky,0.0,0.0,0,0,[],1
97FSupp3d548_mortgage_loan_purchase_agreement,97 F.Supp.3d 548,c302,Underlying SECTION 28. Privacy Act Compliance,NEGATIVE,2.2,westlaw,not_risky,0,0,none,not_risky,0.0,0.0,0,0,[],1
97FSupp3d548_mortgage_loan_purchase_agreement,97 F.Supp.3d 548,c303,Underlying EXHIBIT A-1. Mortgage Loan Documents,NEGATIVE,2.2,westlaw,not_risky,0,0,none,not_risky,0.0,0.0,0,0,[],1
97FSupp3d548_mortgage_loan_purchase_agreement,97 F.Supp.3d 548,c304,Underlying EXHIBIT A-2. Mortgage File contents,NEGATIVE,2.2,westlaw,not_risky,0,0,none,not_risky,0.0,0.0,0,0,[],1
97FSupp3d548_mortgage_loan_purchase_agreement,97 F.Supp.3d 548,c305,Assignment Agreement parties,NEGATIVE,2.2,westlaw,not_risky,0,0,none,not_risky,0.0,0.0,0,0,[],1
97FSupp3d548_mortgage_loan_purchase_agreement,97 F.Supp.3d 548,c306,Assignment Agreement 1. Assignment and Conveyance,NEGATIVE,2.2,westlaw,not_risky,0,0,none,not_risky,0.0,0.0,0,0,[],1
97FSupp3d548_mortgage_loan_purchase_agreement,97 F.Supp.3d 548,c307,Assignment Agreement 2(a). Purchase Agreements,NEGATIVE,2.2,westlaw,not_risky,0,0,none,not_risky,0.0,0.0,0,0,[],1
97FSupp3d548_mortgage_loan_purchase_agreement,97 F.Supp.3d 548,c308,Assignment Agreement 2(b). Servicing Agreements,NEGATIVE,2.2,westlaw,not_risky,0,0,none,not_risky,0.0,0.0,0,0,[],1
97FSupp3d548_mortgage_loan_purchase_agreement,97 F.Supp.3d 548,c309,Assignment Agreement 2(c). Ownership,NEGATIVE,2.2,westlaw,not_risky,0,0,none,not_risky,0.0,0.0,0,0,[],1
97FSupp3d548_mortgage_loan_purchase_agreement,97 F.Supp.3d 548,c310,Assignment Agreement 2(d). No offsets or defenses,NEGATIVE,2.2,westlaw,not_risky,0,0,none,not_risky,0.0,0.0,0,0,[],1
97FSupp3d548_mortgage_loan_purchase_agreement,97 F.Supp.3d 548,c311,Assignment Agreement 2(e). No waivers or modifications,NEGATIVE,2.2,westlaw,not_risky,0,0,none,not_risky,0.0,0.0,0,0,[],1
97FSupp3d548_mortgage_loan_purchase_agreement,97 F.Supp.3d 548,c312,Assignment Agreement 2(f). Power and authority,NEGATIVE,2.2,westlaw,not_risky,0,0,none,not_risky,0.0,0.0,0,0,[],1
97FSupp3d548_mortgage_loan_purchase_agreement,97 F.Supp.3d 548,c313,Assignment Agreement 2(g). Organization and enforceability,NEGATIVE,2.2,westlaw,not_risky,0,0,none,not_risky,0.0,0.0,0,0,[],1
97FSupp3d548_mortgage_loan_purchase_agreement,97 F.Supp.3d 548,c314,Assignment Agreement 2(h). Governmental consent,NEGATIVE,2.2,westlaw,not_risky,0,0,none,not_risky,0.0,0.0,0,0,[],1
97FSupp3d548_mortgage_loan_purchase_agreement,97 F.Supp.3d 548,c315,Assignment Agreement 2(i). No litigation,NEGATIVE,2.2,westlaw,not_risky,0,0,none,not_risky,0.0,0.0,0,0,[],1
97FSupp3d548_mortgage_loan_purchase_agreement,97 F.Supp.3d 548,c316,Assignment Agreement 2(j). No third-party consent,NEGATIVE,2.2,westlaw,not_risky,0,0,none,not_risky,0.0,0.0,0,0,[],1
97FSupp3d548_mortgage_loan_purchase_agreement,97 F.Supp.3d 548,c317,Assignment Agreement 3. Governing law,NEGATIVE,2.2,westlaw,not_risky,0,0,none,not_risky,0.0,0.0,0,0,[],1
97FSupp3d548_mortgage_loan_purchase_agreement,97 F.Supp.3d 548,c318,Assignment Agreement 4. Waiver or modification,NEGATIVE,2.2,westlaw,not_risky,0,0,none,not_risky,0.0,0.0,0,0,[],1
97FSupp3d548_mortgage_loan_purchase_agreement,97 F.Supp.3d 548,c319,Assignment Agreement 5. Successors and assigns,NEGATIVE,2.2,westlaw,not_risky,0,0,none,not_risky,0.0,0.0,0,0,[],1
97FSupp3d548_mortgage_loan_purchase_agreement,97 F.Supp.3d 548,c320,Assignment Agreement 6. Survival,NEGATIVE,2.2,westlaw,not_risky,0,0,none,not_risky,0.0,0.0,0,0,[],1
97FSupp3d548_mortgage_loan_purchase_agreement,97 F.Supp.3d 548,c321,Assignment Agreement 7. Counterparts,NEGATIVE,2.2,westlaw,not_risky,0,0,none,not_risky,0.0,0.0,0,0,[],1
97FSupp3d548_mortgage_loan_purchase_agreement,97 F.Supp.3d 548,c322,Assignment Agreement 8. Conflicts,NEGATIVE,2.2,westlaw,not_risky,0,0,none,not_risky,0.0,0.0,0,0,[],1
97FSupp3d548_mortgage_loan_purchase_agreement,97 F.Supp.3d 548,c323,Assignment Agreement 9. Capitalized terms,NEGATIVE,2.2,westlaw,not_risky,0,0,none,not_risky,0.0,0.0,0,0,[],1
97FSupp3d548_mortgage_loan_purchase_agreement,97 F.Supp.3d 548,c324,EXHIBIT F Part A(A). Payments Current,NEGATIVE,2.2,westlaw,not_risky,0,0,none,not_risky,0.0,0.0,0,0,[],1
97FSupp3d548_mortgage_loan_purchase_agreement,97 F.Supp.3d 548,c325,EXHIBIT F Part A(B). No Defenses,NEGATIVE,2.2,westlaw,not_risky,0,0,none,not_risky,0.0,0.0,0,0,[],1
97FSupp3d548_mortgage_loan_purchase_agreement,97 F.Supp.3d 548,c326,EXHIBIT F Part A(C). Hazard Insurance,NEGATIVE,2.2,westlaw,not_risky,0,0,none,not_risky,0.0,0.0,0,0,[],1
97FSupp3d548_mortgage_loan_purchase_agreement,97 F.Supp.3d 548,c327,EXHIBIT F Part A(D). Compliance with Applicable Laws,NEGATIVE,2.2,westlaw,not_risky,0,0,none,not_risky,0.0,0.0,0,0,[],1
97FSupp3d548_mortgage_loan_purchase_agreement,97 F.Supp.3d 548,c328,EXHIBIT F Part A(E). Valid First or Second Lien,NEGATIVE,2.2,westlaw,not_risky,0,0,none,not_risky,0.0,0.0,0,0,[],1
97FSupp3d548_mortgage_loan_purchase_agreement,97 F.Supp.3d 548,c329,EXHIBIT F Part A(F). Validity of Mortgage Documents,NEGATIVE,2.2,westlaw,not_risky,0,0,none,not_risky,0.0,0.0,0,0,[],1
97FSupp3d548_mortgage_loan_purchase_agreement,97 F.Supp.3d 548,c330,EXHIBIT F Part A(G). Title Insurance,NEGATIVE,2.2,westlaw,not_risky,0,0,none,not_risky,0.0,0.0,0,0,[],1
97FSupp3d548_mortgage_loan_purchase_agreement,97 F.Supp.3d 548,c331,EXHIBIT F Part A(H). No Defaults,NEGATIVE,2.2,westlaw,not_risky,0,0,none,not_risky,0.0,0.0,0,0,[],1
97FSupp3d548_mortgage_loan_purchase_agreement,97 F.Supp.3d 548,c332,EXHIBIT F Part A(I). Full Disbursement of Proceeds,NEGATIVE,2.2,westlaw,not_risky,0,0,none,not_risky,0.0,0.0,0,0,[],1
97FSupp3d548_mortgage_loan_purchase_agreement,97 F.Supp.3d 548,c333,EXHIBIT F Part A(J). No Mechanics’ Liens,NEGATIVE,2.2,westlaw,not_risky,0,0,none,not_risky,0.0,0.0,0,0,[],1
97FSupp3d548_mortgage_loan_purchase_agreement,97 F.Supp.3d 548,c334,EXHIBIT F Part A(K). Customary Provisions,NEGATIVE,2.2,westlaw,not_risky,0,0,none,not_risky,0.0,0.0,0,0,[],1
97FSupp3d548_mortgage_loan_purchase_agreement,97 F.Supp.3d 548,c335,EXHIBIT F Part A(L). Due-On-Sale,NEGATIVE,2.2,westlaw,not_risky,0,0,none,not_risky,0.0,0.0,0,0,[],1
97FSupp3d548_mortgage_loan_purchase_agreement,97 F.Supp.3d 548,c336,EXHIBIT F Part A(M). Property condition and condemnation,NEGATIVE,2.2,westlaw,not_risky,0,0,none,not_risky,0.0,0.0,0,0,[],1
97FSupp3d548_mortgage_loan_purchase_agreement,97 F.Supp.3d 548,c337,EXHIBIT F Part A(N). Origination,NEGATIVE,2.2,westlaw,not_risky,0,0,none,not_risky,0.0,0.0,0,0,[],1
97FSupp3d548_mortgage_loan_purchase_agreement,97 F.Supp.3d 548,c338,EXHIBIT F Part A(O). Predatory Lending Regulations,NEGATIVE,2.2,westlaw,not_risky,0,0,none,not_risky,0.0,0.0,0,0,[],1
97FSupp3d548_mortgage_loan_purchase_agreement,97 F.Supp.3d 548,c339,EXHIBIT F Part A(P). No Outstanding Charges,NEGATIVE,2.2,westlaw,not_risky,0,0,none,not_risky,0.0,0.0,0,0,[],1
97FSupp3d548_mortgage_loan_purchase_agreement,97 F.Supp.3d 548,c340,EXHIBIT F Part A(Q). Original Terms Unmodified,NEGATIVE,2.2,westlaw,not_risky,0,0,none,not_risky,0.0,0.0,0,0,[],1
97FSupp3d548_mortgage_loan_purchase_agreement,97 F.Supp.3d 548,c341,EXHIBIT F Part A(R). Qualified Mortgage,NEGATIVE,2.2,westlaw,not_risky,0,0,none,not_risky,0.0,0.0,0,0,[],1
97FSupp3d548_mortgage_loan_purchase_agreement,97 F.Supp.3d 548,c342,EXHIBIT F Part A(S). Ownership,NEGATIVE,2.2,westlaw,not_risky,0,0,none,not_risky,0.0,0.0,0,0,[],1
97FSupp3d548_mortgage_loan_purchase_agreement,97 F.Supp.3d 548,c343,EXHIBIT F Part A(T). Location of Improvements,NEGATIVE,2.2,westlaw,not_risky,0,0,none,not_risky,0.0,0.0,0,0,[],1
97FSupp3d548_mortgage_loan_purchase_agreement,97 F.Supp.3d 548,c344,EXHIBIT F Part A(U). Appraisal,NEGATIVE,2.2,westlaw,not_risky,0,0,none,not_risky,0.0,0.0,0,0,[],1
97FSupp3d548_mortgage_loan_purchase_agreement,97 F.Supp.3d 548,c345,EXHIBIT F Part A(V). LTV,NEGATIVE,2.2,westlaw,not_risky,0,0,none,not_risky,0.0,0.0,0,0,[],1
97FSupp3d548_mortgage_loan_purchase_agreement,97 F.Supp.3d 548,c346,EXHIBIT F Part A(W). Prepayment Penalty,NEGATIVE,2.2,westlaw,not_risky,0,0,none,not_risky,0.0,0.0,0,0,[],1
97FSupp3d548_mortgage_loan_purchase_agreement,97 F.Supp.3d 548,c347,EXHIBIT F Part A(X). Purchase of Insurance,NEGATIVE,2.2,westlaw,not_risky,0,0,none,not_risky,0.0,0.0,0,0,[],1
97FSupp3d548_mortgage_loan_purchase_agreement,97 F.Supp.3d 548,c348,EXHIBIT F Part A(Y). No Arbitration,NEGATIVE,2.2,westlaw,not_risky,0,0,none,not_risky,0.0,0.0,0,0,[],1
97FSupp3d548_mortgage_loan_purchase_agreement,97 F.Supp.3d 548,c349,EXHIBIT F Part B(A). Mortgage Loans as Described,NEGATIVE,2.2,westlaw,not_risky,0,0,none,not_risky,0.0,0.0,0,0,[],1
97FSupp3d548_mortgage_loan_purchase_agreement,97 F.Supp.3d 548,c350,EXHIBIT F Part B(B). Ownership,NEGATIVE,2.2,westlaw,not_risky,0,0,none,not_risky,0.0,0.0,0,0,[],1
97FSupp3d548_mortgage_loan_purchase_agreement,97 F.Supp.3d 548,c351,EXHIBIT F Part B(C). Compliance with Applicable Laws,NEGATIVE,2.2,westlaw,not_risky,0,0,none,not_risky,0.0,0.0,0,0,[],1
97FSupp3d548_mortgage_loan_purchase_agreement,97 F.Supp.3d 548,c352,EXHIBIT F Part B(D). Securitization Representation,NEGATIVE,2.2,westlaw,not_risky,0,0,none,not_risky,0.0,0.0,0,0,[],1
97FSupp3d548_mortgage_loan_purchase_agreement,97 F.Supp.3d 548,c353,SCHEDULE A. Ratings not lowered,NEGATIVE,2.2,westlaw,not_risky,0,0,none,not_risky,0.0,0.0,0,0,[],1
982FSupp2d518_2003_mta,982 F.Supp.2d 518,c001,"Effective date, parties, and purpose",NEGATIVE,1.1,westlaw,not_risky,0,0,none,not_risky,0.0,0.0,0,0,[],1
982FSupp2d518_2003_mta,982 F.Supp.2d 518,c002,1. Material and intellectual property rights,POSITIVE,1.1,westlaw,risky,1,0,1.1,not_risky,0.0,0.0,0,0,"[{""issue"": ""No Confidentiality Obligations on Recipient. The agreement transfers proprietary biological material and accompanying know-how and data  to Recipient but contains no confidentiality or non-disclosure obligations. This is a significant omission from St. Jude's perspective. Without confidentiality protections, Recipient is free to disclose St. Jude's proprietary information, know-how, and data to third parties (beyond the publication context addressed in Section 6). Consider adding a confidentiality obligation to protect St. Jude's proprietary information associated with the Material."", ""type"": 0, ""prob"": 1.0, ""kind"": ""Important"", ""party"": ""provider_st_jude""}]",1
982FSupp2d518_2003_mta,982 F.Supp.2d 518,c003,2. Control and transfer of Material,NEGATIVE,1.1,westlaw,not_risky,0,0,none,not_risky,0.0,0.0,0,0,[],1
982FSupp2d518_2003_mta,982 F.Supp.2d 518,c004,3. Permitted research use,NEGATIVE,1.1,westlaw,not_risky,0,0,none,not_risky,0.0,0.0,0,0,[],1
982FSupp2d518_2003_mta,982 F.Supp.2d 518,c005,4. Use restrictions,NEGATIVE,1.1,westlaw,not_risky,0,0,none,risky_type1,1.0,0.0,1,0,"[{""issue"": ""No St. Jude Right to Audit or Inspect Use. Section 2  requires the Material to remain \""under the immediate and direct control of Recipient Scientist,\"" but St. Jude has no right to audit, inspect, or verify compliance with the Material use restrictions. Given the proprietary nature of the Material and the strict limitations on its use (pre-clinical only, no human use, no commercialization), St. Jude should have the right to verify compliance upon reasonable notice."", ""type"": 0, ""prob"": 1.0, ""kind"": ""Minor"", ""party"": ""provider_st_jude""}, {""issue"": ""The phrase \""pre-clinical studies\"" left open whether the permitted use extended to clinical application."", ""type"": 1, ""prob"": 1.0, ""kind"": ""Important"", ""party"": ""recipient_june_upenn""}, {""issue"": ""No Human Use Prohibition May Conflict With Future Clinical Plans. Clause 4  flatly prohibits the Material from being \""used in humans.\"" Combined with the pre-clinical-only restriction in Clause 3, this creates a hard barrier to any future clinical translation. If UPenn's collaborative research yields promising results, it would need to negotiate an entirely new agreement before any clinical use. UPenn should consider adding language that allows the parties to negotiate in good faith an amendment permitting clinical use upon completion of successful pre-clinical studies."", ""type"": 0, ""prob"": 1.0, ""kind"": ""Notable"", ""party"": ""recipient_june_upenn""}]",1
982FSupp2d518_2003_mta,982 F.Supp.2d 518,c006,5. Distribution rights,NEGATIVE,1.1,westlaw,not_risky,0,0,none,not_risky,0.0,0.0,0,0,[],1
982FSupp2d518_2003_mta,982 F.Supp.2d 518,c007,6. Joint publications,NEGATIVE,1.1,westlaw,not_risky,0,0,none,not_risky,0.0,0.0,0,0,"[{""issue"": ""No Reporting or Progress Update Obligation. Despite being styled as a \""Collaboration and Materials Transfer Agreement,\"" the agreement contains no obligation for Recipient to provide St. Jude with periodic updates, progress reports, or research results from the collaborative study. Section 3  limits use to creating a lentiviral chimeric T-cell receptor construct for pre-clinical studies, but St. Jude has no contractual right to receive the results of those studies. Consider adding a reporting obligation to ensure St. Jude receives the benefit of the collaboration."", ""type"": 0, ""prob"": 1.0, ""kind"": ""Notable"", ""party"": ""provider_st_jude""}, {""issue"": ""Publication Clause Lacks Pre-Publication Review Period. Clause 6  provides for joint publication \""in accordance with academic standards\"" but does not include any pre-publication review period. This is a significant gap — without a review period, either party could inadvertently publish results that would destroy patentability of the other's inventions. UPenn should add a standard 30-day review right before any publication, allowing either party to delay publication to file patent applications."", ""type"": 0, ""prob"": 1.0, ""kind"": ""Notable"", ""party"": ""recipient_june_upenn""}]",1
982FSupp2d518_2003_mta,982 F.Supp.2d 518,c008,7. Rights and termination,NEGATIVE,1.1,westlaw,not_risky,0,0,none,risky_type2,0.0,1.0,0,2,"[{""issue"": ""Missing Pre-Publication Review Right. Section 6  states that publications from the collaborative research \""be jointly published in accordance with academic standards,\"" but does not give St. Jude any right to review manuscripts prior to submission. Without a pre-publication review period, Recipient could publish results that inadvertently disclose St. Jude's proprietary information or jeopardize patent filings. Standard MTA practice includes a 30–60 day review period for the provider to review manuscripts and request removal of confidential information or delay publication to allow patent filings."", ""type"": 0, ""prob"": 1.0, ""kind"": ""Important"", ""party"": ""provider_st_jude""}, {""issue"": ""Section 7 had to be read against Sections 6, 8, 9, and 10 to determine whether the publication obligations, grant-back license and commercialization prohibition, warranty disclaimer, and liability limitations survived termination."", ""type"": 2, ""prob"": 1.0, ""kind"": ""Important"", ""party"": ""provider_st_jude""}, {""issue"": ""No Right to Terminate for Breach. Section 7  only allows termination upon thirty (30) days' written notice. It does not provide for immediate termination in the event of a material breach by Recipient (e.g., unauthorized use, unauthorized transfer, commercialization without consent, or use in humans). Given the sensitive nature of the Material and the serious consequences of misuse, St. Jude should have the right to terminate immediately upon material breach."", ""type"": 0, ""prob"": 1.0, ""kind"": ""Notable"", ""party"": ""provider_st_jude""}, {""issue"": ""Short Termination Notice Period With No Cause Requirement. Clause 7  allows either party to terminate on just 30 days' written notice, with no cause required. While mutual termination-for-convenience is common, a 30-day window is short for a research collaboration — UPenn may have committed significant resources and time. Consider extending to 60 or 90 days to allow orderly wind-down of research activities."", ""type"": 0, ""prob"": 1.0, ""kind"": ""Notable"", ""party"": ""recipient_june_upenn""}, {""issue"": ""No Restriction on Material Transfer Prevents Exclusivity. Clause 5  expressly reserves St. Jude's \""unrestricted right to distribute the Material to other commercial or noncommercial entities.\"" While this is standard for basic MTAs, this is styled as a \""Collaboration\"" agreement. The unrestricted right to share the Material with competitors — including commercial entities — could undermine UPenn's research advantage and any IP position developed through the collaboration. UPenn should consider negotiating at minimum a notice requirement, or a limited exclusivity period for the specific field of use."", ""type"": 0, ""prob"": 1.0, ""kind"": ""Notable"", ""party"": ""recipient_june_upenn""}, {""issue"": ""Clause 7 had to be read against Clauses 8, 9, and 10 to determine whether the grant-back license, warranty disclaimer, and liability provisions survived termination."", ""type"": 2, ""prob"": 1.0, ""kind"": ""Minor"", ""party"": ""recipient_june_upenn""}]",1
982FSupp2d518_2003_mta,982 F.Supp.2d 518,c009,8. Commercialization and inventions,POSITIVE,1.1,westlaw,risky,1,0,1.1,risky_type1,1.0,0.0,3,0,"[{""issue"": ""The phrase \""for non-commercial purposes\"" left open whether the license reached commercial use of inventions arising from use of the Material."", ""type"": 1, ""prob"": 1.0, ""kind"": ""Important"", ""party"": ""provider_st_jude""}, {""issue"": ""No Certification of Destruction Required. Section 7  requires Recipient to \""destroy all unused Materials\"" upon termination, but does not require Recipient to certify or confirm destruction in writing. Without a written certification requirement, St. Jude has no way to verify that its proprietary Material has actually been destroyed. St. Jude should require written confirmation of destruction."", ""type"": 0, ""prob"": 1.0, ""kind"": ""Notable"", ""party"": ""provider_st_jude""}, {""issue"": ""No Consequences for Late Patent Notification. Section 8  requires Recipient to notify St. Jude within sixty (60) days of filing a patent application that contains or incorporates the Material. However, the provision does not specify any consequences for Recipient's failure to provide timely notice, nor does it require St. Jude's prior consent before filing. Consider requiring prior written notice (e.g., 30 days before filing) rather than post-filing notice, and adding a remedy for failure to comply."", ""type"": 0, ""prob"": 1.0, ""kind"": ""Notable"", ""party"": ""provider_st_jude""}, {""issue"": ""Commercialization Approval Lacks Standards or Timeline. Section 8  states that Recipient shall not commercialize any product containing the Material without St. Jude's prior written approval, but does not establish any standards or process. While this gives St. Jude broad discretion (favorable), it would be clearer to specify that approval is in St. Jude's sole discretion and subject to a separate commercialization agreement with royalty terms."", ""type"": 0, ""prob"": 1.0, ""kind"": ""Notable"", ""party"": ""provider_st_jude""}, {""issue"": ""St. Jude Veto Over Commercialization Is One-Sided. Clause 8  requires UPenn to obtain St. Jude's \""prior written approval\"" before commercializing any product containing the Material. This effectively gives St. Jude an absolute veto over UPenn's commercialization efforts, with no obligation on St. Jude to negotiate in good faith, no timeline for response, and no standard for withholding approval. UPenn should negotiate that such approval not be unreasonably withheld, conditioned, or delayed."", ""type"": 0, ""prob"": 1.0, ""kind"": ""Important"", ""party"": ""recipient_june_upenn""}, {""issue"": ""The phrase \""any inventions that arise from the use of the Materials\"" left open whether it reached inventions primarily resulting from UPenn's own intellectual contributions."", ""type"": 1, ""prob"": 1.0, ""kind"": ""Important"", ""party"": ""recipient_june_upenn""}, {""issue"": ""The phrase \""all unused Materials\"" left open whether it reached Materials already incorporated into derivatives or products, Materials involved in ongoing experiments, or Materials retained for regulatory or legal compliance."", ""type"": 1, ""prob"": 1.0, ""kind"": ""Notable"", ""party"": ""recipient_june_upenn""}, {""issue"": ""60-Day Patent Filing Notification Deadline Is Short. Clause 8  requires UPenn to notify St. Jude within 60 days of filing any patent application claiming subject matter containing the Material. This is a relatively tight deadline for a university technology licensing office. Missing this deadline could be characterized as a breach. UPenn should negotiate a longer notification window (e.g., 90 or 120 days) or clarify that failure to notify within the period is not a material breach."", ""type"": 0, ""prob"": 1.0, ""kind"": ""Minor"", ""party"": ""recipient_june_upenn""}]",1
982FSupp2d518_2003_mta,982 F.Supp.2d 518,c010,9. Warranty disclaimer,NEGATIVE,1.1,westlaw,not_risky,0,0,none,not_risky,0.0,0.0,0,0,[],1
982FSupp2d518_2003_mta,982 F.Supp.2d 518,c011,10. Limitation of liability,NEGATIVE,1.1,westlaw,not_risky,0,0,none,risky_type1,1.0,0.0,2,0,"[{""issue"": ""No Affirmative Indemnification from Recipient. Section 10  provides that Recipient \""assumes all liability for damages\"" from its use of the Materials, and limits St. Jude's liability . However, it lacks an affirmative indemnification obligation requiring Recipient to indemnify, defend, and hold harmless St. Jude against third-party claims arising from Recipient's use, storage, or disposal of the Materials. Simply \""assuming liability\"" is weaker than a true indemnification commitment. St. Jude should strengthen this to include an express indemnification and defense obligation."", ""type"": 0, ""prob"": 1.0, ""kind"": ""Important"", ""party"": ""provider_st_jude""}, {""issue"": ""The phrase \""all liability for damages that may arise from its use, storage or disposal of the Materials\"" left open whether it reached damages caused by defects in the Material as provided by St. Jude."", ""type"": 1, ""prob"": 1.0, ""kind"": ""Important"", ""party"": ""recipient_june_upenn""}, {""issue"": ""The phrase \""any damages, expenses... losses, claims\"" left open whether the exculpation reached St. Jude's breach of the Agreement and negligent acts in preparing or providing the Material."", ""type"": 1, ""prob"": 1.0, ""kind"": ""Notable"", ""party"": ""recipient_june_upenn""}]",1
982FSupp2d518_2003_mta,982 F.Supp.2d 518,c012,Acceptance and return,NEGATIVE,1.1,westlaw,not_risky,0,0,none,not_risky,0.0,0.0,0,0,[],1
982FSupp2d518_2007_mta,982 F.Supp.2d 518,c001,Provision of materials,NEGATIVE,1.1,westlaw,not_risky,0,0,none,not_risky,0.0,0.0,0,0,[],1
982FSupp2d518_2007_mta,982 F.Supp.2d 518,c002,Acceptance condition,NEGATIVE,1.1,westlaw,not_risky,0,0,none,not_risky,0.0,0.0,0,0,[],1
982FSupp2d518_2007_mta,982 F.Supp.2d 518,c003,1. Definition of Materials,POSITIVE,1.1,westlaw,risky,1,0,1.1,risky_type1,1.0,0.0,1,0,"[{""issue"": ""The phrase “any progeny, portions, unmodified derivatives and any accompanying know-how or data” left open whether anything Recipient generated using the construct was itself classified as “Materials.”"", ""type"": 1, ""prob"": 1.0, ""kind"": ""Notable"", ""party"": ""recipient_june_upenn""}]",1
982FSupp2d518_2007_mta,982 F.Supp.2d 518,c004,1. Materials proprietary-right acknowledgment,NEGATIVE,1.1,westlaw,not_risky,0,0,none,not_risky,0.0,0.0,0,0,[],1
982FSupp2d518_2007_mta,982 F.Supp.2d 518,c005,1. No implied licenses or rights,NEGATIVE,1.1,westlaw,not_risky,0,0,none,not_risky,0.0,0.0,0,0,[],1
982FSupp2d518_2007_mta,982 F.Supp.2d 518,c006,2. Responsibility for Materials,NEGATIVE,1.1,westlaw,not_risky,0,0,none,risky_type1,1.0,0.0,1,0,"[{""issue"": ""The phrase “sole responsibility” left open whether Recipient bore responsibility for a compliance issue to which St. Jude’s preparation or shipment of the Materials contributed."", ""type"": 1, ""prob"": 1.0, ""kind"": ""Notable"", ""party"": ""recipient_june_upenn""}]",1
982FSupp2d518_2007_mta,982 F.Supp.2d 518,c007,3. Permitted purpose,POSITIVE,1.1,westlaw,risky,1,0,1.1,not_risky,0.0,0.0,0,0,"[{""issue"": ""No Reporting Obligation on Material Use or Safety Issues. Section 3  limits the use of Materials to producing a lentiviral vector for a Phase I clinical trial, but neither Section 3 nor any other provision requires Recipient to report back to St. Jude on any adverse events, safety issues, or regulatory actions related to the use of the Materials in the clinical trial. Given that these Materials will be used in human subjects research, St. Jude should require prompt notification of any such events to protect its own risk profile and IP interests. Consider adding a reporting obligation to the permitted use clause."", ""type"": 0, ""prob"": 1.0, ""kind"": ""Notable"", ""party"": ""provider_st_jude""}, {""issue"": ""Use Restriction Limited to Phase I Only. Section 3  restricts use of the Materials to producing a lentiviral vector clone for a Phase I clinical trial only. This is very narrow and would require a new agreement or amendment for any subsequent phases, additional trials, or even preclinical research. Penn should consider broadening this to cover \""clinical trials\"" generally, or at least Phase I/II, to avoid needing to renegotiate mid-program."", ""type"": 0, ""prob"": 1.0, ""kind"": ""Minor"", ""party"": ""recipient_june_upenn""}]",1
982FSupp2d518_2007_mta,982 F.Supp.2d 518,c008,3(i). No transfer to another institution,NEGATIVE,1.1,westlaw,not_risky,0,0,none,not_risky,0.0,0.0,0,0,[],1
982FSupp2d518_2007_mta,982 F.Supp.2d 518,c009,3(ii). Commercial-use and research restrictions,NEGATIVE,1.1,westlaw,not_risky,0,0,none,not_risky,0.0,0.0,0,0,[],1
982FSupp2d518_2007_mta,982 F.Supp.2d 518,c010,4. Publication copy and acknowledgment,NEGATIVE,1.1,westlaw,not_risky,0,0,none,not_risky,0.0,0.0,0,0,[],1
982FSupp2d518_2007_mta,982 F.Supp.2d 518,c011,5. Ownership acknowledgment,NEGATIVE,1.1,westlaw,not_risky,0,0,none,not_risky,0.0,0.0,0,0,[],1
982FSupp2d518_2007_mta,982 F.Supp.2d 518,c012,5. Patent and commercialization notice,POSITIVE,1.1,westlaw,risky,1,0,1.1,risky_type1,1.0,0.0,1,0,"[{""issue"": ""Require Prior Written Consent Before Patent Filing. Section 5 currently only requires Recipient to \""contact\"" St. Jude regarding ownership interests before filing a patent application or commercializing a product. For stronger IP protection, Recipient should be required to obtain St. Jude's prior written consent before filing any patent application that includes the Materials or derivatives."", ""type"": 0, ""prob"": 1.0, ""kind"": ""Important"", ""party"": ""provider_st_jude""}, {""issue"": ""Weak IP Ownership Determination Mechanism. Section 5  only requires Recipient to \""contact St. Jude to determine ownership interests\"" if Recipient files a patent or commercializes a product derived from the Materials. This is merely a procedural obligation with no teeth — there is no requirement that the parties actually reach agreement, no dispute resolution mechanism, and no consequence for Recipient's failure to contact St. Jude. Consider strengthening to require Recipient to negotiate in good faith and not file any patent application without St. Jude's prior written consent."", ""type"": 0, ""prob"": 1.0, ""kind"": ""Notable"", ""party"": ""provider_st_jude""}, {""issue"": ""The phrase “could not have been produced but for the use of the Materials” left open whether it reached inventions that were only tangentially related to, or merely enabled by, the Materials."", ""type"": 1, ""prob"": 1.0, ""kind"": ""Important"", ""party"": ""recipient_june_upenn""}]",1
982FSupp2d518_2007_mta,982 F.Supp.2d 518,c013,5. Ownership standard,NEGATIVE,1.1,westlaw,not_risky,0,0,none,not_risky,0.0,0.0,0,0,[],1
982FSupp2d518_2007_mta,982 F.Supp.2d 518,c014,5. Prepublication review,NEGATIVE,1.1,westlaw,not_risky,0,0,none,risky_type1,1.0,0.0,1,0,"[{""issue"": ""Publication Review Period Lacks Patent Filing Extension. Section 5  provides St. Jude with a 30-day pre-publication review period to check for disclosure of proprietary information. However, it does not give St. Jude the right to delay publication for an additional period (typically 60–90 days) to file patent applications if the review reveals patentable subject matter. This is a standard MTA protection that St. Jude should include."", ""type"": 0, ""prob"": 1.0, ""kind"": ""Notable"", ""party"": ""provider_st_jude""}, {""issue"": ""No Right to Remove Proprietary Information from Publications. Section 5 allows St. Jude to \""review\"" proposed publications for proprietary information disclosure , but does not expressly give St. Jude the right to require Recipient to remove or redact any proprietary information identified during the review. The review right is meaningless without a corresponding obligation on Recipient to act on St. Jude's findings."", ""type"": 0, ""prob"": 1.0, ""kind"": ""Notable"", ""party"": ""provider_st_jude""}, {""issue"": ""The phrase permitting St. Jude to “review” a proposed publication for disclosure of proprietary information left open whether the review was limited to requiring removal of that information or could block publication entirely."", ""type"": 1, ""prob"": 1.0, ""kind"": ""Important"", ""party"": ""recipient_june_upenn""}]",1
982FSupp2d518_2007_mta,982 F.Supp.2d 518,c015,5. Experimental-material warranty disclaimer,NEGATIVE,1.1,westlaw,not_risky,0,0,none,risky_type1,1.0,0.0,1,0,"[{""issue"": ""The duplicate label “5” left open which of the ownership/IP provision and the warranties/disclaimer the survival reference to “Sections 5, 5 and 7” included."", ""type"": 1, ""prob"": 1.0, ""kind"": ""Important"", ""party"": ""provider_st_jude""}, {""issue"": ""No Warranty of Title or Right to Transfer Materials. Section 6  contains a comprehensive warranty disclaimer from St. Jude, including disclaiming warranties of merchantability, fitness, and non-infringement. Critically, St. Jude provides no warranty that it has the right or authority to transfer the Materials, or that the Materials are free of third-party encumbrances. Penn is being asked to use these materials in a GMP clinical trial setting — if St. Jude lacks rights to transfer, Penn could face significant liability. Penn should request that St. Jude at minimum represent that it has the right to provide the Materials under this MTA."", ""type"": 0, ""prob"": 1.0, ""kind"": ""Notable"", ""party"": ""recipient_june_upenn""}]",1
982FSupp2d518_2007_mta,982 F.Supp.2d 518,c016,5. Noninfringement disclaimer,NEGATIVE,1.1,westlaw,not_risky,0,0,none,not_risky,0.0,0.0,0,0,[],1
982FSupp2d518_2007_mta,982 F.Supp.2d 518,c017,5. Limitation of liability,NEGATIVE,1.1,westlaw,not_risky,0,0,none,not_risky,0.0,0.0,0,0,[],1
982FSupp2d518_2007_mta,982 F.Supp.2d 518,c018,7. Indemnification,NEGATIVE,1.1,westlaw,not_risky,0,0,none,risky_type1,1.0,0.0,2,0,"[{""issue"": ""The phrase “arising out of or related to Recipient’s acceptance, use and disposal of the Materials” left open whether it reached claims arising from Recipient’s negligence, willful misconduct, or breach of the MTA."", ""type"": 1, ""prob"": 1.0, ""kind"": ""Notable"", ""party"": ""provider_st_jude""}, {""issue"": ""The phrase “any and all claims, demands or legal causes of action of any nature whatsoever” arising from Recipient’s use of the Materials left open whether it reached claims arising from St. Jude’s negligence, willful misconduct, or IP infringement."", ""type"": 1, ""prob"": 1.0, ""kind"": ""Important"", ""party"": ""recipient_june_upenn""}]",1
982FSupp2d518_2007_mta,982 F.Supp.2d 518,c019,8. Liability insurance,NEGATIVE,1.1,westlaw,not_risky,0,0,none,risky_type1,1.0,0.0,2,0,"[{""issue"": ""The phrase “Three Million ($1,000,000) dollars aggregate” was open to reading the aggregate coverage as either $3,000,000 or $1,000,000."", ""type"": 1, ""prob"": 1.0, ""kind"": ""Important"", ""party"": ""provider_st_jude""}, {""issue"": ""Insurance Requirement Potentially Inadequate for Clinical Trial Use. Section 8  requires only $1 million per claim and $3 million aggregate liability insurance. Given that the Materials will be used in a Phase I clinical trial involving human subjects (ex vivo autologous cell modification), these amounts may be inadequate to cover potential personal injury or death claims. St. Jude should consider requiring higher minimums (e.g., $5 million per claim / $10 million aggregate) commensurate with clinical trial risk, and should also require that St. Jude be named as an additional insured."", ""type"": 0, ""prob"": 1.0, ""kind"": ""Notable"", ""party"": ""provider_st_jude""}, {""issue"": ""The phrase “Three Million ($1,000,000) dollars aggregate” was open to reading the aggregate coverage as either $3,000,000 or $1,000,000."", ""type"": 1, ""prob"": 1.0, ""kind"": ""Important"", ""party"": ""recipient_june_upenn""}]",1
982FSupp2d518_2007_mta,982 F.Supp.2d 518,c020,9. Certificate of insurance,NEGATIVE,1.1,westlaw,not_risky,0,0,none,not_risky,0.0,0.0,0,0,"[{""issue"": ""Unilateral Termination Right Favors St. Jude Only. Section 10  grants St. Jude the right to terminate upon breach by Penn, but Penn has no reciprocal termination right if St. Jude breaches. Penn should have at least a matching right to terminate for St. Jude's uncured breach, or a right to terminate for convenience with reasonable notice."", ""type"": 0, ""prob"": 1.0, ""kind"": ""Notable"", ""party"": ""recipient_june_upenn""}]",1
982FSupp2d518_2007_mta,982 F.Supp.2d 518,c021,10. Termination for breach,NEGATIVE,1.1,westlaw,not_risky,0,0,none,not_risky,0.0,0.0,0,0,"[{""issue"": ""Termination Only for Cause — No Convenience Right. Section 10  only permits St. Jude to terminate for Recipient's breach (with a 30-day cure period). St. Jude should reserve the right to terminate for convenience upon written notice, which is standard in MTAs. This would allow St. Jude to recall the Materials if circumstances change (e.g., new IP considerations, safety concerns, or change in institutional priorities)."", ""type"": 0, ""prob"": 1.0, ""kind"": ""Notable"", ""party"": ""provider_st_jude""}]",1
982FSupp2d518_2007_mta,982 F.Supp.2d 518,c022,10. Obligations upon termination,NEGATIVE,1.1,westlaw,not_risky,0,0,none,not_risky,0.0,0.0,0,0,"[{""issue"": ""No Obligation to Destroy Derivatives Upon Termination. Section 10  requires Recipient to \""cease use of the Materials and all progeny thereof, and return all Materials and progeny to St. Jude\"" upon termination. However, it does not address derivatives, modifications, or products made from the Materials. Recipient should also be required to destroy (and certify destruction of) any derivatives or products incorporating the Materials that cannot be returned."", ""type"": 0, ""prob"": 1.0, ""kind"": ""Notable"", ""party"": ""provider_st_jude""}]",1
982FSupp2d518_2007_mta,982 F.Supp.2d 518,c023,10. Survival,NEGATIVE,1.1,westlaw,not_risky,0,0,none,risky_type1,1.0,0.0,1,0,"[{""issue"": ""The word “expiration” in “termination or expiration of this MTA” left open when the MTA and its obligations ended because no expiration date or stated term was specified."", ""type"": 1, ""prob"": 1.0, ""kind"": ""Notable"", ""party"": ""recipient_june_upenn""}]",1
982FSupp2d518_2007_mta,982 F.Supp.2d 518,c024,Modification,NEGATIVE,1.1,westlaw,not_risky,0,0,none,not_risky,0.0,0.0,0,0,[],1
982FSupp2d518_2007_mta,982 F.Supp.2d 518,c025,No waiver,NEGATIVE,1.1,westlaw,not_risky,0,0,none,not_risky,0.0,0.0,0,0,[],1
982FSupp2d518_2007_mta,982 F.Supp.2d 518,c026,Severability,NEGATIVE,1.1,westlaw,not_risky,0,0,none,not_risky,0.0,0.0,0,0,"[{""issue"": ""No Governing Law or Dispute Resolution Provision. The MTA contains no governing law clause or dispute resolution mechanism. Given that St. Jude is located in Tennessee and Penn is in Pennsylvania, the absence of a governing law provision creates uncertainty about which state's law applies. Penn should seek to include a provision specifying governing law — ideally Pennsylvania law — and a dispute resolution mechanism."", ""type"": 0, ""prob"": 1.0, ""kind"": ""Minor"", ""party"": ""recipient_june_upenn""}]",1
982FSupp2d518_2007_mta,982 F.Supp.2d 518,c027,Execution instructions,NEGATIVE,1.1,westlaw,not_risky,0,0,none,not_risky,0.0,0.0,0,0,[],1
982FSupp2d518_2007_mta,982 F.Supp.2d 518,c028,Delivery following execution,NEGATIVE,1.1,westlaw,not_risky,0,0,none,not_risky,0.0,0.0,0,0,[],1
